  0
SECTION
  2
HEADER
  9
$ACADVER
  1
AC1027
  9
$ACADMAINTVER
 70
     8
  9
$DWGCODEPAGE
  3
ANSI_1252
  9
$REQUIREDVERSIONS
160
                 0
  9
$INSBASE
 10
0.0
 20
0.0
 30
0.0
  9
$EXTMIN
 10
1.000000000000000E+20
 20
1.000000000000000E+20
 30
1.000000000000000E+20
  9
$EXTMAX
 10
-1.000000000000000E+20
 20
-1.000000000000000E+20
 30
-1.000000000000000E+20
  9
$LIMMIN
 10
-16.56676646
 20
-5.429587819999999
  9
$LIMMAX
 10
107.77092492
 20
298.196762
  9
$ORTHOMODE
 70
     0
  9
$REGENMODE
 70
     1
  9
$FILLMODE
 70
     1
  9
$QTEXTMODE
 70
     0
  9
$MIRRTEXT
 70
     1
  9
$LTSCALE
 40
1.0
  9
$ATTMODE
 70
     1
  9
$TEXTSIZE
 40
2.5
  9
$TRACEWID
 40
1.0
  9
$TEXTSTYLE
  7
Standard
  9
$CLAYER
  8
0
  9
$CELTYPE
  6
ByLayer
  9
$CECOLOR
 62
   256
  9
$CELTSCALE
 40
1.0
  9
$DISPSILH
 70
     0
  9
$DIMSCALE
 40
1.0
  9
$DIMASZ
 40
2.5
  9
$DIMEXO
 40
0.625
  9
$DIMDLI
 40
3.75
  9
$DIMRND
 40
0.0
  9
$DIMDLE
 40
0.0
  9
$DIMEXE
 40
1.25
  9
$DIMTP
 40
0.0
  9
$DIMTM
 40
0.0
  9
$DIMTXT
 40
2.5
  9
$DIMCEN
 40
2.5
  9
$DIMTSZ
 40
0.0
  9
$DIMTOL
 70
     0
  9
$DIMLIM
 70
     0
  9
$DIMTIH
 70
     0
  9
$DIMTOH
 70
     0
  9
$DIMSE1
 70
     0
  9
$DIMSE2
 70
     0
  9
$DIMTAD
 70
     1
  9
$DIMZIN
 70
     8
  9
$DIMBLK
  1

  9
$DIMASO
 70
     1
  9
$DIMSHO
 70
     1
  9
$DIMPOST
  1

  9
$DIMAPOST
  1

  9
$DIMALT
 70
     0
  9
$DIMALTD
 70
     3
  9
$DIMALTF
 40
0.03937007874016
  9
$DIMLFAC
 40
1.0
  9
$DIMTOFL
 70
     1
  9
$DIMTVP
 40
0.0
  9
$DIMTIX
 70
     0
  9
$DIMSOXD
 70
     0
  9
$DIMSAH
 70
     0
  9
$DIMBLK1
  1

  9
$DIMBLK2
  1

  9
$DIMSTYLE
  2
ISO-25
  9
$DIMCLRD
 70
     0
  9
$DIMCLRE
 70
     0
  9
$DIMCLRT
 70
     0
  9
$DIMTFAC
 40
1.0
  9
$DIMGAP
 40
0.625
  9
$DIMJUST
 70
     0
  9
$DIMSD1
 70
     0
  9
$DIMSD2
 70
     0
  9
$DIMTOLJ
 70
     0
  9
$DIMTZIN
 70
     8
  9
$DIMALTZ
 70
     0
  9
$DIMALTTZ
 70
     0
  9
$DIMUPT
 70
     0
  9
$DIMDEC
 70
     2
  9
$DIMTDEC
 70
     2
  9
$DIMALTU
 70
     2
  9
$DIMALTTD
 70
     3
  9
$DIMTXSTY
  7
Standard
  9
$DIMAUNIT
 70
     0
  9
$DIMADEC
 70
     0
  9
$DIMALTRND
 40
0.0
  9
$DIMAZIN
 70
     0
  9
$DIMDSEP
 70
    44
  9
$DIMATFIT
 70
     3
  9
$DIMFRAC
 70
     0
  9
$DIMLDRBLK
  1

  9
$DIMLUNIT
 70
     2
  9
$DIMLWD
 70
    -2
  9
$DIMLWE
 70
    -2
  9
$DIMTMOVE
 70
     0
  9
$DIMFXL
 40
1.0
  9
$DIMFXLON
 70
     0
  9
$DIMJOGANG
 40
0.7853981633974483
  9
$DIMTFILL
 70
     0
  9
$DIMTFILLCLR
 70
     0
  9
$DIMARCSYM
 70
     0
  9
$DIMLTYPE
  6

  9
$DIMLTEX1
  6

  9
$DIMLTEX2
  6

  9
$DIMTXTDIRECTION
 70
     0
  9
$LUNITS
 70
     2
  9
$LUPREC
 70
     4
  9
$SKETCHINC
 40
1.0
  9
$FILLETRAD
 40
10.0
  9
$AUNITS
 70
     0
  9
$AUPREC
 70
     0
  9
$MENU
  1
.
  9
$ELEVATION
 40
0.0
  9
$PELEVATION
 40
0.0
  9
$THICKNESS
 40
0.0
  9
$LIMCHECK
 70
     0
  9
$CHAMFERA
 40
0.0
  9
$CHAMFERB
 40
0.0
  9
$CHAMFERC
 40
0.0
  9
$CHAMFERD
 40
0.0
  9
$SKPOLY
 70
     0
  9
$TDCREATE
 40
2460524.924773102
  9
$TDUCREATE
 40
2460525.091439769
  9
$TDUPDATE
 40
2460524.924778646
  9
$TDUUPDATE
 40
2460525.091445312
  9
$TDINDWG
 40
0.0000000116
  9
$TDUSRTIMER
 40
0.0000000116
  9
$USRTIMER
 70
     1
  9
$ANGBASE
 50
0.0
  9
$ANGDIR
 70
     0
  9
$PDMODE
 70
     0
  9
$PDSIZE
 40
0.0
  9
$PLINEWID
 40
0.0
  9
$SPLFRAME
 70
     0
  9
$SPLINETYPE
 70
     6
  9
$SPLINESEGS
 70
     8
  9
$HANDSEED
  5
420
  9
$SURFTAB1
 70
     6
  9
$SURFTAB2
 70
     6
  9
$SURFTYPE
 70
     6
  9
$SURFU
 70
     6
  9
$SURFV
 70
     6
  9
$UCSBASE
  2

  9
$UCSNAME
  2

  9
$UCSORG
 10
0.0
 20
0.0
 30
0.0
  9
$UCSXDIR
 10
1.0
 20
0.0
 30
0.0
  9
$UCSYDIR
 10
0.0
 20
1.0
 30
0.0
  9
$UCSORTHOREF
  2

  9
$UCSORTHOVIEW
 70
     0
  9
$UCSORGTOP
 10
0.0
 20
0.0
 30
0.0
  9
$UCSORGBOTTOM
 10
0.0
 20
0.0
 30
0.0
  9
$UCSORGLEFT
 10
0.0
 20
0.0
 30
0.0
  9
$UCSORGRIGHT
 10
0.0
 20
0.0
 30
0.0
  9
$UCSORGFRONT
 10
0.0
 20
0.0
 30
0.0
  9
$UCSORGBACK
 10
0.0
 20
0.0
 30
0.0
  9
$PUCSBASE
  2

  9
$PUCSNAME
  2

  9
$PUCSORG
 10
0.0
 20
0.0
 30
0.0
  9
$PUCSXDIR
 10
1.0
 20
0.0
 30
0.0
  9
$PUCSYDIR
 10
0.0
 20
1.0
 30
0.0
  9
$PUCSORTHOREF
  2

  9
$PUCSORTHOVIEW
 70
     0
  9
$PUCSORGTOP
 10
0.0
 20
0.0
 30
0.0
  9
$PUCSORGBOTTOM
 10
0.0
 20
0.0
 30
0.0
  9
$PUCSORGLEFT
 10
0.0
 20
0.0
 30
0.0
  9
$PUCSORGRIGHT
 10
0.0
 20
0.0
 30
0.0
  9
$PUCSORGFRONT
 10
0.0
 20
0.0
 30
0.0
  9
$PUCSORGBACK
 10
0.0
 20
0.0
 30
0.0
  9
$USERI1
 70
     0
  9
$USERI2
 70
     0
  9
$USERI3
 70
     0
  9
$USERI4
 70
     0
  9
$USERI5
 70
     0
  9
$USERR1
 40
0.0
  9
$USERR2
 40
0.0
  9
$USERR3
 40
0.0
  9
$USERR4
 40
0.0
  9
$USERR5
 40
0.0
  9
$WORLDVIEW
 70
     1
  9
$SHADEDGE
 70
     3
  9
$SHADEDIF
 70
    70
  9
$TILEMODE
 70
     1
  9
$MAXACTVP
 70
    64
  9
$PINSBASE
 10
0.0
 20
0.0
 30
0.0
  9
$PLIMCHECK
 70
     0
  9
$PEXTMIN
 10
1.000000000000000E+20
 20
1.000000000000000E+20
 30
1.000000000000000E+20
  9
$PEXTMAX
 10
-1.000000000000000E+20
 20
-1.000000000000000E+20
 30
-1.000000000000000E+20
  9
$PLIMMIN
 10
0.0
 20
0.0
  9
$PLIMMAX
 10
420.0
 20
297.0
  9
$UNITMODE
 70
     0
  9
$VISRETAIN
 70
     1
  9
$PLINEGEN
 70
     0
  9
$PSLTSCALE
 70
     1
  9
$TREEDEPTH
 70
  3020
  9
$CMLSTYLE
  2
Standard
  9
$CMLJUST
 70
     0
  9
$CMLSCALE
 40
20.0
  9
$PROXYGRAPHICS
 70
     1
  9
$MEASUREMENT
 70
     1
  9
$CELWEIGHT
370
    -1
  9
$ENDCAPS
280
     0
  9
$JOINSTYLE
280
     0
  9
$LWDISPLAY
290
     0
  9
$INSUNITS
 70
     4
  9
$HYPERLINKBASE
  1

  9
$STYLESHEET
  1

  9
$XEDIT
290
     1
  9
$CEPSNTYPE
380
     0
  9
$PSTYLEMODE
290
     1
  9
$FINGERPRINTGUID
  2
{56C5229D-298B-432A-9047-D02BA53CBCDA}
  9
$VERSIONGUID
  2
{FAEB1C32-E019-11D5-929B-00C0DF256EC4}
  9
$EXTNAMES
290
     1
  9
$PSVPSCALE
 40
0.0
  9
$OLESTARTUP
290
     0
  9
$SORTENTS
280
   127
  9
$INDEXCTL
280
     0
  9
$HIDETEXT
280
     1
  9
$XCLIPFRAME
280
     2
  9
$HALOGAP
280
     0
  9
$OBSCOLOR
 70
   257
  9
$OBSLTYPE
280
     0
  9
$INTERSECTIONDISPLAY
280
     0
  9
$INTERSECTIONCOLOR
 70
   257
  9
$DIMASSOC
280
     2
  9
$PROJECTNAME
  1

  9
$CAMERADISPLAY
290
     0
  9
$LENSLENGTH
 40
50.0
  9
$CAMERAHEIGHT
 40
0.0
  9
$STEPSPERSEC
 40
2.0
  9
$STEPSIZE
 40
6.0
  9
$3DDWFPREC
 40
2.0
  9
$PSOLWIDTH
 40
5.0
  9
$PSOLHEIGHT
 40
80.0
  9
$LOFTANG1
 40
1.570796326794897
  9
$LOFTANG2
 40
1.570796326794897
  9
$LOFTMAG1
 40
0.0
  9
$LOFTMAG2
 40
0.0
  9
$LOFTPARAM
 70
     7
  9
$LOFTNORMALS
280
     1
  9
$LATITUDE
 40
37.795
  9
$LONGITUDE
 40
-122.394
  9
$NORTHDIRECTION
 40
0.0
  9
$TIMEZONE
 70
 -8000
  9
$LIGHTGLYPHDISPLAY
280
     1
  9
$TILEMODELIGHTSYNCH
280
     1
  9
$CMATERIAL
347
44
  9
$SOLIDHIST
280
     0
  9
$SHOWHIST
280
     1
  9
$DWFFRAME
280
     2
  9
$DGNFRAME
280
     2
  9
$REALWORLDSCALE
290
     1
  9
$INTERFERECOLOR
 62
   256
  9
$CSHADOW
280
     0
  9
$SHADOWPLANELOCATION
 40
0.0
  0
ENDSEC
  0
SECTION
  2
CLASSES
  0
CLASS
  1
ACDBDICTIONARYWDFLT
  2
AcDbDictionaryWithDefault
  3
ObjectDBX Classes
 90
        0
 91
        4
280
     0
281
     0
  0
CLASS
  1
VISUALSTYLE
  2
AcDbVisualStyle
  3
ObjectDBX Classes
 90
     4095
 91
        4
280
     0
281
     0
  0
CLASS
  1
MATERIAL
  2
AcDbMaterial
  3
ObjectDBX Classes
 90
     1153
 91
        4
280
     0
281
     0
  0
CLASS
  1
SCALE
  2
AcDbScale
  3
ObjectDBX Classes
 90
     1153
 91
        4
280
     0
281
     0
  0
CLASS
  1
TABLESTYLE
  2
AcDbTableStyle
  3
ObjectDBX Classes
 90
     4095
 91
        4
280
     0
281
     0
  0
CLASS
  1
MLEADERSTYLE
  2
AcDbMLeaderStyle
  3
ACDB_MLEADERSTYLE_CLASS
 90
     4095
 91
        4
280
     0
281
     0
  0
CLASS
  1
SUN
  2
AcDbSun
  3
SCENEOE
 90
     1153
 91
        4
280
     0
281
     0
  0
CLASS
  1
DICTIONARYVAR
  2
AcDbDictionaryVar
  3
ObjectDBX Classes
 90
        0
 91
        4
280
     0
281
     0
  0
CLASS
  1
CELLSTYLEMAP
  2
AcDbCellStyleMap
  3
ObjectDBX Classes
 90
     1152
 91
        4
280
     0
281
     0
  0
ENDSEC
  0
SECTION
  2
TABLES
  0
TABLE
  2
VPORT
  5
8
330
0
100
AcDbSymbolTable
 70
     1
  0
VPORT
  5
29
330
8
100
AcDbSymbolTableRecord
100
AcDbViewportTableRecord
  2
*Active
 70
     0
 10
0.0
 20
0.0
 11
1.0
 21
1.0
 12
344.1869158878504
 22
148.5
 13
0.0
 23
0.0
 14
10.0
 24
10.0
 15
10.0
 25
10.0
 16
0.0
 26
0.0
 36
1.0
 17
0.0
 27
0.0
 37
0.0
 40
297.0
 41
1.972972972850329
 42
50.0
 43
0.0
 44
0.0
 50
0.0
 51
0.0
 71
     0
 72
   100
 73
     1
 74
     3
 75
     0
 76
     0
 77
     0
 78
     0
281
     0
 65
     1
110
0.0
120
0.0
130
0.0
111
1.0
121
0.0
131
0.0
112
0.0
122
1.0
132
0.0
 79
     0
146
0.0
 60
     3
 61
     5
292
     1
282
     1
141
0.0
142
0.0
 63
   250
361
6D
  0
ENDTAB
  0
TABLE
  2
LTYPE
  5
5
330
0
100
AcDbSymbolTable
 70
     1
  0
LTYPE
  5
14
330
5
100
AcDbSymbolTableRecord
100
AcDbLinetypeTableRecord
  2
ByBlock
 70
     0
  3

 72
    65
 73
     0
 40
0.0
  0
LTYPE
  5
15
330
5
100
AcDbSymbolTableRecord
100
AcDbLinetypeTableRecord
  2
ByLayer
 70
     0
  3

 72
    65
 73
     0
 40
0.0
  0
LTYPE
  5
16
330
5
100
AcDbSymbolTableRecord
100
AcDbLinetypeTableRecord
  2
Continuous
 70
     0
  3
Solid line
 72
    65
 73
     0
 40
0.0
  0
ENDTAB
  0
TABLE
  2
LAYER
  5
2
330
0
100
AcDbSymbolTable
 70
     5
  0
LAYER
  5
10
330
2
100
AcDbSymbolTableRecord
100
AcDbLayerTableRecord
  2
0
 70
     0
 62
     7
  6
Continuous
370
    -3
390
F
347
46
348
0
  0
LAYER
  5
6E
330
2
100
AcDbSymbolTableRecord
100
AcDbLayerTableRecord
  2
Mechanical7
 70
     0
 62
    56
  6
Continuous
370
    -3
390
F
347
46
348
0
  0
LAYER
  5
6F
330
2
100
AcDbSymbolTableRecord
100
AcDbLayerTableRecord
  2
MultiLayer
 70
     0
 62
     9
  6
Continuous
370
    -3
390
F
347
46
348
0
  0
LAYER
  5
70
330
2
100
AcDbSymbolTableRecord
100
AcDbLayerTableRecord
  2
PadHoleLayer
 70
     0
 62
   156
  6
Continuous
370
    -3
390
F
347
46
348
0
  0
LAYER
  5
71
330
2
100
AcDbSymbolTableRecord
100
AcDbLayerTableRecord
  2
ViaHoleLayer
 70
     0
 62
    16
  6
Continuous
370
    -3
390
F
347
46
348
0
  0
ENDTAB
  0
TABLE
  2
STYLE
  5
3
330
0
100
AcDbSymbolTable
 70
     1
  0
STYLE
  5
11
330
3
100
AcDbSymbolTableRecord
100
AcDbTextStyleTableRecord
  2
Standard
 70
     0
 40
0.0
 41
1.0
 50
0.0
 71
     0
 42
2.5
  3
txt
  4

  0
ENDTAB
  0
TABLE
  2
VIEW
  5
6
330
0
100
AcDbSymbolTable
 70
     0
  0
ENDTAB
  0
TABLE
  2
UCS
  5
7
330
0
100
AcDbSymbolTable
 70
     0
  0
ENDTAB
  0
TABLE
  2
APPID
  5
9
330
0
100
AcDbSymbolTable
 70
     1
  0
APPID
  5
12
330
9
100
AcDbSymbolTableRecord
100
AcDbRegAppTableRecord
  2
ACAD
 70
     0
  0
ENDTAB
  0
TABLE
  2
DIMSTYLE
  5
A
330
0
100
AcDbSymbolTable
 70
     1
100
AcDbDimStyleTable
  0
DIMSTYLE
105
27
330
A
100
AcDbSymbolTableRecord
100
AcDbDimStyleTableRecord
  2
ISO-25
 70
     0
 41
2.5
 42
0.625
 43
3.75
 44
1.25
 73
     0
 74
     0
 77
     1
 78
     8
140
2.5
141
2.5
143
0.03937007874016
147
0.625
171
     3
172
     1
178
     0
271
     2
272
     2
274
     3
278
    44
283
     0
284
     8
340
11
  0
ENDTAB
  0
TABLE
  2
BLOCK_RECORD
  5
1
330
0
100
AcDbSymbolTable
 70
    77
  0
BLOCK_RECORD
  5
1F
330
1
100
AcDbSymbolTableRecord
100
AcDbBlockTableRecord
  2
*Model_Space
340
22
 70
     0
280
     1
281
     0
  0
BLOCK_RECORD
  5
1B
330
1
100
AcDbSymbolTableRecord
100
AcDbBlockTableRecord
  2
*Paper_Space
340
1E
 70
     0
280
     1
281
     0
  0
BLOCK_RECORD
  5
23
330
1
100
AcDbSymbolTableRecord
100
AcDbBlockTableRecord
  2
*Paper_Space0
340
26
 70
     0
280
     1
281
     0
  0
BLOCK_RECORD
  5
218
330
1
100
AcDbSymbolTableRecord
100
AcDbBlockTableRecord
  2
M3_MT_HOLE_1
340
0
102
{BLKREFS
331
221
102
}
 70
     0
280
     1
281
     0
  0
BLOCK_RECORD
  5
222
330
1
100
AcDbSymbolTableRecord
100
AcDbBlockTableRecord
  2
M3_MT_HOLE_2
340
0
102
{BLKREFS
331
22B
102
}
 70
     0
280
     1
281
     0
  0
BLOCK_RECORD
  5
22C
330
1
100
AcDbSymbolTableRecord
100
AcDbBlockTableRecord
  2
M3_MT_HOLE_3
340
0
102
{BLKREFS
331
235
102
}
 70
     0
280
     1
281
     0
  0
BLOCK_RECORD
  5
236
330
1
100
AcDbSymbolTableRecord
100
AcDbBlockTableRecord
  2
M3_MT_HOLE_4
340
0
102
{BLKREFS
331
23F
102
}
 70
     0
280
     1
281
     0
  0
BLOCK_RECORD
  5
240
330
1
100
AcDbSymbolTableRecord
100
AcDbBlockTableRecord
  2
TP2020_5
340
0
102
{BLKREFS
331
243
102
}
 70
     0
280
     1
281
     0
  0
BLOCK_RECORD
  5
244
330
1
100
AcDbSymbolTableRecord
100
AcDbBlockTableRecord
  2
RES_0603_1608_6
340
0
102
{BLKREFS
331
247
102
}
 70
     0
280
     1
281
     0
  0
BLOCK_RECORD
  5
248
330
1
100
AcDbSymbolTableRecord
100
AcDbBlockTableRecord
  2
RES_0603_1608_7
340
0
102
{BLKREFS
331
24B
102
}
 70
     0
280
     1
281
     0
  0
BLOCK_RECORD
  5
24C
330
1
100
AcDbSymbolTableRecord
100
AcDbBlockTableRecord
  2
RES_0603_1608_8
340
0
102
{BLKREFS
331
24F
102
}
 70
     0
280
     1
281
     0
  0
BLOCK_RECORD
  5
250
330
1
100
AcDbSymbolTableRecord
100
AcDbBlockTableRecord
  2
RES_0603_1608_9
340
0
102
{BLKREFS
331
253
102
}
 70
     0
280
     1
281
     0
  0
BLOCK_RECORD
  5
254
330
1
100
AcDbSymbolTableRecord
100
AcDbBlockTableRecord
  2
RES_0603_1608_10
340
0
102
{BLKREFS
331
257
102
}
 70
     0
280
     1
281
     0
  0
BLOCK_RECORD
  5
258
330
1
100
AcDbSymbolTableRecord
100
AcDbBlockTableRecord
  2
TP2020_11
340
0
102
{BLKREFS
331
25B
102
}
 70
     0
280
     1
281
     0
  0
BLOCK_RECORD
  5
25C
330
1
100
AcDbSymbolTableRecord
100
AcDbBlockTableRecord
  2
TP2020_12
340
0
102
{BLKREFS
331
25F
102
}
 70
     0
280
     1
281
     0
  0
BLOCK_RECORD
  5
260
330
1
100
AcDbSymbolTableRecord
100
AcDbBlockTableRecord
  2
TP2020_13
340
0
102
{BLKREFS
331
263
102
}
 70
     0
280
     1
281
     0
  0
BLOCK_RECORD
  5
264
330
1
100
AcDbSymbolTableRecord
100
AcDbBlockTableRecord
  2
WS2812B4020_14
340
0
102
{BLKREFS
331
267
102
}
 70
     0
280
     1
281
     0
  0
BLOCK_RECORD
  5
268
330
1
100
AcDbSymbolTableRecord
100
AcDbBlockTableRecord
  2
WS2812B4020_15
340
0
102
{BLKREFS
331
26B
102
}
 70
     0
280
     1
281
     0
  0
BLOCK_RECORD
  5
26C
330
1
100
AcDbSymbolTableRecord
100
AcDbBlockTableRecord
  2
TP2020_16
340
0
102
{BLKREFS
331
26F
102
}
 70
     0
280
     1
281
     0
  0
BLOCK_RECORD
  5
270
330
1
100
AcDbSymbolTableRecord
100
AcDbBlockTableRecord
  2
WS2812B4020_17
340
0
102
{BLKREFS
331
273
102
}
 70
     0
280
     1
281
     0
  0
BLOCK_RECORD
  5
274
330
1
100
AcDbSymbolTableRecord
100
AcDbBlockTableRecord
  2
WS2812B4020_18
340
0
102
{BLKREFS
331
277
102
}
 70
     0
280
     1
281
     0
  0
BLOCK_RECORD
  5
278
330
1
100
AcDbSymbolTableRecord
100
AcDbBlockTableRecord
  2
WS2812B4020_19
340
0
102
{BLKREFS
331
27B
102
}
 70
     0
280
     1
281
     0
  0
BLOCK_RECORD
  5
27C
330
1
100
AcDbSymbolTableRecord
100
AcDbBlockTableRecord
  2
WS2812B4020_20
340
0
102
{BLKREFS
331
27F
102
}
 70
     0
280
     1
281
     0
  0
BLOCK_RECORD
  5
280
330
1
100
AcDbSymbolTableRecord
100
AcDbBlockTableRecord
  2
WS2812B4020_21
340
0
102
{BLKREFS
331
283
102
}
 70
     0
280
     1
281
     0
  0
BLOCK_RECORD
  5
284
330
1
100
AcDbSymbolTableRecord
100
AcDbBlockTableRecord
  2
WS2812B4020_22
340
0
102
{BLKREFS
331
287
102
}
 70
     0
280
     1
281
     0
  0
BLOCK_RECORD
  5
288
330
1
100
AcDbSymbolTableRecord
100
AcDbBlockTableRecord
  2
WS2812B4020_23
340
0
102
{BLKREFS
331
28B
102
}
 70
     0
280
     1
281
     0
  0
BLOCK_RECORD
  5
28C
330
1
100
AcDbSymbolTableRecord
100
AcDbBlockTableRecord
  2
WS2812B4020_24
340
0
102
{BLKREFS
331
28F
102
}
 70
     0
280
     1
281
     0
  0
BLOCK_RECORD
  5
290
330
1
100
AcDbSymbolTableRecord
100
AcDbBlockTableRecord
  2
WS2812B4020_25
340
0
102
{BLKREFS
331
293
102
}
 70
     0
280
     1
281
     0
  0
BLOCK_RECORD
  5
294
330
1
100
AcDbSymbolTableRecord
100
AcDbBlockTableRecord
  2
WS2812B4020_26
340
0
102
{BLKREFS
331
297
102
}
 70
     0
280
     1
281
     0
  0
BLOCK_RECORD
  5
298
330
1
100
AcDbSymbolTableRecord
100
AcDbBlockTableRecord
  2
WS2812B4020_27
340
0
102
{BLKREFS
331
29B
102
}
 70
     0
280
     1
281
     0
  0
BLOCK_RECORD
  5
29C
330
1
100
AcDbSymbolTableRecord
100
AcDbBlockTableRecord
  2
WS2812B4020_28
340
0
102
{BLKREFS
331
29F
102
}
 70
     0
280
     1
281
     0
  0
BLOCK_RECORD
  5
2A0
330
1
100
AcDbSymbolTableRecord
100
AcDbBlockTableRecord
  2
WS2812B4020_29
340
0
102
{BLKREFS
331
2A3
102
}
 70
     0
280
     1
281
     0
  0
BLOCK_RECORD
  5
2A4
330
1
100
AcDbSymbolTableRecord
100
AcDbBlockTableRecord
  2
WS2812B4020_30
340
0
102
{BLKREFS
331
2A7
102
}
 70
     0
280
     1
281
     0
  0
BLOCK_RECORD
  5
2A8
330
1
100
AcDbSymbolTableRecord
100
AcDbBlockTableRecord
  2
AMPHENOL_GSB1C41110SSHR_31
340
0
102
{BLKREFS
331
2B7
102
}
 70
     0
280
     1
281
     0
  0
BLOCK_RECORD
  5
2B8
330
1
100
AcDbSymbolTableRecord
100
AcDbBlockTableRecord
  2
PAW3515DB_32
340
0
102
{BLKREFS
331
2F4
102
}
 70
     0
280
     1
281
     0
  0
BLOCK_RECORD
  5
2F5
330
1
100
AcDbSymbolTableRecord
100
AcDbBlockTableRecord
  2
2____________33
340
0
102
{BLKREFS
331
2FE
102
}
 70
     0
280
     1
281
     0
  0
BLOCK_RECORD
  5
2FF
330
1
100
AcDbSymbolTableRecord
100
AcDbBlockTableRecord
  2
TP2020_34
340
0
102
{BLKREFS
331
302
102
}
 70
     0
280
     1
281
     0
  0
BLOCK_RECORD
  5
303
330
1
100
AcDbSymbolTableRecord
100
AcDbBlockTableRecord
  2
TP2020_35
340
0
102
{BLKREFS
331
306
102
}
 70
     0
280
     1
281
     0
  0
BLOCK_RECORD
  5
307
330
1
100
AcDbSymbolTableRecord
100
AcDbBlockTableRecord
  2
DMN2230UQ_DIO_M_36
340
0
102
{BLKREFS
331
30A
102
}
 70
     0
280
     1
281
     0
  0
BLOCK_RECORD
  5
30B
330
1
100
AcDbSymbolTableRecord
100
AcDbBlockTableRecord
  2
LQFP48_37
340
0
102
{BLKREFS
331
30E
102
}
 70
     0
280
     1
281
     0
  0
BLOCK_RECORD
  5
30F
330
1
100
AcDbSymbolTableRecord
100
AcDbBlockTableRecord
  2
K____B___38
340
0
102
{BLKREFS
331
31E
102
}
 70
     0
280
     1
281
     0
  0
BLOCK_RECORD
  5
31F
330
1
100
AcDbSymbolTableRecord
100
AcDbBlockTableRecord
  2
K____B___39
340
0
102
{BLKREFS
331
32E
102
}
 70
     0
280
     1
281
     0
  0
BLOCK_RECORD
  5
32F
330
1
100
AcDbSymbolTableRecord
100
AcDbBlockTableRecord
  2
3_4__BTN_40
340
0
102
{BLKREFS
331
332
102
}
 70
     0
280
     1
281
     0
  0
BLOCK_RECORD
  5
333
330
1
100
AcDbSymbolTableRecord
100
AcDbBlockTableRecord
  2
K____B___41
340
0
102
{BLKREFS
331
342
102
}
 70
     0
280
     1
281
     0
  0
BLOCK_RECORD
  5
343
330
1
100
AcDbSymbolTableRecord
100
AcDbBlockTableRecord
  2
3_4__BTN_42
340
0
102
{BLKREFS
331
346
102
}
 70
     0
280
     1
281
     0
  0
BLOCK_RECORD
  5
347
330
1
100
AcDbSymbolTableRecord
100
AcDbBlockTableRecord
  2
TP2020_43
340
0
102
{BLKREFS
331
34A
102
}
 70
     0
280
     1
281
     0
  0
BLOCK_RECORD
  5
34B
330
1
100
AcDbSymbolTableRecord
100
AcDbBlockTableRecord
  2
TP2020_44
340
0
102
{BLKREFS
331
34E
102
}
 70
     0
280
     1
281
     0
  0
BLOCK_RECORD
  5
34F
330
1
100
AcDbSymbolTableRecord
100
AcDbBlockTableRecord
  2
TP2020_45
340
0
102
{BLKREFS
331
352
102
}
 70
     0
280
     1
281
     0
  0
BLOCK_RECORD
  5
353
330
1
100
AcDbSymbolTableRecord
100
AcDbBlockTableRecord
  2
TP2020_46
340
0
102
{BLKREFS
331
356
102
}
 70
     0
280
     1
281
     0
  0
BLOCK_RECORD
  5
357
330
1
100
AcDbSymbolTableRecord
100
AcDbBlockTableRecord
  2
TP2020_47
340
0
102
{BLKREFS
331
35A
102
}
 70
     0
280
     1
281
     0
  0
BLOCK_RECORD
  5
35B
330
1
100
AcDbSymbolTableRecord
100
AcDbBlockTableRecord
  2
TP2020_48
340
0
102
{BLKREFS
331
35E
102
}
 70
     0
280
     1
281
     0
  0
BLOCK_RECORD
  5
35F
330
1
100
AcDbSymbolTableRecord
100
AcDbBlockTableRecord
  2
TP2020_49
340
0
102
{BLKREFS
331
362
102
}
 70
     0
280
     1
281
     0
  0
BLOCK_RECORD
  5
363
330
1
100
AcDbSymbolTableRecord
100
AcDbBlockTableRecord
  2
RES_0603_1608_50
340
0
102
{BLKREFS
331
366
102
}
 70
     0
280
     1
281
     0
  0
BLOCK_RECORD
  5
367
330
1
100
AcDbSymbolTableRecord
100
AcDbBlockTableRecord
  2
RES_0603_1608_51
340
0
102
{BLKREFS
331
36A
102
}
 70
     0
280
     1
281
     0
  0
BLOCK_RECORD
  5
36B
330
1
100
AcDbSymbolTableRecord
100
AcDbBlockTableRecord
  2
RES_0603_1608_52
340
0
102
{BLKREFS
331
36E
102
}
 70
     0
280
     1
281
     0
  0
BLOCK_RECORD
  5
36F
330
1
100
AcDbSymbolTableRecord
100
AcDbBlockTableRecord
  2
RES_0603_1608_53
340
0
102
{BLKREFS
331
372
102
}
 70
     0
280
     1
281
     0
  0
BLOCK_RECORD
  5
373
330
1
100
AcDbSymbolTableRecord
100
AcDbBlockTableRecord
  2
RES_0603_1608_54
340
0
102
{BLKREFS
331
376
102
}
 70
     0
280
     1
281
     0
  0
BLOCK_RECORD
  5
377
330
1
100
AcDbSymbolTableRecord
100
AcDbBlockTableRecord
  2
RES_0603_1608_55
340
0
102
{BLKREFS
331
37A
102
}
 70
     0
280
     1
281
     0
  0
BLOCK_RECORD
  5
37B
330
1
100
AcDbSymbolTableRecord
100
AcDbBlockTableRecord
  2
RES_0603_1608_56
340
0
102
{BLKREFS
331
37E
102
}
 70
     0
280
     1
281
     0
  0
BLOCK_RECORD
  5
37F
330
1
100
AcDbSymbolTableRecord
100
AcDbBlockTableRecord
  2
RES_0603_1608_57
340
0
102
{BLKREFS
331
382
102
}
 70
     0
280
     1
281
     0
  0
BLOCK_RECORD
  5
383
330
1
100
AcDbSymbolTableRecord
100
AcDbBlockTableRecord
  2
RES_0603_1608_58
340
0
102
{BLKREFS
331
386
102
}
 70
     0
280
     1
281
     0
  0
BLOCK_RECORD
  5
387
330
1
100
AcDbSymbolTableRecord
100
AcDbBlockTableRecord
  2
RES_0603_1608_59
340
0
102
{BLKREFS
331
38A
102
}
 70
     0
280
     1
281
     0
  0
BLOCK_RECORD
  5
38B
330
1
100
AcDbSymbolTableRecord
100
AcDbBlockTableRecord
  2
5034800500_60
340
0
102
{BLKREFS
331
38E
102
}
 70
     0
280
     1
281
     0
  0
BLOCK_RECORD
  5
38F
330
1
100
AcDbSymbolTableRecord
100
AcDbBlockTableRecord
  2
4____________61
340
0
102
{BLKREFS
331
39E
102
}
 70
     0
280
     1
281
     0
  0
BLOCK_RECORD
  5
39F
330
1
100
AcDbSymbolTableRecord
100
AcDbBlockTableRecord
  2
4____________62
340
0
102
{BLKREFS
331
3AE
102
}
 70
     0
280
     1
281
     0
  0
BLOCK_RECORD
  5
3AF
330
1
100
AcDbSymbolTableRecord
100
AcDbBlockTableRecord
  2
TTC_ENCODER_63
340
0
102
{BLKREFS
331
3E2
102
}
 70
     0
280
     1
281
     0
  0
BLOCK_RECORD
  5
3E3
330
1
100
AcDbSymbolTableRecord
100
AcDbBlockTableRecord
  2
MOUSE_LED_B_64
340
0
102
{BLKREFS
331
3E6
102
}
 70
     0
280
     1
281
     0
  0
BLOCK_RECORD
  5
3E7
330
1
100
AcDbSymbolTableRecord
100
AcDbBlockTableRecord
  2
DIO_TPD4E02B04DQAR_B_65
340
0
102
{BLKREFS
331
3EA
102
}
 70
     0
280
     1
281
     0
  0
BLOCK_RECORD
  5
3EB
330
1
100
AcDbSymbolTableRecord
100
AcDbBlockTableRecord
  2
CAP_0603_1608_66
340
0
102
{BLKREFS
331
3EE
102
}
 70
     0
280
     1
281
     0
  0
BLOCK_RECORD
  5
3EF
330
1
100
AcDbSymbolTableRecord
100
AcDbBlockTableRecord
  2
CAP_0603_1608_67
340
0
102
{BLKREFS
331
3F2
102
}
 70
     0
280
     1
281
     0
  0
BLOCK_RECORD
  5
3F3
330
1
100
AcDbSymbolTableRecord
100
AcDbBlockTableRecord
  2
CAP_0603_1608_68
340
0
102
{BLKREFS
331
3F6
102
}
 70
     0
280
     1
281
     0
  0
BLOCK_RECORD
  5
3F7
330
1
100
AcDbSymbolTableRecord
100
AcDbBlockTableRecord
  2
CAP_0603_1608_69
340
0
102
{BLKREFS
331
3FA
102
}
 70
     0
280
     1
281
     0
  0
BLOCK_RECORD
  5
3FB
330
1
100
AcDbSymbolTableRecord
100
AcDbBlockTableRecord
  2
CAP_0603_1608_70
340
0
102
{BLKREFS
331
3FE
102
}
 70
     0
280
     1
281
     0
  0
BLOCK_RECORD
  5
3FF
330
1
100
AcDbSymbolTableRecord
100
AcDbBlockTableRecord
  2
CAP_0603_1608_71
340
0
102
{BLKREFS
331
402
102
}
 70
     0
280
     1
281
     0
  0
BLOCK_RECORD
  5
403
330
1
100
AcDbSymbolTableRecord
100
AcDbBlockTableRecord
  2
CAP_0603_1608_72
340
0
102
{BLKREFS
331
406
102
}
 70
     0
280
     1
281
     0
  0
BLOCK_RECORD
  5
407
330
1
100
AcDbSymbolTableRecord
100
AcDbBlockTableRecord
  2
CAP_0603_1608_73
340
0
102
{BLKREFS
331
40A
102
}
 70
     0
280
     1
281
     0
  0
BLOCK_RECORD
  5
40B
330
1
100
AcDbSymbolTableRecord
100
AcDbBlockTableRecord
  2
CAP_0603_1608_74
340
0
102
{BLKREFS
331
40E
102
}
 70
     0
280
     1
281
     0
  0
BLOCK_RECORD
  5
40F
330
1
100
AcDbSymbolTableRecord
100
AcDbBlockTableRecord
  2
CAP_0603_1608_75
340
0
102
{BLKREFS
331
412
102
}
 70
     0
280
     1
281
     0
  0
BLOCK_RECORD
  5
413
330
1
100
AcDbSymbolTableRecord
100
AcDbBlockTableRecord
  2
SOT89_3_76
340
0
102
{BLKREFS
331
416
102
}
 70
     0
280
     1
281
     0
  0
ENDTAB
  0
ENDSEC
  0
SECTION
  2
BLOCKS
  0
BLOCK
  5
20
330
1F
100
AcDbEntity
  8
0
100
AcDbBlockBegin
  2
*Model_Space
 70
     0
 10
0.0
 20
0.0
 30
0.0
  3
*Model_Space
  1

  0
ENDBLK
  5
21
330
1F
100
AcDbEntity
  8
0
100
AcDbBlockEnd
  0
BLOCK
  5
1C
330
1B
100
AcDbEntity
 67
     1
  8
0
100
AcDbBlockBegin
  2
*Paper_Space
 70
     0
 10
0.0
 20
0.0
 30
0.0
  3
*Paper_Space
  1

  0
ENDBLK
  5
1D
330
1B
100
AcDbEntity
 67
     1
  8
0
100
AcDbBlockEnd
  0
BLOCK
  5
24
330
23
100
AcDbEntity
  8
0
100
AcDbBlockBegin
  2
*Paper_Space0
 70
     0
 10
0.0
 20
0.0
 30
0.0
  3
*Paper_Space0
  1

  0
ENDBLK
  5
25
330
23
100
AcDbEntity
  8
0
100
AcDbBlockEnd
  0
BLOCK
  5
219
330
218
100
AcDbEntity
  8
0
100
AcDbBlockBegin
  2
M3_MT_HOLE_1
 70
     0
 10
0.0
 20
0.0
 30
0.0
  3
M3_MT_HOLE_1
  1

  0
REGION
  5
21C
102
{ACAD_REACTORS
330
21D
102
}
330
218
100
AcDbEntity
  8
MultiLayer
 62
     9
100
AcDbModelerGeometry
290
     0
  2
{00000000-0000-0000-0000-000000000000}
  0
HATCH
  5
21D
330
218
100
AcDbEntity
  8
MultiLayer
 62
     9
100
AcDbHatch
 10
0.0
 20
0.0
 30
0.0
210
0.0
220
0.0
230
1.0
  2
SOLID
 70
     1
 71
     1
 91
        1
 92
        1
 93
        1
 72
     2
 10
0.06100064
 20
-0.04100068
 40
2.50000008
 50
0.0
 51
360.0
 73
     1
 97
        1
330
21C
 75
     0
 76
     1
 98
        0
  0
REGION
  5
21F
102
{ACAD_REACTORS
330
220
102
}
330
218
100
AcDbEntity
  8
PadHoleLayer
 62
   156
100
AcDbModelerGeometry
290
     0
  2
{00000000-0000-0000-0000-000000000000}
  0
HATCH
  5
220
330
218
100
AcDbEntity
  8
PadHoleLayer
 62
   156
100
AcDbHatch
 10
0.0
 20
0.0
 30
0.0
210
0.0
220
0.0
230
1.0
  2
SOLID
 70
     1
 71
     1
 91
        1
 92
        1
 93
        1
 72
     2
 10
0.06100064
 20
-0.04100068
 40
1.74999904
 50
0.0
 51
360.0
 73
     1
 97
        1
330
21F
 75
     0
 76
     1
 98
        0
  0
ENDBLK
  5
21A
330
218
100
AcDbEntity
  8
0
100
AcDbBlockEnd
  0
BLOCK
  5
223
330
222
100
AcDbEntity
  8
0
100
AcDbBlockBegin
  2
M3_MT_HOLE_2
 70
     0
 10
0.0
 20
0.0
 30
0.0
  3
M3_MT_HOLE_2
  1

  0
REGION
  5
226
102
{ACAD_REACTORS
330
227
102
}
330
222
100
AcDbEntity
  8
MultiLayer
 62
     9
100
AcDbModelerGeometry
290
     0
  2
{00000000-0000-0000-0000-000000000000}
  0
HATCH
  5
227
330
222
100
AcDbEntity
  8
MultiLayer
 62
     9
100
AcDbHatch
 10
0.0
 20
0.0
 30
0.0
210
0.0
220
0.0
230
1.0
  2
SOLID
 70
     1
 71
     1
 91
        1
 92
        1
 93
        1
 72
     2
 10
0.0
 20
0.0
 40
2.50000008
 50
0.0
 51
360.0
 73
     1
 97
        1
330
226
 75
     0
 76
     1
 98
        0
  0
REGION
  5
229
102
{ACAD_REACTORS
330
22A
102
}
330
222
100
AcDbEntity
  8
PadHoleLayer
 62
   156
100
AcDbModelerGeometry
290
     0
  2
{00000000-0000-0000-0000-000000000000}
  0
HATCH
  5
22A
330
222
100
AcDbEntity
  8
PadHoleLayer
 62
   156
100
AcDbHatch
 10
0.0
 20
0.0
 30
0.0
210
0.0
220
0.0
230
1.0
  2
SOLID
 70
     1
 71
     1
 91
        1
 92
        1
 93
        1
 72
     2
 10
0.0
 20
0.0
 40
1.74999904
 50
0.0
 51
360.0
 73
     1
 97
        1
330
229
 75
     0
 76
     1
 98
        0
  0
ENDBLK
  5
224
330
222
100
AcDbEntity
  8
0
100
AcDbBlockEnd
  0
BLOCK
  5
22D
330
22C
100
AcDbEntity
  8
0
100
AcDbBlockBegin
  2
M3_MT_HOLE_3
 70
     0
 10
0.0
 20
0.0
 30
0.0
  3
M3_MT_HOLE_3
  1

  0
REGION
  5
230
102
{ACAD_REACTORS
330
231
102
}
330
22C
100
AcDbEntity
  8
MultiLayer
 62
     9
100
AcDbModelerGeometry
290
     0
  2
{00000000-0000-0000-0000-000000000000}
  0
HATCH
  5
231
330
22C
100
AcDbEntity
  8
MultiLayer
 62
     9
100
AcDbHatch
 10
0.0
 20
0.0
 30
0.0
210
0.0
220
0.0
230
1.0
  2
SOLID
 70
     1
 71
     1
 91
        1
 92
        1
 93
        1
 72
     2
 10
-0.08299958
 20
-0.15500096
 40
2.50000008
 50
0.0
 51
360.0
 73
     1
 97
        1
330
230
 75
     0
 76
     1
 98
        0
  0
REGION
  5
233
102
{ACAD_REACTORS
330
234
102
}
330
22C
100
AcDbEntity
  8
PadHoleLayer
 62
   156
100
AcDbModelerGeometry
290
     0
  2
{00000000-0000-0000-0000-000000000000}
  0
HATCH
  5
234
330
22C
100
AcDbEntity
  8
PadHoleLayer
 62
   156
100
AcDbHatch
 10
0.0
 20
0.0
 30
0.0
210
0.0
220
0.0
230
1.0
  2
SOLID
 70
     1
 71
     1
 91
        1
 92
        1
 93
        1
 72
     2
 10
-0.08299958
 20
-0.15500096
 40
1.74999904
 50
0.0
 51
360.0
 73
     1
 97
        1
330
233
 75
     0
 76
     1
 98
        0
  0
ENDBLK
  5
22E
330
22C
100
AcDbEntity
  8
0
100
AcDbBlockEnd
  0
BLOCK
  5
237
330
236
100
AcDbEntity
  8
0
100
AcDbBlockBegin
  2
M3_MT_HOLE_4
 70
     0
 10
0.0
 20
0.0
 30
0.0
  3
M3_MT_HOLE_4
  1

  0
REGION
  5
23A
102
{ACAD_REACTORS
330
23B
102
}
330
236
100
AcDbEntity
  8
MultiLayer
 62
     9
100
AcDbModelerGeometry
290
     0
  2
{00000000-0000-0000-0000-000000000000}
  0
HATCH
  5
23B
330
236
100
AcDbEntity
  8
MultiLayer
 62
     9
100
AcDbHatch
 10
0.0
 20
0.0
 30
0.0
210
0.0
220
0.0
230
1.0
  2
SOLID
 70
     1
 71
     1
 91
        1
 92
        1
 93
        1
 72
     2
 10
-0.27100022
 20
-0.0040005
 40
2.50000008
 50
0.0
 51
360.0
 73
     1
 97
        1
330
23A
 75
     0
 76
     1
 98
        0
  0
REGION
  5
23D
102
{ACAD_REACTORS
330
23E
102
}
330
236
100
AcDbEntity
  8
PadHoleLayer
 62
   156
100
AcDbModelerGeometry
290
     0
  2
{00000000-0000-0000-0000-000000000000}
  0
HATCH
  5
23E
330
236
100
AcDbEntity
  8
PadHoleLayer
 62
   156
100
AcDbHatch
 10
0.0
 20
0.0
 30
0.0
210
0.0
220
0.0
230
1.0
  2
SOLID
 70
     1
 71
     1
 91
        1
 92
        1
 93
        1
 72
     2
 10
-0.27100022
 20
-0.0040005
 40
1.74999904
 50
0.0
 51
360.0
 73
     1
 97
        1
330
23D
 75
     0
 76
     1
 98
        0
  0
ENDBLK
  5
238
330
236
100
AcDbEntity
  8
0
100
AcDbBlockEnd
  0
BLOCK
  5
241
330
240
100
AcDbEntity
  8
0
100
AcDbBlockBegin
  2
TP2020_5
 70
     0
 10
0.0
 20
0.0
 30
0.0
  3
TP2020_5
  1

  0
ENDBLK
  5
242
330
240
100
AcDbEntity
  8
0
100
AcDbBlockEnd
  0
BLOCK
  5
245
330
244
100
AcDbEntity
  8
0
100
AcDbBlockBegin
  2
RES_0603_1608_6
 70
     0
 10
0.0
 20
0.0
 30
0.0
  3
RES_0603_1608_6
  1

  0
ENDBLK
  5
246
330
244
100
AcDbEntity
  8
0
100
AcDbBlockEnd
  0
BLOCK
  5
249
330
248
100
AcDbEntity
  8
0
100
AcDbBlockBegin
  2
RES_0603_1608_7
 70
     0
 10
0.0
 20
0.0
 30
0.0
  3
RES_0603_1608_7
  1

  0
ENDBLK
  5
24A
330
248
100
AcDbEntity
  8
0
100
AcDbBlockEnd
  0
BLOCK
  5
24D
330
24C
100
AcDbEntity
  8
0
100
AcDbBlockBegin
  2
RES_0603_1608_8
 70
     0
 10
0.0
 20
0.0
 30
0.0
  3
RES_0603_1608_8
  1

  0
ENDBLK
  5
24E
330
24C
100
AcDbEntity
  8
0
100
AcDbBlockEnd
  0
BLOCK
  5
251
330
250
100
AcDbEntity
  8
0
100
AcDbBlockBegin
  2
RES_0603_1608_9
 70
     0
 10
0.0
 20
0.0
 30
0.0
  3
RES_0603_1608_9
  1

  0
ENDBLK
  5
252
330
250
100
AcDbEntity
  8
0
100
AcDbBlockEnd
  0
BLOCK
  5
255
330
254
100
AcDbEntity
  8
0
100
AcDbBlockBegin
  2
RES_0603_1608_10
 70
     0
 10
0.0
 20
0.0
 30
0.0
  3
RES_0603_1608_10
  1

  0
ENDBLK
  5
256
330
254
100
AcDbEntity
  8
0
100
AcDbBlockEnd
  0
BLOCK
  5
259
330
258
100
AcDbEntity
  8
0
100
AcDbBlockBegin
  2
TP2020_11
 70
     0
 10
0.0
 20
0.0
 30
0.0
  3
TP2020_11
  1

  0
ENDBLK
  5
25A
330
258
100
AcDbEntity
  8
0
100
AcDbBlockEnd
  0
BLOCK
  5
25D
330
25C
100
AcDbEntity
  8
0
100
AcDbBlockBegin
  2
TP2020_12
 70
     0
 10
0.0
 20
0.0
 30
0.0
  3
TP2020_12
  1

  0
ENDBLK
  5
25E
330
25C
100
AcDbEntity
  8
0
100
AcDbBlockEnd
  0
BLOCK
  5
261
330
260
100
AcDbEntity
  8
0
100
AcDbBlockBegin
  2
TP2020_13
 70
     0
 10
0.0
 20
0.0
 30
0.0
  3
TP2020_13
  1

  0
ENDBLK
  5
262
330
260
100
AcDbEntity
  8
0
100
AcDbBlockEnd
  0
BLOCK
  5
265
330
264
100
AcDbEntity
  8
0
100
AcDbBlockBegin
  2
WS2812B4020_14
 70
     0
 10
0.0
 20
0.0
 30
0.0
  3
WS2812B4020_14
  1

  0
ENDBLK
  5
266
330
264
100
AcDbEntity
  8
0
100
AcDbBlockEnd
  0
BLOCK
  5
269
330
268
100
AcDbEntity
  8
0
100
AcDbBlockBegin
  2
WS2812B4020_15
 70
     0
 10
0.0
 20
0.0
 30
0.0
  3
WS2812B4020_15
  1

  0
ENDBLK
  5
26A
330
268
100
AcDbEntity
  8
0
100
AcDbBlockEnd
  0
BLOCK
  5
26D
330
26C
100
AcDbEntity
  8
0
100
AcDbBlockBegin
  2
TP2020_16
 70
     0
 10
0.0
 20
0.0
 30
0.0
  3
TP2020_16
  1

  0
ENDBLK
  5
26E
330
26C
100
AcDbEntity
  8
0
100
AcDbBlockEnd
  0
BLOCK
  5
271
330
270
100
AcDbEntity
  8
0
100
AcDbBlockBegin
  2
WS2812B4020_17
 70
     0
 10
0.0
 20
0.0
 30
0.0
  3
WS2812B4020_17
  1

  0
ENDBLK
  5
272
330
270
100
AcDbEntity
  8
0
100
AcDbBlockEnd
  0
BLOCK
  5
275
330
274
100
AcDbEntity
  8
0
100
AcDbBlockBegin
  2
WS2812B4020_18
 70
     0
 10
0.0
 20
0.0
 30
0.0
  3
WS2812B4020_18
  1

  0
ENDBLK
  5
276
330
274
100
AcDbEntity
  8
0
100
AcDbBlockEnd
  0
BLOCK
  5
279
330
278
100
AcDbEntity
  8
0
100
AcDbBlockBegin
  2
WS2812B4020_19
 70
     0
 10
0.0
 20
0.0
 30
0.0
  3
WS2812B4020_19
  1

  0
ENDBLK
  5
27A
330
278
100
AcDbEntity
  8
0
100
AcDbBlockEnd
  0
BLOCK
  5
27D
330
27C
100
AcDbEntity
  8
0
100
AcDbBlockBegin
  2
WS2812B4020_20
 70
     0
 10
0.0
 20
0.0
 30
0.0
  3
WS2812B4020_20
  1

  0
ENDBLK
  5
27E
330
27C
100
AcDbEntity
  8
0
100
AcDbBlockEnd
  0
BLOCK
  5
281
330
280
100
AcDbEntity
  8
0
100
AcDbBlockBegin
  2
WS2812B4020_21
 70
     0
 10
0.0
 20
0.0
 30
0.0
  3
WS2812B4020_21
  1

  0
ENDBLK
  5
282
330
280
100
AcDbEntity
  8
0
100
AcDbBlockEnd
  0
BLOCK
  5
285
330
284
100
AcDbEntity
  8
0
100
AcDbBlockBegin
  2
WS2812B4020_22
 70
     0
 10
0.0
 20
0.0
 30
0.0
  3
WS2812B4020_22
  1

  0
ENDBLK
  5
286
330
284
100
AcDbEntity
  8
0
100
AcDbBlockEnd
  0
BLOCK
  5
289
330
288
100
AcDbEntity
  8
0
100
AcDbBlockBegin
  2
WS2812B4020_23
 70
     0
 10
0.0
 20
0.0
 30
0.0
  3
WS2812B4020_23
  1

  0
ENDBLK
  5
28A
330
288
100
AcDbEntity
  8
0
100
AcDbBlockEnd
  0
BLOCK
  5
28D
330
28C
100
AcDbEntity
  8
0
100
AcDbBlockBegin
  2
WS2812B4020_24
 70
     0
 10
0.0
 20
0.0
 30
0.0
  3
WS2812B4020_24
  1

  0
ENDBLK
  5
28E
330
28C
100
AcDbEntity
  8
0
100
AcDbBlockEnd
  0
BLOCK
  5
291
330
290
100
AcDbEntity
  8
0
100
AcDbBlockBegin
  2
WS2812B4020_25
 70
     0
 10
0.0
 20
0.0
 30
0.0
  3
WS2812B4020_25
  1

  0
ENDBLK
  5
292
330
290
100
AcDbEntity
  8
0
100
AcDbBlockEnd
  0
BLOCK
  5
295
330
294
100
AcDbEntity
  8
0
100
AcDbBlockBegin
  2
WS2812B4020_26
 70
     0
 10
0.0
 20
0.0
 30
0.0
  3
WS2812B4020_26
  1

  0
ENDBLK
  5
296
330
294
100
AcDbEntity
  8
0
100
AcDbBlockEnd
  0
BLOCK
  5
299
330
298
100
AcDbEntity
  8
0
100
AcDbBlockBegin
  2
WS2812B4020_27
 70
     0
 10
0.0
 20
0.0
 30
0.0
  3
WS2812B4020_27
  1

  0
ENDBLK
  5
29A
330
298
100
AcDbEntity
  8
0
100
AcDbBlockEnd
  0
BLOCK
  5
29D
330
29C
100
AcDbEntity
  8
0
100
AcDbBlockBegin
  2
WS2812B4020_28
 70
     0
 10
0.0
 20
0.0
 30
0.0
  3
WS2812B4020_28
  1

  0
ENDBLK
  5
29E
330
29C
100
AcDbEntity
  8
0
100
AcDbBlockEnd
  0
BLOCK
  5
2A1
330
2A0
100
AcDbEntity
  8
0
100
AcDbBlockBegin
  2
WS2812B4020_29
 70
     0
 10
0.0
 20
0.0
 30
0.0
  3
WS2812B4020_29
  1

  0
ENDBLK
  5
2A2
330
2A0
100
AcDbEntity
  8
0
100
AcDbBlockEnd
  0
BLOCK
  5
2A5
330
2A4
100
AcDbEntity
  8
0
100
AcDbBlockBegin
  2
WS2812B4020_30
 70
     0
 10
0.0
 20
0.0
 30
0.0
  3
WS2812B4020_30
  1

  0
ENDBLK
  5
2A6
330
2A4
100
AcDbEntity
  8
0
100
AcDbBlockEnd
  0
BLOCK
  5
2A9
330
2A8
100
AcDbEntity
  8
0
100
AcDbBlockBegin
  2
AMPHENOL_GSB1C41110SSHR_31
 70
     0
 10
0.0
 20
0.0
 30
0.0
  3
AMPHENOL_GSB1C41110SSHR_31
  1

  0
REGION
  5
2AC
102
{ACAD_REACTORS
330
2AD
102
}
330
2A8
100
AcDbEntity
  8
MultiLayer
 62
     9
100
AcDbModelerGeometry
290
     0
  2
{00000000-0000-0000-0000-000000000000}
  0
HATCH
  5
2AD
330
2A8
100
AcDbEntity
  8
MultiLayer
 62
     9
100
AcDbHatch
 10
0.0
 20
0.0
 30
0.0
210
0.0
220
0.0
230
1.0
  2
SOLID
 70
     1
 71
     1
 91
        1
 92
        1
 93
        1
 72
     2
 10
2.8899993
 20
2.60500114
 40
0.3499993
 50
0.0
 51
360.0
 73
     1
 97
        1
330
2AC
 75
     0
 76
     1
 98
        0
  0
REGION
  5
2AF
102
{ACAD_REACTORS
330
2B0
102
}
330
2A8
100
AcDbEntity
  8
PadHoleLayer
 62
   156
100
AcDbModelerGeometry
290
     0
  2
{00000000-0000-0000-0000-000000000000}
  0
HATCH
  5
2B0
330
2A8
100
AcDbEntity
  8
PadHoleLayer
 62
   156
100
AcDbHatch
 10
0.0
 20
0.0
 30
0.0
210
0.0
220
0.0
230
1.0
  2
SOLID
 70
     1
 71
     1
 91
        1
 92
        1
 93
        1
 72
     2
 10
2.8899993
 20
2.60500114
 40
0.3499993
 50
0.0
 51
360.0
 73
     1
 97
        1
330
2AF
 75
     0
 76
     1
 98
        0
  0
REGION
  5
2B2
102
{ACAD_REACTORS
330
2B3
102
}
330
2A8
100
AcDbEntity
  8
MultiLayer
 62
     9
100
AcDbModelerGeometry
290
     0
  2
{00000000-0000-0000-0000-000000000000}
  0
HATCH
  5
2B3
330
2A8
100
AcDbEntity
  8
MultiLayer
 62
     9
100
AcDbHatch
 10
0.0
 20
0.0
 30
0.0
210
0.0
220
0.0
230
1.0
  2
SOLID
 70
     1
 71
     1
 91
        1
 92
        1
 93
        1
 72
     2
 10
-2.8899993
 20
2.60500114
 40
0.3499993
 50
0.0
 51
360.0
 73
     1
 97
        1
330
2B2
 75
     0
 76
     1
 98
        0
  0
REGION
  5
2B5
102
{ACAD_REACTORS
330
2B6
102
}
330
2A8
100
AcDbEntity
  8
PadHoleLayer
 62
   156
100
AcDbModelerGeometry
290
     0
  2
{00000000-0000-0000-0000-000000000000}
  0
HATCH
  5
2B6
330
2A8
100
AcDbEntity
  8
PadHoleLayer
 62
   156
100
AcDbHatch
 10
0.0
 20
0.0
 30
0.0
210
0.0
220
0.0
230
1.0
  2
SOLID
 70
     1
 71
     1
 91
        1
 92
        1
 93
        1
 72
     2
 10
-2.8899993
 20
2.60500114
 40
0.3499993
 50
0.0
 51
360.0
 73
     1
 97
        1
330
2B5
 75
     0
 76
     1
 98
        0
  0
ENDBLK
  5
2AA
330
2A8
100
AcDbEntity
  8
0
100
AcDbBlockEnd
  0
BLOCK
  5
2B9
330
2B8
100
AcDbEntity
  8
0
100
AcDbBlockBegin
  2
PAW3515DB_32
 70
     0
 10
0.0
 20
0.0
 30
0.0
  3
PAW3515DB_32
  1

  0
REGION
  5
2BC
102
{ACAD_REACTORS
330
2BD
102
}
330
2B8
100
AcDbEntity
  8
MultiLayer
 62
     9
100
AcDbModelerGeometry
290
     0
  2
{00000000-0000-0000-0000-000000000000}
  0
HATCH
  5
2BD
330
2B8
100
AcDbEntity
  8
MultiLayer
 62
     9
100
AcDbHatch
 10
0.0
 20
0.0
 30
0.0
210
0.0
220
0.0
230
1.0
  2
SOLID
 70
     1
 71
     1
 91
        1
 92
        1
 93
        1
 72
     2
 10
0.0
 20
0.0
 40
0.7619999999999999
 50
0.0
 51
360.0
 73
     1
 97
        1
330
2BC
 75
     0
 76
     1
 98
        0
  0
REGION
  5
2C2
102
{ACAD_REACTORS
330
2C3
102
}
330
2B8
100
AcDbEntity
  8
PadHoleLayer
 62
   156
100
AcDbModelerGeometry
290
     0
  2
{00000000-0000-0000-0000-000000000000}
  0
HATCH
  5
2C3
330
2B8
100
AcDbEntity
  8
PadHoleLayer
 62
   156
100
AcDbHatch
 10
0.0
 20
0.0
 30
0.0
210
0.0
220
0.0
230
1.0
  2
SOLID
 70
     1
 71
     1
 91
        1
 92
        1
 93
        4
 72
     1
 10
-4.800000559999999
 20
4.30000029
 11
4.800000559999999
 21
4.30000029
 72
     1
 10
4.800000559999999
 20
4.30000029
 11
4.800000559999999
 21
-4.30000029
 72
     1
 10
4.800000559999999
 20
-4.30000029
 11
-4.800000559999999
 21
-4.30000029
 72
     1
 10
-4.800000559999999
 20
-4.30000029
 11
-4.800000559999999
 21
4.30000029
 97
        1
330
2C2
 75
     0
 76
     1
 98
        0
  0
REGION
  5
2C5
102
{ACAD_REACTORS
330
2C6
102
}
330
2B8
100
AcDbEntity
  8
MultiLayer
 62
     9
100
AcDbModelerGeometry
290
     0
  2
{00000000-0000-0000-0000-000000000000}
  0
HATCH
  5
2C6
330
2B8
100
AcDbEntity
  8
MultiLayer
 62
     9
100
AcDbHatch
 10
0.0
 20
0.0
 30
0.0
210
0.0
220
0.0
230
1.0
  2
SOLID
 70
     1
 71
     1
 91
        1
 92
        1
 93
        1
 72
     2
 10
-2.99699934
 20
6.171999339999999
 40
0.7619999999999999
 50
0.0
 51
360.0
 73
     1
 97
        1
330
2C5
 75
     0
 76
     1
 98
        0
  0
REGION
  5
2C8
102
{ACAD_REACTORS
330
2C9
102
}
330
2B8
100
AcDbEntity
  8
PadHoleLayer
 62
   156
100
AcDbModelerGeometry
290
     0
  2
{00000000-0000-0000-0000-000000000000}
  0
HATCH
  5
2C9
330
2B8
100
AcDbEntity
  8
PadHoleLayer
 62
   156
100
AcDbHatch
 10
0.0
 20
0.0
 30
0.0
210
0.0
220
0.0
230
1.0
  2
SOLID
 70
     1
 71
     1
 91
        1
 92
        1
 93
        1
 72
     2
 10
-2.99699934
 20
6.171999339999999
 40
0.3999992
 50
0.0
 51
360.0
 73
     1
 97
        1
330
2C8
 75
     0
 76
     1
 98
        0
  0
REGION
  5
2CB
102
{ACAD_REACTORS
330
2CC
102
}
330
2B8
100
AcDbEntity
  8
MultiLayer
 62
     9
100
AcDbModelerGeometry
290
     0
  2
{00000000-0000-0000-0000-000000000000}
  0
HATCH
  5
2CC
330
2B8
100
AcDbEntity
  8
MultiLayer
 62
     9
100
AcDbHatch
 10
0.0
 20
0.0
 30
0.0
210
0.0
220
0.0
230
1.0
  2
SOLID
 70
     1
 71
     1
 91
        1
 92
        1
 93
        1
 72
     2
 10
-0.9970008
 20
6.171999339999999
 40
0.7619999999999999
 50
0.0
 51
360.0
 73
     1
 97
        1
330
2CB
 75
     0
 76
     1
 98
        0
  0
REGION
  5
2CE
102
{ACAD_REACTORS
330
2CF
102
}
330
2B8
100
AcDbEntity
  8
PadHoleLayer
 62
   156
100
AcDbModelerGeometry
290
     0
  2
{00000000-0000-0000-0000-000000000000}
  0
HATCH
  5
2CF
330
2B8
100
AcDbEntity
  8
PadHoleLayer
 62
   156
100
AcDbHatch
 10
0.0
 20
0.0
 30
0.0
210
0.0
220
0.0
230
1.0
  2
SOLID
 70
     1
 71
     1
 91
        1
 92
        1
 93
        1
 72
     2
 10
-0.9970008
 20
6.171999339999999
 40
0.3999992
 50
0.0
 51
360.0
 73
     1
 97
        1
330
2CE
 75
     0
 76
     1
 98
        0
  0
REGION
  5
2D1
102
{ACAD_REACTORS
330
2D2
102
}
330
2B8
100
AcDbEntity
  8
MultiLayer
 62
     9
100
AcDbModelerGeometry
290
     0
  2
{00000000-0000-0000-0000-000000000000}
  0
HATCH
  5
2D2
330
2B8
100
AcDbEntity
  8
MultiLayer
 62
     9
100
AcDbHatch
 10
0.0
 20
0.0
 30
0.0
210
0.0
220
0.0
230
1.0
  2
SOLID
 70
     1
 71
     1
 91
        1
 92
        1
 93
        1
 72
     2
 10
1.00300028
 20
6.171999339999999
 40
0.7619999999999999
 50
0.0
 51
360.0
 73
     1
 97
        1
330
2D1
 75
     0
 76
     1
 98
        0
  0
REGION
  5
2D4
102
{ACAD_REACTORS
330
2D5
102
}
330
2B8
100
AcDbEntity
  8
PadHoleLayer
 62
   156
100
AcDbModelerGeometry
290
     0
  2
{00000000-0000-0000-0000-000000000000}
  0
HATCH
  5
2D5
330
2B8
100
AcDbEntity
  8
PadHoleLayer
 62
   156
100
AcDbHatch
 10
0.0
 20
0.0
 30
0.0
210
0.0
220
0.0
230
1.0
  2
SOLID
 70
     1
 71
     1
 91
        1
 92
        1
 93
        1
 72
     2
 10
1.00300028
 20
6.171999339999999
 40
0.3999992
 50
0.0
 51
360.0
 73
     1
 97
        1
330
2D4
 75
     0
 76
     1
 98
        0
  0
REGION
  5
2D7
102
{ACAD_REACTORS
330
2D8
102
}
330
2B8
100
AcDbEntity
  8
MultiLayer
 62
     9
100
AcDbModelerGeometry
290
     0
  2
{00000000-0000-0000-0000-000000000000}
  0
HATCH
  5
2D8
330
2B8
100
AcDbEntity
  8
MultiLayer
 62
     9
100
AcDbHatch
 10
0.0
 20
0.0
 30
0.0
210
0.0
220
0.0
230
1.0
  2
SOLID
 70
     1
 71
     1
 91
        1
 92
        1
 93
        1
 72
     2
 10
3.00299882
 20
6.171999339999999
 40
0.7619999999999999
 50
0.0
 51
360.0
 73
     1
 97
        1
330
2D7
 75
     0
 76
     1
 98
        0
  0
REGION
  5
2DA
102
{ACAD_REACTORS
330
2DB
102
}
330
2B8
100
AcDbEntity
  8
PadHoleLayer
 62
   156
100
AcDbModelerGeometry
290
     0
  2
{00000000-0000-0000-0000-000000000000}
  0
HATCH
  5
2DB
330
2B8
100
AcDbEntity
  8
PadHoleLayer
 62
   156
100
AcDbHatch
 10
0.0
 20
0.0
 30
0.0
210
0.0
220
0.0
230
1.0
  2
SOLID
 70
     1
 71
     1
 91
        1
 92
        1
 93
        1
 72
     2
 10
3.00299882
 20
6.171999339999999
 40
0.3999992
 50
0.0
 51
360.0
 73
     1
 97
        1
330
2DA
 75
     0
 76
     1
 98
        0
  0
REGION
  5
2DD
102
{ACAD_REACTORS
330
2DE
102
}
330
2B8
100
AcDbEntity
  8
MultiLayer
 62
     9
100
AcDbModelerGeometry
290
     0
  2
{00000000-0000-0000-0000-000000000000}
  0
HATCH
  5
2DE
330
2B8
100
AcDbEntity
  8
MultiLayer
 62
     9
100
AcDbHatch
 10
0.0
 20
0.0
 30
0.0
210
0.0
220
0.0
230
1.0
  2
SOLID
 70
     1
 71
     1
 91
        1
 92
        1
 93
        1
 72
     2
 10
4.60000096
 20
-6.171999339999999
 40
0.7619999999999999
 50
0.0
 51
360.0
 73
     1
 97
        1
330
2DD
 75
     0
 76
     1
 98
        0
  0
REGION
  5
2E0
102
{ACAD_REACTORS
330
2E1
102
}
330
2B8
100
AcDbEntity
  8
PadHoleLayer
 62
   156
100
AcDbModelerGeometry
290
     0
  2
{00000000-0000-0000-0000-000000000000}
  0
HATCH
  5
2E1
330
2B8
100
AcDbEntity
  8
PadHoleLayer
 62
   156
100
AcDbHatch
 10
0.0
 20
0.0
 30
0.0
210
0.0
220
0.0
230
1.0
  2
SOLID
 70
     1
 71
     1
 91
        1
 92
        1
 93
        1
 72
     2
 10
4.60000096
 20
-6.171999339999999
 40
0.3999992
 50
0.0
 51
360.0
 73
     1
 97
        1
330
2E0
 75
     0
 76
     1
 98
        0
  0
REGION
  5
2E3
102
{ACAD_REACTORS
330
2E4
102
}
330
2B8
100
AcDbEntity
  8
MultiLayer
 62
     9
100
AcDbModelerGeometry
290
     0
  2
{00000000-0000-0000-0000-000000000000}
  0
HATCH
  5
2E4
330
2B8
100
AcDbEntity
  8
MultiLayer
 62
     9
100
AcDbHatch
 10
0.0
 20
0.0
 30
0.0
210
0.0
220
0.0
230
1.0
  2
SOLID
 70
     1
 71
     1
 91
        1
 92
        1
 93
        1
 72
     2
 10
2.59999988
 20
-6.171999339999999
 40
0.7619999999999999
 50
0.0
 51
360.0
 73
     1
 97
        1
330
2E3
 75
     0
 76
     1
 98
        0
  0
REGION
  5
2E6
102
{ACAD_REACTORS
330
2E7
102
}
330
2B8
100
AcDbEntity
  8
PadHoleLayer
 62
   156
100
AcDbModelerGeometry
290
     0
  2
{00000000-0000-0000-0000-000000000000}
  0
HATCH
  5
2E7
330
2B8
100
AcDbEntity
  8
PadHoleLayer
 62
   156
100
AcDbHatch
 10
0.0
 20
0.0
 30
0.0
210
0.0
220
0.0
230
1.0
  2
SOLID
 70
     1
 71
     1
 91
        1
 92
        1
 93
        1
 72
     2
 10
2.59999988
 20
-6.171999339999999
 40
0.3999992
 50
0.0
 51
360.0
 73
     1
 97
        1
330
2E6
 75
     0
 76
     1
 98
        0
  0
REGION
  5
2E9
102
{ACAD_REACTORS
330
2EA
102
}
330
2B8
100
AcDbEntity
  8
MultiLayer
 62
     9
100
AcDbModelerGeometry
290
     0
  2
{00000000-0000-0000-0000-000000000000}
  0
HATCH
  5
2EA
330
2B8
100
AcDbEntity
  8
MultiLayer
 62
     9
100
AcDbHatch
 10
0.0
 20
0.0
 30
0.0
210
0.0
220
0.0
230
1.0
  2
SOLID
 70
     1
 71
     1
 91
        1
 92
        1
 93
        1
 72
     2
 10
0.5999987999999999
 20
-6.171999339999999
 40
0.7619999999999999
 50
0.0
 51
360.0
 73
     1
 97
        1
330
2E9
 75
     0
 76
     1
 98
        0
  0
REGION
  5
2EC
102
{ACAD_REACTORS
330
2ED
102
}
330
2B8
100
AcDbEntity
  8
PadHoleLayer
 62
   156
100
AcDbModelerGeometry
290
     0
  2
{00000000-0000-0000-0000-000000000000}
  0
HATCH
  5
2ED
330
2B8
100
AcDbEntity
  8
PadHoleLayer
 62
   156
100
AcDbHatch
 10
0.0
 20
0.0
 30
0.0
210
0.0
220
0.0
230
1.0
  2
SOLID
 70
     1
 71
     1
 91
        1
 92
        1
 93
        1
 72
     2
 10
0.5999987999999999
 20
-6.171999339999999
 40
0.3999992
 50
0.0
 51
360.0
 73
     1
 97
        1
330
2EC
 75
     0
 76
     1
 98
        0
  0
REGION
  5
2EF
102
{ACAD_REACTORS
330
2F0
102
}
330
2B8
100
AcDbEntity
  8
MultiLayer
 62
     9
100
AcDbModelerGeometry
290
     0
  2
{00000000-0000-0000-0000-000000000000}
  0
HATCH
  5
2F0
330
2B8
100
AcDbEntity
  8
MultiLayer
 62
     9
100
AcDbHatch
 10
0.0
 20
0.0
 30
0.0
210
0.0
220
0.0
230
1.0
  2
SOLID
 70
     1
 71
     1
 91
        1
 92
        1
 93
        1
 72
     2
 10
-1.39999974
 20
-6.171999339999999
 40
0.7619999999999999
 50
0.0
 51
360.0
 73
     1
 97
        1
330
2EF
 75
     0
 76
     1
 98
        0
  0
REGION
  5
2F2
102
{ACAD_REACTORS
330
2F3
102
}
330
2B8
100
AcDbEntity
  8
PadHoleLayer
 62
   156
100
AcDbModelerGeometry
290
     0
  2
{00000000-0000-0000-0000-000000000000}
  0
HATCH
  5
2F3
330
2B8
100
AcDbEntity
  8
PadHoleLayer
 62
   156
100
AcDbHatch
 10
0.0
 20
0.0
 30
0.0
210
0.0
220
0.0
230
1.0
  2
SOLID
 70
     1
 71
     1
 91
        1
 92
        1
 93
        1
 72
     2
 10
-1.39999974
 20
-6.171999339999999
 40
0.3999992
 50
0.0
 51
360.0
 73
     1
 97
        1
330
2F2
 75
     0
 76
     1
 98
        0
  0
ENDBLK
  5
2BA
330
2B8
100
AcDbEntity
  8
0
100
AcDbBlockEnd
  0
BLOCK
  5
2F6
330
2F5
100
AcDbEntity
  8
0
100
AcDbBlockBegin
  2
2____________33
 70
     0
 10
0.0
 20
0.0
 30
0.0
  3
2____________33
  1

  0
REGION
  5
2F9
102
{ACAD_REACTORS
330
2FA
102
}
330
2F5
100
AcDbEntity
  8
PadHoleLayer
 62
   156
100
AcDbModelerGeometry
290
     0
  2
{00000000-0000-0000-0000-000000000000}
  0
HATCH
  5
2FA
330
2F5
100
AcDbEntity
  8
PadHoleLayer
 62
   156
100
AcDbHatch
 10
0.0
 20
0.0
 30
0.0
210
0.0
220
0.0
230
1.0
  2
SOLID
 70
     1
 71
     1
 91
        1
 92
        1
 93
        1
 72
     2
 10
0.0
 20
0.0
 40
0.499999
 50
0.0
 51
360.0
 73
     1
 97
        1
330
2F9
 75
     0
 76
     1
 98
        0
  0
REGION
  5
2FC
102
{ACAD_REACTORS
330
2FD
102
}
330
2F5
100
AcDbEntity
  8
PadHoleLayer
 62
   156
100
AcDbModelerGeometry
290
     0
  2
{00000000-0000-0000-0000-000000000000}
  0
HATCH
  5
2FD
330
2F5
100
AcDbEntity
  8
PadHoleLayer
 62
   156
100
AcDbHatch
 10
0.0
 20
0.0
 30
0.0
210
0.0
220
0.0
230
1.0
  2
SOLID
 70
     1
 71
     1
 91
        1
 92
        1
 93
        1
 72
     2
 10
2.54
 20
0.0
 40
0.499999
 50
0.0
 51
360.0
 73
     1
 97
        1
330
2FC
 75
     0
 76
     1
 98
        0
  0
ENDBLK
  5
2F7
330
2F5
100
AcDbEntity
  8
0
100
AcDbBlockEnd
  0
BLOCK
  5
300
330
2FF
100
AcDbEntity
  8
0
100
AcDbBlockBegin
  2
TP2020_34
 70
     0
 10
0.0
 20
0.0
 30
0.0
  3
TP2020_34
  1

  0
ENDBLK
  5
301
330
2FF
100
AcDbEntity
  8
0
100
AcDbBlockEnd
  0
BLOCK
  5
304
330
303
100
AcDbEntity
  8
0
100
AcDbBlockBegin
  2
TP2020_35
 70
     0
 10
0.0
 20
0.0
 30
0.0
  3
TP2020_35
  1

  0
ENDBLK
  5
305
330
303
100
AcDbEntity
  8
0
100
AcDbBlockEnd
  0
BLOCK
  5
308
330
307
100
AcDbEntity
  8
0
100
AcDbBlockBegin
  2
DMN2230UQ_DIO_M_36
 70
     0
 10
0.0
 20
0.0
 30
0.0
  3
DMN2230UQ_DIO_M_36
  1

  0
ENDBLK
  5
309
330
307
100
AcDbEntity
  8
0
100
AcDbBlockEnd
  0
BLOCK
  5
30C
330
30B
100
AcDbEntity
  8
0
100
AcDbBlockBegin
  2
LQFP48_37
 70
     0
 10
0.0
 20
0.0
 30
0.0
  3
LQFP48_37
  1

  0
ENDBLK
  5
30D
330
30B
100
AcDbEntity
  8
0
100
AcDbBlockEnd
  0
BLOCK
  5
310
330
30F
100
AcDbEntity
  8
0
100
AcDbBlockBegin
  2
K____B___38
 70
     0
 10
0.0
 20
0.0
 30
0.0
  3
K____B___38
  1

  0
REGION
  5
313
102
{ACAD_REACTORS
330
314
102
}
330
30F
100
AcDbEntity
  8
MultiLayer
 62
     9
100
AcDbModelerGeometry
290
     0
  2
{00000000-0000-0000-0000-000000000000}
  0
HATCH
  5
314
330
30F
100
AcDbEntity
  8
MultiLayer
 62
     9
100
AcDbHatch
 10
0.0
 20
0.0
 30
0.0
210
0.0
220
0.0
230
1.0
  2
SOLID
 70
     1
 71
     1
 91
        1
 92
        1
 93
        1
 72
     2
 10
0.0
 20
0.0
 40
1.00000054
 50
0.0
 51
360.0
 73
     1
 97
        1
330
313
 75
     0
 76
     1
 98
        0
  0
REGION
  5
316
102
{ACAD_REACTORS
330
317
102
}
330
30F
100
AcDbEntity
  8
PadHoleLayer
 62
   156
100
AcDbModelerGeometry
290
     0
  2
{00000000-0000-0000-0000-000000000000}
  0
HATCH
  5
317
330
30F
100
AcDbEntity
  8
PadHoleLayer
 62
   156
100
AcDbHatch
 10
0.0
 20
0.0
 30
0.0
210
0.0
220
0.0
230
1.0
  2
SOLID
 70
     1
 71
     1
 91
        1
 92
        1
 93
        1
 72
     2
 10
0.0
 20
0.0
 40
0.5499989
 50
0.0
 51
360.0
 73
     1
 97
        1
330
316
 75
     0
 76
     1
 98
        0
  0
REGION
  5
319
102
{ACAD_REACTORS
330
31A
102
}
330
30F
100
AcDbEntity
  8
MultiLayer
 62
     9
100
AcDbModelerGeometry
290
     0
  2
{00000000-0000-0000-0000-000000000000}
  0
HATCH
  5
31A
330
30F
100
AcDbEntity
  8
MultiLayer
 62
     9
100
AcDbHatch
 10
0.0
 20
0.0
 30
0.0
210
0.0
220
0.0
230
1.0
  2
SOLID
 70
     1
 71
     1
 91
        1
 92
        1
 93
        1
 72
     2
 10
5.00000016
 20
0.0
 40
1.00000054
 50
0.0
 51
360.0
 73
     1
 97
        1
330
319
 75
     0
 76
     1
 98
        0
  0
REGION
  5
31C
102
{ACAD_REACTORS
330
31D
102
}
330
30F
100
AcDbEntity
  8
PadHoleLayer
 62
   156
100
AcDbModelerGeometry
290
     0
  2
{00000000-0000-0000-0000-000000000000}
  0
HATCH
  5
31D
330
30F
100
AcDbEntity
  8
PadHoleLayer
 62
   156
100
AcDbHatch
 10
0.0
 20
0.0
 30
0.0
210
0.0
220
0.0
230
1.0
  2
SOLID
 70
     1
 71
     1
 91
        1
 92
        1
 93
        1
 72
     2
 10
5.00000016
 20
0.0
 40
0.5499989
 50
0.0
 51
360.0
 73
     1
 97
        1
330
31C
 75
     0
 76
     1
 98
        0
  0
ENDBLK
  5
311
330
30F
100
AcDbEntity
  8
0
100
AcDbBlockEnd
  0
BLOCK
  5
320
330
31F
100
AcDbEntity
  8
0
100
AcDbBlockBegin
  2
K____B___39
 70
     0
 10
0.0
 20
0.0
 30
0.0
  3
K____B___39
  1

  0
REGION
  5
323
102
{ACAD_REACTORS
330
324
102
}
330
31F
100
AcDbEntity
  8
MultiLayer
 62
     9
100
AcDbModelerGeometry
290
     0
  2
{00000000-0000-0000-0000-000000000000}
  0
HATCH
  5
324
330
31F
100
AcDbEntity
  8
MultiLayer
 62
     9
100
AcDbHatch
 10
0.0
 20
0.0
 30
0.0
210
0.0
220
0.0
230
1.0
  2
SOLID
 70
     1
 71
     1
 91
        1
 92
        1
 93
        1
 72
     2
 10
0.0
 20
0.0
 40
1.00000054
 50
0.0
 51
360.0
 73
     1
 97
        1
330
323
 75
     0
 76
     1
 98
        0
  0
REGION
  5
326
102
{ACAD_REACTORS
330
327
102
}
330
31F
100
AcDbEntity
  8
PadHoleLayer
 62
   156
100
AcDbModelerGeometry
290
     0
  2
{00000000-0000-0000-0000-000000000000}
  0
HATCH
  5
327
330
31F
100
AcDbEntity
  8
PadHoleLayer
 62
   156
100
AcDbHatch
 10
0.0
 20
0.0
 30
0.0
210
0.0
220
0.0
230
1.0
  2
SOLID
 70
     1
 71
     1
 91
        1
 92
        1
 93
        1
 72
     2
 10
0.0
 20
0.0
 40
0.5499989
 50
0.0
 51
360.0
 73
     1
 97
        1
330
326
 75
     0
 76
     1
 98
        0
  0
REGION
  5
329
102
{ACAD_REACTORS
330
32A
102
}
330
31F
100
AcDbEntity
  8
MultiLayer
 62
     9
100
AcDbModelerGeometry
290
     0
  2
{00000000-0000-0000-0000-000000000000}
  0
HATCH
  5
32A
330
31F
100
AcDbEntity
  8
MultiLayer
 62
     9
100
AcDbHatch
 10
0.0
 20
0.0
 30
0.0
210
0.0
220
0.0
230
1.0
  2
SOLID
 70
     1
 71
     1
 91
        1
 92
        1
 93
        1
 72
     2
 10
5.00000016
 20
0.0
 40
1.00000054
 50
0.0
 51
360.0
 73
     1
 97
        1
330
329
 75
     0
 76
     1
 98
        0
  0
REGION
  5
32C
102
{ACAD_REACTORS
330
32D
102
}
330
31F
100
AcDbEntity
  8
PadHoleLayer
 62
   156
100
AcDbModelerGeometry
290
     0
  2
{00000000-0000-0000-0000-000000000000}
  0
HATCH
  5
32D
330
31F
100
AcDbEntity
  8
PadHoleLayer
 62
   156
100
AcDbHatch
 10
0.0
 20
0.0
 30
0.0
210
0.0
220
0.0
230
1.0
  2
SOLID
 70
     1
 71
     1
 91
        1
 92
        1
 93
        1
 72
     2
 10
5.00000016
 20
0.0
 40
0.5499989
 50
0.0
 51
360.0
 73
     1
 97
        1
330
32C
 75
     0
 76
     1
 98
        0
  0
ENDBLK
  5
321
330
31F
100
AcDbEntity
  8
0
100
AcDbBlockEnd
  0
BLOCK
  5
330
330
32F
100
AcDbEntity
  8
0
100
AcDbBlockBegin
  2
3_4__BTN_40
 70
     0
 10
0.0
 20
0.0
 30
0.0
  3
3_4__BTN_40
  1

  0
ENDBLK
  5
331
330
32F
100
AcDbEntity
  8
0
100
AcDbBlockEnd
  0
BLOCK
  5
334
330
333
100
AcDbEntity
  8
0
100
AcDbBlockBegin
  2
K____B___41
 70
     0
 10
0.0
 20
0.0
 30
0.0
  3
K____B___41
  1

  0
REGION
  5
337
102
{ACAD_REACTORS
330
338
102
}
330
333
100
AcDbEntity
  8
MultiLayer
 62
     9
100
AcDbModelerGeometry
290
     0
  2
{00000000-0000-0000-0000-000000000000}
  0
HATCH
  5
338
330
333
100
AcDbEntity
  8
MultiLayer
 62
     9
100
AcDbHatch
 10
0.0
 20
0.0
 30
0.0
210
0.0
220
0.0
230
1.0
  2
SOLID
 70
     1
 71
     1
 91
        1
 92
        1
 93
        1
 72
     2
 10
0.0
 20
0.0
 40
1.00000054
 50
0.0
 51
360.0
 73
     1
 97
        1
330
337
 75
     0
 76
     1
 98
        0
  0
REGION
  5
33A
102
{ACAD_REACTORS
330
33B
102
}
330
333
100
AcDbEntity
  8
PadHoleLayer
 62
   156
100
AcDbModelerGeometry
290
     0
  2
{00000000-0000-0000-0000-000000000000}
  0
HATCH
  5
33B
330
333
100
AcDbEntity
  8
PadHoleLayer
 62
   156
100
AcDbHatch
 10
0.0
 20
0.0
 30
0.0
210
0.0
220
0.0
230
1.0
  2
SOLID
 70
     1
 71
     1
 91
        1
 92
        1
 93
        1
 72
     2
 10
0.0
 20
0.0
 40
0.5499989
 50
0.0
 51
360.0
 73
     1
 97
        1
330
33A
 75
     0
 76
     1
 98
        0
  0
REGION
  5
33D
102
{ACAD_REACTORS
330
33E
102
}
330
333
100
AcDbEntity
  8
MultiLayer
 62
     9
100
AcDbModelerGeometry
290
     0
  2
{00000000-0000-0000-0000-000000000000}
  0
HATCH
  5
33E
330
333
100
AcDbEntity
  8
MultiLayer
 62
     9
100
AcDbHatch
 10
0.0
 20
0.0
 30
0.0
210
0.0
220
0.0
230
1.0
  2
SOLID
 70
     1
 71
     1
 91
        1
 92
        1
 93
        1
 72
     2
 10
5.00000016
 20
0.0
 40
1.00000054
 50
0.0
 51
360.0
 73
     1
 97
        1
330
33D
 75
     0
 76
     1
 98
        0
  0
REGION
  5
340
102
{ACAD_REACTORS
330
341
102
}
330
333
100
AcDbEntity
  8
PadHoleLayer
 62
   156
100
AcDbModelerGeometry
290
     0
  2
{00000000-0000-0000-0000-000000000000}
  0
HATCH
  5
341
330
333
100
AcDbEntity
  8
PadHoleLayer
 62
   156
100
AcDbHatch
 10
0.0
 20
0.0
 30
0.0
210
0.0
220
0.0
230
1.0
  2
SOLID
 70
     1
 71
     1
 91
        1
 92
        1
 93
        1
 72
     2
 10
5.00000016
 20
0.0
 40
0.5499989
 50
0.0
 51
360.0
 73
     1
 97
        1
330
340
 75
     0
 76
     1
 98
        0
  0
ENDBLK
  5
335
330
333
100
AcDbEntity
  8
0
100
AcDbBlockEnd
  0
BLOCK
  5
344
330
343
100
AcDbEntity
  8
0
100
AcDbBlockBegin
  2
3_4__BTN_42
 70
     0
 10
0.0
 20
0.0
 30
0.0
  3
3_4__BTN_42
  1

  0
ENDBLK
  5
345
330
343
100
AcDbEntity
  8
0
100
AcDbBlockEnd
  0
BLOCK
  5
348
330
347
100
AcDbEntity
  8
0
100
AcDbBlockBegin
  2
TP2020_43
 70
     0
 10
0.0
 20
0.0
 30
0.0
  3
TP2020_43
  1

  0
ENDBLK
  5
349
330
347
100
AcDbEntity
  8
0
100
AcDbBlockEnd
  0
BLOCK
  5
34C
330
34B
100
AcDbEntity
  8
0
100
AcDbBlockBegin
  2
TP2020_44
 70
     0
 10
0.0
 20
0.0
 30
0.0
  3
TP2020_44
  1

  0
ENDBLK
  5
34D
330
34B
100
AcDbEntity
  8
0
100
AcDbBlockEnd
  0
BLOCK
  5
350
330
34F
100
AcDbEntity
  8
0
100
AcDbBlockBegin
  2
TP2020_45
 70
     0
 10
0.0
 20
0.0
 30
0.0
  3
TP2020_45
  1

  0
ENDBLK
  5
351
330
34F
100
AcDbEntity
  8
0
100
AcDbBlockEnd
  0
BLOCK
  5
354
330
353
100
AcDbEntity
  8
0
100
AcDbBlockBegin
  2
TP2020_46
 70
     0
 10
0.0
 20
0.0
 30
0.0
  3
TP2020_46
  1

  0
ENDBLK
  5
355
330
353
100
AcDbEntity
  8
0
100
AcDbBlockEnd
  0
BLOCK
  5
358
330
357
100
AcDbEntity
  8
0
100
AcDbBlockBegin
  2
TP2020_47
 70
     0
 10
0.0
 20
0.0
 30
0.0
  3
TP2020_47
  1

  0
ENDBLK
  5
359
330
357
100
AcDbEntity
  8
0
100
AcDbBlockEnd
  0
BLOCK
  5
35C
330
35B
100
AcDbEntity
  8
0
100
AcDbBlockBegin
  2
TP2020_48
 70
     0
 10
0.0
 20
0.0
 30
0.0
  3
TP2020_48
  1

  0
ENDBLK
  5
35D
330
35B
100
AcDbEntity
  8
0
100
AcDbBlockEnd
  0
BLOCK
  5
360
330
35F
100
AcDbEntity
  8
0
100
AcDbBlockBegin
  2
TP2020_49
 70
     0
 10
0.0
 20
0.0
 30
0.0
  3
TP2020_49
  1

  0
ENDBLK
  5
361
330
35F
100
AcDbEntity
  8
0
100
AcDbBlockEnd
  0
BLOCK
  5
364
330
363
100
AcDbEntity
  8
0
100
AcDbBlockBegin
  2
RES_0603_1608_50
 70
     0
 10
0.0
 20
0.0
 30
0.0
  3
RES_0603_1608_50
  1

  0
ENDBLK
  5
365
330
363
100
AcDbEntity
  8
0
100
AcDbBlockEnd
  0
BLOCK
  5
368
330
367
100
AcDbEntity
  8
0
100
AcDbBlockBegin
  2
RES_0603_1608_51
 70
     0
 10
0.0
 20
0.0
 30
0.0
  3
RES_0603_1608_51
  1

  0
ENDBLK
  5
369
330
367
100
AcDbEntity
  8
0
100
AcDbBlockEnd
  0
BLOCK
  5
36C
330
36B
100
AcDbEntity
  8
0
100
AcDbBlockBegin
  2
RES_0603_1608_52
 70
     0
 10
0.0
 20
0.0
 30
0.0
  3
RES_0603_1608_52
  1

  0
ENDBLK
  5
36D
330
36B
100
AcDbEntity
  8
0
100
AcDbBlockEnd
  0
BLOCK
  5
370
330
36F
100
AcDbEntity
  8
0
100
AcDbBlockBegin
  2
RES_0603_1608_53
 70
     0
 10
0.0
 20
0.0
 30
0.0
  3
RES_0603_1608_53
  1

  0
ENDBLK
  5
371
330
36F
100
AcDbEntity
  8
0
100
AcDbBlockEnd
  0
BLOCK
  5
374
330
373
100
AcDbEntity
  8
0
100
AcDbBlockBegin
  2
RES_0603_1608_54
 70
     0
 10
0.0
 20
0.0
 30
0.0
  3
RES_0603_1608_54
  1

  0
ENDBLK
  5
375
330
373
100
AcDbEntity
  8
0
100
AcDbBlockEnd
  0
BLOCK
  5
378
330
377
100
AcDbEntity
  8
0
100
AcDbBlockBegin
  2
RES_0603_1608_55
 70
     0
 10
0.0
 20
0.0
 30
0.0
  3
RES_0603_1608_55
  1

  0
ENDBLK
  5
379
330
377
100
AcDbEntity
  8
0
100
AcDbBlockEnd
  0
BLOCK
  5
37C
330
37B
100
AcDbEntity
  8
0
100
AcDbBlockBegin
  2
RES_0603_1608_56
 70
     0
 10
0.0
 20
0.0
 30
0.0
  3
RES_0603_1608_56
  1

  0
ENDBLK
  5
37D
330
37B
100
AcDbEntity
  8
0
100
AcDbBlockEnd
  0
BLOCK
  5
380
330
37F
100
AcDbEntity
  8
0
100
AcDbBlockBegin
  2
RES_0603_1608_57
 70
     0
 10
0.0
 20
0.0
 30
0.0
  3
RES_0603_1608_57
  1

  0
ENDBLK
  5
381
330
37F
100
AcDbEntity
  8
0
100
AcDbBlockEnd
  0
BLOCK
  5
384
330
383
100
AcDbEntity
  8
0
100
AcDbBlockBegin
  2
RES_0603_1608_58
 70
     0
 10
0.0
 20
0.0
 30
0.0
  3
RES_0603_1608_58
  1

  0
ENDBLK
  5
385
330
383
100
AcDbEntity
  8
0
100
AcDbBlockEnd
  0
BLOCK
  5
388
330
387
100
AcDbEntity
  8
0
100
AcDbBlockBegin
  2
RES_0603_1608_59
 70
     0
 10
0.0
 20
0.0
 30
0.0
  3
RES_0603_1608_59
  1

  0
ENDBLK
  5
389
330
387
100
AcDbEntity
  8
0
100
AcDbBlockEnd
  0
BLOCK
  5
38C
330
38B
100
AcDbEntity
  8
0
100
AcDbBlockBegin
  2
5034800500_60
 70
     0
 10
0.0
 20
0.0
 30
0.0
  3
5034800500_60
  1

  0
ENDBLK
  5
38D
330
38B
100
AcDbEntity
  8
0
100
AcDbBlockEnd
  0
BLOCK
  5
390
330
38F
100
AcDbEntity
  8
0
100
AcDbBlockBegin
  2
4____________61
 70
     0
 10
0.0
 20
0.0
 30
0.0
  3
4____________61
  1

  0
REGION
  5
393
102
{ACAD_REACTORS
330
394
102
}
330
38F
100
AcDbEntity
  8
PadHoleLayer
 62
   156
100
AcDbModelerGeometry
290
     0
  2
{00000000-0000-0000-0000-000000000000}
  0
HATCH
  5
394
330
38F
100
AcDbEntity
  8
PadHoleLayer
 62
   156
100
AcDbHatch
 10
0.0
 20
0.0
 30
0.0
210
0.0
220
0.0
230
1.0
  2
SOLID
 70
     1
 71
     1
 91
        1
 92
        1
 93
        1
 72
     2
 10
7.619999999999999
 20
0.0
 40
0.499999
 50
0.0
 51
360.0
 73
     1
 97
        1
330
393
 75
     0
 76
     1
 98
        0
  0
REGION
  5
396
102
{ACAD_REACTORS
330
397
102
}
330
38F
100
AcDbEntity
  8
PadHoleLayer
 62
   156
100
AcDbModelerGeometry
290
     0
  2
{00000000-0000-0000-0000-000000000000}
  0
HATCH
  5
397
330
38F
100
AcDbEntity
  8
PadHoleLayer
 62
   156
100
AcDbHatch
 10
0.0
 20
0.0
 30
0.0
210
0.0
220
0.0
230
1.0
  2
SOLID
 70
     1
 71
     1
 91
        1
 92
        1
 93
        1
 72
     2
 10
5.08
 20
0.0
 40
0.499999
 50
0.0
 51
360.0
 73
     1
 97
        1
330
396
 75
     0
 76
     1
 98
        0
  0
REGION
  5
399
102
{ACAD_REACTORS
330
39A
102
}
330
38F
100
AcDbEntity
  8
PadHoleLayer
 62
   156
100
AcDbModelerGeometry
290
     0
  2
{00000000-0000-0000-0000-000000000000}
  0
HATCH
  5
39A
330
38F
100
AcDbEntity
  8
PadHoleLayer
 62
   156
100
AcDbHatch
 10
0.0
 20
0.0
 30
0.0
210
0.0
220
0.0
230
1.0
  2
SOLID
 70
     1
 71
     1
 91
        1
 92
        1
 93
        1
 72
     2
 10
2.54
 20
0.0
 40
0.499999
 50
0.0
 51
360.0
 73
     1
 97
        1
330
399
 75
     0
 76
     1
 98
        0
  0
REGION
  5
39C
102
{ACAD_REACTORS
330
39D
102
}
330
38F
100
AcDbEntity
  8
PadHoleLayer
 62
   156
100
AcDbModelerGeometry
290
     0
  2
{00000000-0000-0000-0000-000000000000}
  0
HATCH
  5
39D
330
38F
100
AcDbEntity
  8
PadHoleLayer
 62
   156
100
AcDbHatch
 10
0.0
 20
0.0
 30
0.0
210
0.0
220
0.0
230
1.0
  2
SOLID
 70
     1
 71
     1
 91
        1
 92
        1
 93
        1
 72
     2
 10
0.0
 20
0.0
 40
0.499999
 50
0.0
 51
360.0
 73
     1
 97
        1
330
39C
 75
     0
 76
     1
 98
        0
  0
ENDBLK
  5
391
330
38F
100
AcDbEntity
  8
0
100
AcDbBlockEnd
  0
BLOCK
  5
3A0
330
39F
100
AcDbEntity
  8
0
100
AcDbBlockBegin
  2
4____________62
 70
     0
 10
0.0
 20
0.0
 30
0.0
  3
4____________62
  1

  0
REGION
  5
3A3
102
{ACAD_REACTORS
330
3A4
102
}
330
39F
100
AcDbEntity
  8
PadHoleLayer
 62
   156
100
AcDbModelerGeometry
290
     0
  2
{00000000-0000-0000-0000-000000000000}
  0
HATCH
  5
3A4
330
39F
100
AcDbEntity
  8
PadHoleLayer
 62
   156
100
AcDbHatch
 10
0.0
 20
0.0
 30
0.0
210
0.0
220
0.0
230
1.0
  2
SOLID
 70
     1
 71
     1
 91
        1
 92
        1
 93
        1
 72
     2
 10
0.0
 20
0.0
 40
0.499999
 50
0.0
 51
360.0
 73
     1
 97
        1
330
3A3
 75
     0
 76
     1
 98
        0
  0
REGION
  5
3A6
102
{ACAD_REACTORS
330
3A7
102
}
330
39F
100
AcDbEntity
  8
PadHoleLayer
 62
   156
100
AcDbModelerGeometry
290
     0
  2
{00000000-0000-0000-0000-000000000000}
  0
HATCH
  5
3A7
330
39F
100
AcDbEntity
  8
PadHoleLayer
 62
   156
100
AcDbHatch
 10
0.0
 20
0.0
 30
0.0
210
0.0
220
0.0
230
1.0
  2
SOLID
 70
     1
 71
     1
 91
        1
 92
        1
 93
        1
 72
     2
 10
2.54
 20
0.0
 40
0.499999
 50
0.0
 51
360.0
 73
     1
 97
        1
330
3A6
 75
     0
 76
     1
 98
        0
  0
REGION
  5
3A9
102
{ACAD_REACTORS
330
3AA
102
}
330
39F
100
AcDbEntity
  8
PadHoleLayer
 62
   156
100
AcDbModelerGeometry
290
     0
  2
{00000000-0000-0000-0000-000000000000}
  0
HATCH
  5
3AA
330
39F
100
AcDbEntity
  8
PadHoleLayer
 62
   156
100
AcDbHatch
 10
0.0
 20
0.0
 30
0.0
210
0.0
220
0.0
230
1.0
  2
SOLID
 70
     1
 71
     1
 91
        1
 92
        1
 93
        1
 72
     2
 10
5.08
 20
0.0
 40
0.499999
 50
0.0
 51
360.0
 73
     1
 97
        1
330
3A9
 75
     0
 76
     1
 98
        0
  0
REGION
  5
3AC
102
{ACAD_REACTORS
330
3AD
102
}
330
39F
100
AcDbEntity
  8
PadHoleLayer
 62
   156
100
AcDbModelerGeometry
290
     0
  2
{00000000-0000-0000-0000-000000000000}
  0
HATCH
  5
3AD
330
39F
100
AcDbEntity
  8
PadHoleLayer
 62
   156
100
AcDbHatch
 10
0.0
 20
0.0
 30
0.0
210
0.0
220
0.0
230
1.0
  2
SOLID
 70
     1
 71
     1
 91
        1
 92
        1
 93
        1
 72
     2
 10
7.619999999999999
 20
0.0
 40
0.499999
 50
0.0
 51
360.0
 73
     1
 97
        1
330
3AC
 75
     0
 76
     1
 98
        0
  0
ENDBLK
  5
3A1
330
39F
100
AcDbEntity
  8
0
100
AcDbBlockEnd
  0
BLOCK
  5
3B0
330
3AF
100
AcDbEntity
  8
0
100
AcDbBlockBegin
  2
TTC_ENCODER_63
 70
     0
 10
0.0
 20
0.0
 30
0.0
  3
TTC_ENCODER_63
  1

  0
REGION
  5
3B3
102
{ACAD_REACTORS
330
3B4
102
}
330
3AF
100
AcDbEntity
  8
MultiLayer
 62
     9
100
AcDbModelerGeometry
290
     0
  2
{00000000-0000-0000-0000-000000000000}
  0
HATCH
  5
3B4
330
3AF
100
AcDbEntity
  8
MultiLayer
 62
     9
100
AcDbHatch
 10
0.0
 20
0.0
 30
0.0
210
0.0
220
0.0
230
1.0
  2
SOLID
 70
     1
 71
     1
 91
        1
 92
        1
 93
        1
 72
     2
 10
2.50000008
 20
2.50000008
 40
0.7619999999999999
 50
0.0
 51
360.0
 73
     1
 97
        1
330
3B3
 75
     0
 76
     1
 98
        0
  0
REGION
  5
3B6
102
{ACAD_REACTORS
330
3B7
102
}
330
3AF
100
AcDbEntity
  8
PadHoleLayer
 62
   156
100
AcDbModelerGeometry
290
     0
  2
{00000000-0000-0000-0000-000000000000}
  0
HATCH
  5
3B7
330
3AF
100
AcDbEntity
  8
PadHoleLayer
 62
   156
100
AcDbHatch
 10
0.0
 20
0.0
 30
0.0
210
0.0
220
0.0
230
1.0
  2
SOLID
 70
     1
 71
     1
 91
        1
 92
        1
 93
        1
 72
     2
 10
2.50000008
 20
2.50000008
 40
0.499999
 50
0.0
 51
360.0
 73
     1
 97
        1
330
3B6
 75
     0
 76
     1
 98
        0
  0
REGION
  5
3BC
102
{ACAD_REACTORS
330
3BD
102
}
330
3AF
100
AcDbEntity
  8
MultiLayer
 62
     9
100
AcDbModelerGeometry
290
     0
  2
{00000000-0000-0000-0000-000000000000}
  0
HATCH
  5
3BD
330
3AF
100
AcDbEntity
  8
MultiLayer
 62
     9
100
AcDbHatch
 10
0.0
 20
0.0
 30
0.0
210
0.0
220
0.0
230
1.0
  2
SOLID
 70
     1
 71
     1
 91
        1
 92
        1
 93
        4
 72
     2
 10
7.00000124
 20
1.75000158
 40
1.25000004
 50
180.0
 51
360.0
 73
     1
 72
     1
 10
8.250001280000001
 20
1.75000158
 11
8.250001280000001
 21
2.25000058
 72
     2
 10
7.00000124
 20
2.25000058
 40
1.25000004
 50
0.0
 51
180.0
 73
     1
 72
     1
 10
5.750001200000001
 20
2.25000058
 11
5.750001200000001
 21
1.75000158
 97
        1
330
3BC
 75
     0
 76
     1
 98
        0
  0
REGION
  5
3C2
102
{ACAD_REACTORS
330
3C3
102
}
330
3AF
100
AcDbEntity
  8
PadHoleLayer
 62
   156
100
AcDbModelerGeometry
290
     0
  2
{00000000-0000-0000-0000-000000000000}
  0
HATCH
  5
3C3
330
3AF
100
AcDbEntity
  8
PadHoleLayer
 62
   156
100
AcDbHatch
 10
0.0
 20
0.0
 30
0.0
210
0.0
220
0.0
230
1.0
  2
SOLID
 70
     1
 71
     1
 91
        1
 92
        1
 93
        4
 72
     2
 10
7.00000124
 20
1.74999904
 40
0.8999982
 50
180.0
 51
360.0
 73
     1
 72
     1
 10
7.89999944
 20
1.74999904
 11
7.89999944
 21
2.25000312
 72
     2
 10
7.00000124
 20
2.25000312
 40
0.8999982
 50
0.0
 51
180.0
 73
     1
 72
     1
 10
6.100003040000001
 20
2.25000312
 11
6.100003040000001
 21
1.74999904
 97
        1
330
3C2
 75
     0
 76
     1
 98
        0
  0
REGION
  5
3C8
102
{ACAD_REACTORS
330
3C9
102
}
330
3AF
100
AcDbEntity
  8
MultiLayer
 62
     9
100
AcDbModelerGeometry
290
     0
  2
{00000000-0000-0000-0000-000000000000}
  0
HATCH
  5
3C9
330
3AF
100
AcDbEntity
  8
MultiLayer
 62
     9
100
AcDbHatch
 10
0.0
 20
0.0
 30
0.0
210
0.0
220
0.0
230
1.0
  2
SOLID
 70
     1
 71
     1
 91
        1
 92
        1
 93
        4
 72
     2
 10
-2.00000108
 20
1.75000158
 40
1.25000004
 50
180.0
 51
360.0
 73
     1
 72
     1
 10
-0.7500010399999997
 20
1.75000158
 11
-0.7500010399999997
 21
2.25000058
 72
     2
 10
-2.00000108
 20
2.25000058
 40
1.25000004
 50
0.0
 51
180.0
 73
     1
 72
     1
 10
-3.250001119999999
 20
2.25000058
 11
-3.250001119999999
 21
1.75000158
 97
        1
330
3C8
 75
     0
 76
     1
 98
        0
  0
REGION
  5
3CE
102
{ACAD_REACTORS
330
3CF
102
}
330
3AF
100
AcDbEntity
  8
PadHoleLayer
 62
   156
100
AcDbModelerGeometry
290
     0
  2
{00000000-0000-0000-0000-000000000000}
  0
HATCH
  5
3CF
330
3AF
100
AcDbEntity
  8
PadHoleLayer
 62
   156
100
AcDbHatch
 10
0.0
 20
0.0
 30
0.0
210
0.0
220
0.0
230
1.0
  2
SOLID
 70
     1
 71
     1
 91
        1
 92
        1
 93
        4
 72
     2
 10
-2.00000108
 20
1.74999904
 40
0.8999982
 50
180.0
 51
360.0
 73
     1
 72
     1
 10
-1.10000288
 20
1.74999904
 11
-1.10000288
 21
2.25000312
 72
     2
 10
-2.00000108
 20
2.25000312
 40
0.8999982
 50
0.0
 51
180.0
 73
     1
 72
     1
 10
-2.899999279999999
 20
2.25000312
 11
-2.899999279999999
 21
1.74999904
 97
        1
330
3CE
 75
     0
 76
     1
 98
        0
  0
REGION
  5
3D1
102
{ACAD_REACTORS
330
3D2
102
}
330
3AF
100
AcDbEntity
  8
MultiLayer
 62
     9
100
AcDbModelerGeometry
290
     0
  2
{00000000-0000-0000-0000-000000000000}
  0
HATCH
  5
3D2
330
3AF
100
AcDbEntity
  8
MultiLayer
 62
     9
100
AcDbHatch
 10
0.0
 20
0.0
 30
0.0
210
0.0
220
0.0
230
1.0
  2
SOLID
 70
     1
 71
     1
 91
        1
 92
        1
 93
        1
 72
     2
 10
5.00000016
 20
0.0
 40
0.7619999999999999
 50
0.0
 51
360.0
 73
     1
 97
        1
330
3D1
 75
     0
 76
     1
 98
        0
  0
REGION
  5
3D4
102
{ACAD_REACTORS
330
3D5
102
}
330
3AF
100
AcDbEntity
  8
PadHoleLayer
 62
   156
100
AcDbModelerGeometry
290
     0
  2
{00000000-0000-0000-0000-000000000000}
  0
HATCH
  5
3D5
330
3AF
100
AcDbEntity
  8
PadHoleLayer
 62
   156
100
AcDbHatch
 10
0.0
 20
0.0
 30
0.0
210
0.0
220
0.0
230
1.0
  2
SOLID
 70
     1
 71
     1
 91
        1
 92
        1
 93
        1
 72
     2
 10
5.00000016
 20
0.0
 40
0.499999
 50
0.0
 51
360.0
 73
     1
 97
        1
330
3D4
 75
     0
 76
     1
 98
        0
  0
REGION
  5
3D7
102
{ACAD_REACTORS
330
3D8
102
}
330
3AF
100
AcDbEntity
  8
MultiLayer
 62
     9
100
AcDbModelerGeometry
290
     0
  2
{00000000-0000-0000-0000-000000000000}
  0
HATCH
  5
3D8
330
3AF
100
AcDbEntity
  8
MultiLayer
 62
     9
100
AcDbHatch
 10
0.0
 20
0.0
 30
0.0
210
0.0
220
0.0
230
1.0
  2
SOLID
 70
     1
 71
     1
 91
        1
 92
        1
 93
        1
 72
     2
 10
2.50000008
 20
0.0
 40
0.7619999999999999
 50
0.0
 51
360.0
 73
     1
 97
        1
330
3D7
 75
     0
 76
     1
 98
        0
  0
REGION
  5
3DA
102
{ACAD_REACTORS
330
3DB
102
}
330
3AF
100
AcDbEntity
  8
PadHoleLayer
 62
   156
100
AcDbModelerGeometry
290
     0
  2
{00000000-0000-0000-0000-000000000000}
  0
HATCH
  5
3DB
330
3AF
100
AcDbEntity
  8
PadHoleLayer
 62
   156
100
AcDbHatch
 10
0.0
 20
0.0
 30
0.0
210
0.0
220
0.0
230
1.0
  2
SOLID
 70
     1
 71
     1
 91
        1
 92
        1
 93
        1
 72
     2
 10
2.50000008
 20
0.0
 40
0.499999
 50
0.0
 51
360.0
 73
     1
 97
        1
330
3DA
 75
     0
 76
     1
 98
        0
  0
REGION
  5
3DD
102
{ACAD_REACTORS
330
3DE
102
}
330
3AF
100
AcDbEntity
  8
MultiLayer
 62
     9
100
AcDbModelerGeometry
290
     0
  2
{00000000-0000-0000-0000-000000000000}
  0
HATCH
  5
3DE
330
3AF
100
AcDbEntity
  8
MultiLayer
 62
     9
100
AcDbHatch
 10
0.0
 20
0.0
 30
0.0
210
0.0
220
0.0
230
1.0
  2
SOLID
 70
     1
 71
     1
 91
        1
 92
        1
 93
        1
 72
     2
 10
0.0
 20
0.0
 40
0.7619999999999999
 50
0.0
 51
360.0
 73
     1
 97
        1
330
3DD
 75
     0
 76
     1
 98
        0
  0
REGION
  5
3E0
102
{ACAD_REACTORS
330
3E1
102
}
330
3AF
100
AcDbEntity
  8
PadHoleLayer
 62
   156
100
AcDbModelerGeometry
290
     0
  2
{00000000-0000-0000-0000-000000000000}
  0
HATCH
  5
3E1
330
3AF
100
AcDbEntity
  8
PadHoleLayer
 62
   156
100
AcDbHatch
 10
0.0
 20
0.0
 30
0.0
210
0.0
220
0.0
230
1.0
  2
SOLID
 70
     1
 71
     1
 91
        1
 92
        1
 93
        1
 72
     2
 10
0.0
 20
0.0
 40
0.499999
 50
0.0
 51
360.0
 73
     1
 97
        1
330
3E0
 75
     0
 76
     1
 98
        0
  0
ENDBLK
  5
3B1
330
3AF
100
AcDbEntity
  8
0
100
AcDbBlockEnd
  0
BLOCK
  5
3E4
330
3E3
100
AcDbEntity
  8
0
100
AcDbBlockBegin
  2
MOUSE_LED_B_64
 70
     0
 10
0.0
 20
0.0
 30
0.0
  3
MOUSE_LED_B_64
  1

  0
ENDBLK
  5
3E5
330
3E3
100
AcDbEntity
  8
0
100
AcDbBlockEnd
  0
BLOCK
  5
3E8
330
3E7
100
AcDbEntity
  8
0
100
AcDbBlockBegin
  2
DIO_TPD4E02B04DQAR_B_65
 70
     0
 10
0.0
 20
0.0
 30
0.0
  3
DIO_TPD4E02B04DQAR_B_65
  1

  0
ENDBLK
  5
3E9
330
3E7
100
AcDbEntity
  8
0
100
AcDbBlockEnd
  0
BLOCK
  5
3EC
330
3EB
100
AcDbEntity
  8
0
100
AcDbBlockBegin
  2
CAP_0603_1608_66
 70
     0
 10
0.0
 20
0.0
 30
0.0
  3
CAP_0603_1608_66
  1

  0
ENDBLK
  5
3ED
330
3EB
100
AcDbEntity
  8
0
100
AcDbBlockEnd
  0
BLOCK
  5
3F0
330
3EF
100
AcDbEntity
  8
0
100
AcDbBlockBegin
  2
CAP_0603_1608_67
 70
     0
 10
0.0
 20
0.0
 30
0.0
  3
CAP_0603_1608_67
  1

  0
ENDBLK
  5
3F1
330
3EF
100
AcDbEntity
  8
0
100
AcDbBlockEnd
  0
BLOCK
  5
3F4
330
3F3
100
AcDbEntity
  8
0
100
AcDbBlockBegin
  2
CAP_0603_1608_68
 70
     0
 10
0.0
 20
0.0
 30
0.0
  3
CAP_0603_1608_68
  1

  0
ENDBLK
  5
3F5
330
3F3
100
AcDbEntity
  8
0
100
AcDbBlockEnd
  0
BLOCK
  5
3F8
330
3F7
100
AcDbEntity
  8
0
100
AcDbBlockBegin
  2
CAP_0603_1608_69
 70
     0
 10
0.0
 20
0.0
 30
0.0
  3
CAP_0603_1608_69
  1

  0
ENDBLK
  5
3F9
330
3F7
100
AcDbEntity
  8
0
100
AcDbBlockEnd
  0
BLOCK
  5
3FC
330
3FB
100
AcDbEntity
  8
0
100
AcDbBlockBegin
  2
CAP_0603_1608_70
 70
     0
 10
0.0
 20
0.0
 30
0.0
  3
CAP_0603_1608_70
  1

  0
ENDBLK
  5
3FD
330
3FB
100
AcDbEntity
  8
0
100
AcDbBlockEnd
  0
BLOCK
  5
400
330
3FF
100
AcDbEntity
  8
0
100
AcDbBlockBegin
  2
CAP_0603_1608_71
 70
     0
 10
0.0
 20
0.0
 30
0.0
  3
CAP_0603_1608_71
  1

  0
ENDBLK
  5
401
330
3FF
100
AcDbEntity
  8
0
100
AcDbBlockEnd
  0
BLOCK
  5
404
330
403
100
AcDbEntity
  8
0
100
AcDbBlockBegin
  2
CAP_0603_1608_72
 70
     0
 10
0.0
 20
0.0
 30
0.0
  3
CAP_0603_1608_72
  1

  0
ENDBLK
  5
405
330
403
100
AcDbEntity
  8
0
100
AcDbBlockEnd
  0
BLOCK
  5
408
330
407
100
AcDbEntity
  8
0
100
AcDbBlockBegin
  2
CAP_0603_1608_73
 70
     0
 10
0.0
 20
0.0
 30
0.0
  3
CAP_0603_1608_73
  1

  0
ENDBLK
  5
409
330
407
100
AcDbEntity
  8
0
100
AcDbBlockEnd
  0
BLOCK
  5
40C
330
40B
100
AcDbEntity
  8
0
100
AcDbBlockBegin
  2
CAP_0603_1608_74
 70
     0
 10
0.0
 20
0.0
 30
0.0
  3
CAP_0603_1608_74
  1

  0
ENDBLK
  5
40D
330
40B
100
AcDbEntity
  8
0
100
AcDbBlockEnd
  0
BLOCK
  5
410
330
40F
100
AcDbEntity
  8
0
100
AcDbBlockBegin
  2
CAP_0603_1608_75
 70
     0
 10
0.0
 20
0.0
 30
0.0
  3
CAP_0603_1608_75
  1

  0
ENDBLK
  5
411
330
40F
100
AcDbEntity
  8
0
100
AcDbBlockEnd
  0
BLOCK
  5
414
330
413
100
AcDbEntity
  8
0
100
AcDbBlockBegin
  2
SOT89_3_76
 70
     0
 10
0.0
 20
0.0
 30
0.0
  3
SOT89_3_76
  1

  0
ENDBLK
  5
415
330
413
100
AcDbEntity
  8
0
100
AcDbBlockEnd
  0
ENDSEC
  0
SECTION
  2
ENTITIES
  0
LWPOLYLINE
  5
72
330
1F
100
AcDbEntity
  8
Mechanical7
100
AcDbPolyline
 90
        2
 70
     0
 43
0.254
 10
34.925
 20
17.145
 10
44.958
 20
17.145
  0
LWPOLYLINE
  5
73
330
1F
100
AcDbEntity
  8
Mechanical7
100
AcDbPolyline
 90
        2
 70
     1
 43
0.127
 10
34.8615
 20
17.145
 42
1.0
 10
34.98849999999999
 20
17.145
 42
1.0
  0
LWPOLYLINE
  5
74
330
1F
100
AcDbEntity
  8
Mechanical7
100
AcDbPolyline
 90
        2
 70
     1
 43
0.127
 10
44.8945
 20
17.145
 42
1.0
 10
45.0215
 20
17.145
 42
1.0
  0
LWPOLYLINE
  5
75
330
1F
100
AcDbEntity
  8
Mechanical7
100
AcDbPolyline
 90
        2
 70
     0
 43
0.254
 10
34.925
 20
26.035
 10
44.958
 20
26.035
  0
LWPOLYLINE
  5
76
330
1F
100
AcDbEntity
  8
Mechanical7
100
AcDbPolyline
 90
        2
 70
     1
 43
0.127
 10
34.8615
 20
26.035
 42
1.0
 10
34.98849999999999
 20
26.035
 42
1.0
  0
LWPOLYLINE
  5
77
330
1F
100
AcDbEntity
  8
Mechanical7
100
AcDbPolyline
 90
        2
 70
     1
 43
0.127
 10
44.8945
 20
26.035
 42
1.0
 10
45.0215
 20
26.035
 42
1.0
  0
LWPOLYLINE
  5
78
330
1F
100
AcDbEntity
  8
Mechanical7
100
AcDbPolyline
 90
        2
 70
     0
 43
0.254
 10
44.958
 20
17.145
 10
44.958
 20
26.035
  0
LWPOLYLINE
  5
79
330
1F
100
AcDbEntity
  8
Mechanical7
100
AcDbPolyline
 90
        2
 70
     1
 43
0.127
 10
44.8945
 20
17.145
 42
1.0
 10
45.0215
 20
17.145
 42
1.0
  0
LWPOLYLINE
  5
7A
330
1F
100
AcDbEntity
  8
Mechanical7
100
AcDbPolyline
 90
        2
 70
     1
 43
0.127
 10
44.8945
 20
26.035
 42
1.0
 10
45.0215
 20
26.035
 42
1.0
  0
LWPOLYLINE
  5
7B
330
1F
100
AcDbEntity
  8
Mechanical7
100
AcDbPolyline
 90
        2
 70
     0
 43
0.254
 10
34.925
 20
17.145
 10
34.925
 20
26.035
  0
LWPOLYLINE
  5
7C
330
1F
100
AcDbEntity
  8
Mechanical7
100
AcDbPolyline
 90
        2
 70
     1
 43
0.127
 10
34.8615
 20
17.145
 42
1.0
 10
34.98849999999999
 20
17.145
 42
1.0
  0
LWPOLYLINE
  5
7D
330
1F
100
AcDbEntity
  8
Mechanical7
100
AcDbPolyline
 90
        2
 70
     1
 43
0.127
 10
34.8615
 20
26.035
 42
1.0
 10
34.98849999999999
 20
26.035
 42
1.0
  0
LWPOLYLINE
  5
7E
330
1F
100
AcDbEntity
  8
Mechanical7
100
AcDbPolyline
 90
        2
 70
     0
 43
0.254
 10
9.000063279999999
 20
18.53671172
 10
12.53571534
 20
14.99921308
  0
LWPOLYLINE
  5
7F
330
1F
100
AcDbEntity
  8
Mechanical7
100
AcDbPolyline
 90
        2
 70
     1
 43
0.127
 10
8.93656328
 20
18.53671172
 42
1.0
 10
9.06356328
 20
18.53671172
 42
1.0
  0
LWPOLYLINE
  5
80
330
1F
100
AcDbEntity
  8
Mechanical7
100
AcDbPolyline
 90
        2
 70
     1
 43
0.127
 10
12.47221534
 20
14.99921308
 42
1.0
 10
12.59921534
 20
14.99921308
 42
1.0
  0
LWPOLYLINE
  5
81
330
1F
100
AcDbEntity
  8
Mechanical7
100
AcDbPolyline
 90
        2
 70
     0
 43
0.254
 10
12.53571534
 20
14.99921308
 10
25.46447536
 20
14.99924102
  0
LWPOLYLINE
  5
82
330
1F
100
AcDbEntity
  8
Mechanical7
100
AcDbPolyline
 90
        2
 70
     1
 43
0.127
 10
12.47221534
 20
14.99921308
 42
1.0
 10
12.59921534
 20
14.99921308
 42
1.0
  0
LWPOLYLINE
  5
83
330
1F
100
AcDbEntity
  8
Mechanical7
100
AcDbPolyline
 90
        2
 70
     1
 43
0.127
 10
25.40097536
 20
14.99924102
 42
1.0
 10
25.52797536
 20
14.99924102
 42
1.0
  0
LWPOLYLINE
  5
84
330
1F
100
AcDbEntity
  8
Mechanical7
100
AcDbPolyline
 90
        2
 70
     0
 43
0.254
 10
25.46447536
 20
14.99924102
 10
29.00001312
 20
18.53671172
  0
LWPOLYLINE
  5
85
330
1F
100
AcDbEntity
  8
Mechanical7
100
AcDbPolyline
 90
        2
 70
     1
 43
0.127
 10
25.40097536
 20
14.99924102
 42
1.0
 10
25.52797536
 20
14.99924102
 42
1.0
  0
LWPOLYLINE
  5
86
330
1F
100
AcDbEntity
  8
Mechanical7
100
AcDbPolyline
 90
        2
 70
     1
 43
0.127
 10
28.93651312
 20
18.53671172
 42
1.0
 10
29.06351312
 20
18.53671172
 42
1.0
  0
LWPOLYLINE
  5
87
330
1F
100
AcDbEntity
  8
Mechanical7
100
AcDbPolyline
 90
        2
 70
     0
 43
0.254
 10
29.00001312
 20
18.53671172
 10
29.00005376
 20
24.46334198
  0
LWPOLYLINE
  5
88
330
1F
100
AcDbEntity
  8
Mechanical7
100
AcDbPolyline
 90
        2
 70
     1
 43
0.127
 10
28.93651312
 20
18.53671172
 42
1.0
 10
29.06351312
 20
18.53671172
 42
1.0
  0
LWPOLYLINE
  5
89
330
1F
100
AcDbEntity
  8
Mechanical7
100
AcDbPolyline
 90
        2
 70
     1
 43
0.127
 10
28.93655376
 20
24.46334198
 42
1.0
 10
29.06355376
 20
24.46334198
 42
1.0
  0
LWPOLYLINE
  5
8A
330
1F
100
AcDbEntity
  8
Mechanical7
100
AcDbPolyline
 90
        2
 70
     0
 43
0.254
 10
25.46451346
 20
28.00081268
 10
29.00005376
 20
24.46334198
  0
LWPOLYLINE
  5
8B
330
1F
100
AcDbEntity
  8
Mechanical7
100
AcDbPolyline
 90
        2
 70
     1
 43
0.127
 10
25.40101346
 20
28.00081268
 42
1.0
 10
25.52801346
 20
28.00081268
 42
1.0
  0
LWPOLYLINE
  5
8C
330
1F
100
AcDbEntity
  8
Mechanical7
100
AcDbPolyline
 90
        2
 70
     1
 43
0.127
 10
28.93655376
 20
24.46334198
 42
1.0
 10
29.06355376
 20
24.46334198
 42
1.0
  0
LWPOLYLINE
  5
8D
330
1F
100
AcDbEntity
  8
Mechanical7
100
AcDbPolyline
 90
        2
 70
     0
 43
0.254
 10
12.53568486
 20
28.0007822
 10
25.46451346
 20
28.00081268
  0
LWPOLYLINE
  5
8E
330
1F
100
AcDbEntity
  8
Mechanical7
100
AcDbPolyline
 90
        2
 70
     1
 43
0.127
 10
12.47218486
 20
28.0007822
 42
1.0
 10
12.59918486
 20
28.0007822
 42
1.0
  0
LWPOLYLINE
  5
8F
330
1F
100
AcDbEntity
  8
Mechanical7
100
AcDbPolyline
 90
        2
 70
     1
 43
0.127
 10
25.40101346
 20
28.00081268
 42
1.0
 10
25.52801346
 20
28.00081268
 42
1.0
  0
LWPOLYLINE
  5
90
330
1F
100
AcDbEntity
  8
Mechanical7
100
AcDbPolyline
 90
        2
 70
     0
 43
0.254
 10
9.000063279999999
 20
24.4633115
 10
12.53568486
 20
28.0007822
  0
LWPOLYLINE
  5
91
330
1F
100
AcDbEntity
  8
Mechanical7
100
AcDbPolyline
 90
        2
 70
     1
 43
0.127
 10
8.93656328
 20
24.4633115
 42
1.0
 10
9.06356328
 20
24.4633115
 42
1.0
  0
LWPOLYLINE
  5
92
330
1F
100
AcDbEntity
  8
Mechanical7
100
AcDbPolyline
 90
        2
 70
     1
 43
0.127
 10
12.47218486
 20
28.0007822
 42
1.0
 10
12.59918486
 20
28.0007822
 42
1.0
  0
LWPOLYLINE
  5
93
330
1F
100
AcDbEntity
  8
Mechanical7
100
AcDbPolyline
 90
        2
 70
     0
 43
0.254
 10
9.000063279999999
 20
18.53671172
 10
9.000063279999999
 20
24.4633115
  0
LWPOLYLINE
  5
94
330
1F
100
AcDbEntity
  8
Mechanical7
100
AcDbPolyline
 90
        2
 70
     1
 43
0.127
 10
8.93656328
 20
18.53671172
 42
1.0
 10
9.06356328
 20
18.53671172
 42
1.0
  0
LWPOLYLINE
  5
95
330
1F
100
AcDbEntity
  8
Mechanical7
100
AcDbPolyline
 90
        2
 70
     1
 43
0.127
 10
8.93656328
 20
24.4633115
 42
1.0
 10
9.06356328
 20
24.4633115
 42
1.0
  0
LWPOLYLINE
  5
96
330
1F
100
AcDbEntity
  8
Mechanical7
100
AcDbPolyline
 90
        2
 70
     0
 43
0.254
 10
0.00000508
 20
13.99911094
 10
14.00011424
 20
-0.00000508
  0
LWPOLYLINE
  5
97
330
1F
100
AcDbEntity
  8
Mechanical7
100
AcDbPolyline
 90
        2
 70
     1
 43
0.127
 10
-0.06349492
 20
13.99911094
 42
1.0
 10
0.06350508
 20
13.99911094
 42
1.0
  0
LWPOLYLINE
  5
98
330
1F
100
AcDbEntity
  8
Mechanical7
100
AcDbPolyline
 90
        2
 70
     1
 43
0.127
 10
13.93661424
 20
-0.00000508
 42
1.0
 10
14.06361424
 20
-0.00000508
 42
1.0
  0
LWPOLYLINE
  5
99
330
1F
100
AcDbEntity
  8
Mechanical7
100
AcDbPolyline
 90
        2
 70
     0
 43
0.254
 10
14.00011424
 20
-0.00000508
 10
66.00001531999999
 20
-0.00000508
  0
LWPOLYLINE
  5
9A
330
1F
100
AcDbEntity
  8
Mechanical7
100
AcDbPolyline
 90
        2
 70
     1
 43
0.127
 10
13.93661424
 20
-0.00000508
 42
1.0
 10
14.06361424
 20
-0.00000508
 42
1.0
  0
LWPOLYLINE
  5
9B
330
1F
100
AcDbEntity
  8
Mechanical7
100
AcDbPolyline
 90
        2
 70
     1
 43
0.127
 10
65.93651532
 20
-0.00000508
 42
1.0
 10
66.06351532000001
 20
-0.00000508
 42
1.0
  0
LWPOLYLINE
  5
9C
330
1F
100
AcDbEntity
  8
Mechanical7
100
AcDbPolyline
 90
        2
 70
     0
 43
0.254
 10
66.00001531999999
 20
-0.00000508
 10
79.9998146
 20
13.99911094
  0
LWPOLYLINE
  5
9D
330
1F
100
AcDbEntity
  8
Mechanical7
100
AcDbPolyline
 90
        2
 70
     1
 43
0.127
 10
65.93651532
 20
-0.00000508
 42
1.0
 10
66.06351532000001
 20
-0.00000508
 42
1.0
  0
LWPOLYLINE
  5
9E
330
1F
100
AcDbEntity
  8
Mechanical7
100
AcDbPolyline
 90
        2
 70
     1
 43
0.127
 10
79.93631459999999
 20
13.99911094
 42
1.0
 10
80.0633146
 20
13.99911094
 42
1.0
  0
LWPOLYLINE
  5
9F
330
1F
100
AcDbEntity
  8
Mechanical7
100
AcDbPolyline
 90
        2
 70
     0
 43
0.254
 10
79.9998146
 20
13.99911094
 10
79.9998146
 20
29.00091228
  0
LWPOLYLINE
  5
A0
330
1F
100
AcDbEntity
  8
Mechanical7
100
AcDbPolyline
 90
        2
 70
     1
 43
0.127
 10
79.93631459999999
 20
13.99911094
 42
1.0
 10
80.0633146
 20
13.99911094
 42
1.0
  0
LWPOLYLINE
  5
A1
330
1F
100
AcDbEntity
  8
Mechanical7
100
AcDbPolyline
 90
        2
 70
     1
 43
0.127
 10
79.93631459999999
 20
29.00091228
 42
1.0
 10
80.0633146
 20
29.00091228
 42
1.0
  0
LWPOLYLINE
  5
A2
330
1F
100
AcDbEntity
  8
Mechanical7
100
AcDbPolyline
 90
        2
 70
     0
 43
0.254
 10
66.00001531999999
 20
43.00001305999999
 10
79.9998146
 20
29.00091228
  0
LWPOLYLINE
  5
A3
330
1F
100
AcDbEntity
  8
Mechanical7
100
AcDbPolyline
 90
        2
 70
     1
 43
0.127
 10
65.93651532
 20
43.00001305999999
 42
1.0
 10
66.06351532000001
 20
43.00001305999999
 42
1.0
  0
LWPOLYLINE
  5
A4
330
1F
100
AcDbEntity
  8
Mechanical7
100
AcDbPolyline
 90
        2
 70
     1
 43
0.127
 10
79.93631459999999
 20
29.00091228
 42
1.0
 10
80.0633146
 20
29.00091228
 42
1.0
  0
LWPOLYLINE
  5
A5
330
1F
100
AcDbEntity
  8
Mechanical7
100
AcDbPolyline
 90
        2
 70
     0
 43
0.254
 10
14.00011424
 20
43.00001305999999
 10
66.00001531999999
 20
43.00001305999999
  0
LWPOLYLINE
  5
A6
330
1F
100
AcDbEntity
  8
Mechanical7
100
AcDbPolyline
 90
        2
 70
     1
 43
0.127
 10
13.93661424
 20
43.00001305999999
 42
1.0
 10
14.06361424
 20
43.00001305999999
 42
1.0
  0
LWPOLYLINE
  5
A7
330
1F
100
AcDbEntity
  8
Mechanical7
100
AcDbPolyline
 90
        2
 70
     1
 43
0.127
 10
65.93651532
 20
43.00001305999999
 42
1.0
 10
66.06351532000001
 20
43.00001305999999
 42
1.0
  0
LWPOLYLINE
  5
A8
330
1F
100
AcDbEntity
  8
Mechanical7
100
AcDbPolyline
 90
        2
 70
     0
 43
0.254
 10
0.00000508
 20
29.00091228
 10
14.00011424
 20
43.00001305999999
  0
LWPOLYLINE
  5
A9
330
1F
100
AcDbEntity
  8
Mechanical7
100
AcDbPolyline
 90
        2
 70
     1
 43
0.127
 10
-0.06349492
 20
29.00091228
 42
1.0
 10
0.06350508
 20
29.00091228
 42
1.0
  0
LWPOLYLINE
  5
AA
330
1F
100
AcDbEntity
  8
Mechanical7
100
AcDbPolyline
 90
        2
 70
     1
 43
0.127
 10
13.93661424
 20
43.00001305999999
 42
1.0
 10
14.06361424
 20
43.00001305999999
 42
1.0
  0
LWPOLYLINE
  5
AB
330
1F
100
AcDbEntity
  8
Mechanical7
100
AcDbPolyline
 90
        2
 70
     0
 43
0.254
 10
0.00000508
 20
13.99911094
 10
0.00000508
 20
29.00091228
  0
LWPOLYLINE
  5
AC
330
1F
100
AcDbEntity
  8
Mechanical7
100
AcDbPolyline
 90
        2
 70
     1
 43
0.127
 10
-0.06349492
 20
13.99911094
 42
1.0
 10
0.06350508
 20
13.99911094
 42
1.0
  0
LWPOLYLINE
  5
AD
330
1F
100
AcDbEntity
  8
Mechanical7
100
AcDbPolyline
 90
        2
 70
     1
 43
0.127
 10
-0.06349492
 20
29.00091228
 42
1.0
 10
0.06350508
 20
29.00091228
 42
1.0
  0
REGION
  5
AF
102
{ACAD_REACTORS
330
B0
102
}
330
1F
100
AcDbEntity
  8
ViaHoleLayer
 62
    16
100
AcDbModelerGeometry
290
     0
  2
{00000000-0000-0000-0000-000000000000}
  0
HATCH
  5
B0
330
1F
100
AcDbEntity
  8
ViaHoleLayer
 62
    16
100
AcDbHatch
 10
0.0
 20
0.0
 30
0.0
210
0.0
220
0.0
230
1.0
  2
SOLID
 70
     1
 71
     1
 91
        1
 92
        1
 93
        1
 72
     2
 10
9.270999999999999
 20
7.365999999999999
 40
0.1499997
 50
0.0
 51
360.0
 73
     1
 97
        1
330
AF
 75
     0
 76
     1
 98
        0
  0
REGION
  5
B2
102
{ACAD_REACTORS
330
B3
102
}
330
1F
100
AcDbEntity
  8
ViaHoleLayer
 62
    16
100
AcDbModelerGeometry
290
     0
  2
{00000000-0000-0000-0000-000000000000}
  0
HATCH
  5
B3
330
1F
100
AcDbEntity
  8
ViaHoleLayer
 62
    16
100
AcDbHatch
 10
0.0
 20
0.0
 30
0.0
210
0.0
220
0.0
230
1.0
  2
SOLID
 70
     1
 71
     1
 91
        1
 92
        1
 93
        1
 72
     2
 10
9.953886619999999
 20
14.14488662
 40
0.1499997
 50
0.0
 51
360.0
 73
     1
 97
        1
330
B2
 75
     0
 76
     1
 98
        0
  0
REGION
  5
B5
102
{ACAD_REACTORS
330
B6
102
}
330
1F
100
AcDbEntity
  8
ViaHoleLayer
 62
    16
100
AcDbModelerGeometry
290
     0
  2
{00000000-0000-0000-0000-000000000000}
  0
HATCH
  5
B6
330
1F
100
AcDbEntity
  8
ViaHoleLayer
 62
    16
100
AcDbHatch
 10
0.0
 20
0.0
 30
0.0
210
0.0
220
0.0
230
1.0
  2
SOLID
 70
     1
 71
     1
 91
        1
 92
        1
 93
        1
 72
     2
 10
11.557
 20
13.589
 40
0.2499995
 50
0.0
 51
360.0
 73
     1
 97
        1
330
B5
 75
     0
 76
     1
 98
        0
  0
REGION
  5
B8
102
{ACAD_REACTORS
330
B9
102
}
330
1F
100
AcDbEntity
  8
ViaHoleLayer
 62
    16
100
AcDbModelerGeometry
290
     0
  2
{00000000-0000-0000-0000-000000000000}
  0
HATCH
  5
B9
330
1F
100
AcDbEntity
  8
ViaHoleLayer
 62
    16
100
AcDbHatch
 10
0.0
 20
0.0
 30
0.0
210
0.0
220
0.0
230
1.0
  2
SOLID
 70
     1
 71
     1
 91
        1
 92
        1
 93
        1
 72
     2
 10
20.828
 20
36.195
 40
0.1499997
 50
0.0
 51
360.0
 73
     1
 97
        1
330
B8
 75
     0
 76
     1
 98
        0
  0
REGION
  5
BB
102
{ACAD_REACTORS
330
BC
102
}
330
1F
100
AcDbEntity
  8
ViaHoleLayer
 62
    16
100
AcDbModelerGeometry
290
     0
  2
{00000000-0000-0000-0000-000000000000}
  0
HATCH
  5
BC
330
1F
100
AcDbEntity
  8
ViaHoleLayer
 62
    16
100
AcDbHatch
 10
0.0
 20
0.0
 30
0.0
210
0.0
220
0.0
230
1.0
  2
SOLID
 70
     1
 71
     1
 91
        1
 92
        1
 93
        1
 72
     2
 10
25.019
 20
36.068
 40
0.1499997
 50
0.0
 51
360.0
 73
     1
 97
        1
330
BB
 75
     0
 76
     1
 98
        0
  0
REGION
  5
BE
102
{ACAD_REACTORS
330
BF
102
}
330
1F
100
AcDbEntity
  8
ViaHoleLayer
 62
    16
100
AcDbModelerGeometry
290
     0
  2
{00000000-0000-0000-0000-000000000000}
  0
HATCH
  5
BF
330
1F
100
AcDbEntity
  8
ViaHoleLayer
 62
    16
100
AcDbHatch
 10
0.0
 20
0.0
 30
0.0
210
0.0
220
0.0
230
1.0
  2
SOLID
 70
     1
 71
     1
 91
        1
 92
        1
 93
        1
 72
     2
 10
14.478
 20
36.322
 40
0.2499995
 50
0.0
 51
360.0
 73
     1
 97
        1
330
BE
 75
     0
 76
     1
 98
        0
  0
REGION
  5
C1
102
{ACAD_REACTORS
330
C2
102
}
330
1F
100
AcDbEntity
  8
ViaHoleLayer
 62
    16
100
AcDbModelerGeometry
290
     0
  2
{00000000-0000-0000-0000-000000000000}
  0
HATCH
  5
C2
330
1F
100
AcDbEntity
  8
ViaHoleLayer
 62
    16
100
AcDbHatch
 10
0.0
 20
0.0
 30
0.0
210
0.0
220
0.0
230
1.0
  2
SOLID
 70
     1
 71
     1
 91
        1
 92
        1
 93
        1
 72
     2
 10
27.22199026
 20
33.60515504
 40
0.1499997
 50
0.0
 51
360.0
 73
     1
 97
        1
330
C1
 75
     0
 76
     1
 98
        0
  0
REGION
  5
C4
102
{ACAD_REACTORS
330
C5
102
}
330
1F
100
AcDbEntity
  8
ViaHoleLayer
 62
    16
100
AcDbModelerGeometry
290
     0
  2
{00000000-0000-0000-0000-000000000000}
  0
HATCH
  5
C5
330
1F
100
AcDbEntity
  8
ViaHoleLayer
 62
    16
100
AcDbHatch
 10
0.0
 20
0.0
 30
0.0
210
0.0
220
0.0
230
1.0
  2
SOLID
 70
     1
 71
     1
 91
        1
 92
        1
 93
        1
 72
     2
 10
35.17899999999999
 20
15.748
 40
0.1499997
 50
0.0
 51
360.0
 73
     1
 97
        1
330
C4
 75
     0
 76
     1
 98
        0
  0
REGION
  5
C7
102
{ACAD_REACTORS
330
C8
102
}
330
1F
100
AcDbEntity
  8
ViaHoleLayer
 62
    16
100
AcDbModelerGeometry
290
     0
  2
{00000000-0000-0000-0000-000000000000}
  0
HATCH
  5
C8
330
1F
100
AcDbEntity
  8
ViaHoleLayer
 62
    16
100
AcDbHatch
 10
0.0
 20
0.0
 30
0.0
210
0.0
220
0.0
230
1.0
  2
SOLID
 70
     1
 71
     1
 91
        1
 92
        1
 93
        1
 72
     2
 10
35.17899999999999
 20
10.795
 40
0.1499997
 50
0.0
 51
360.0
 73
     1
 97
        1
330
C7
 75
     0
 76
     1
 98
        0
  0
REGION
  5
CA
102
{ACAD_REACTORS
330
CB
102
}
330
1F
100
AcDbEntity
  8
ViaHoleLayer
 62
    16
100
AcDbModelerGeometry
290
     0
  2
{00000000-0000-0000-0000-000000000000}
  0
HATCH
  5
CB
330
1F
100
AcDbEntity
  8
ViaHoleLayer
 62
    16
100
AcDbHatch
 10
0.0
 20
0.0
 30
0.0
210
0.0
220
0.0
230
1.0
  2
SOLID
 70
     1
 71
     1
 91
        1
 92
        1
 93
        1
 72
     2
 10
30.988
 20
9.906
 40
0.1499997
 50
0.0
 51
360.0
 73
     1
 97
        1
330
CA
 75
     0
 76
     1
 98
        0
  0
REGION
  5
CD
102
{ACAD_REACTORS
330
CE
102
}
330
1F
100
AcDbEntity
  8
ViaHoleLayer
 62
    16
100
AcDbModelerGeometry
290
     0
  2
{00000000-0000-0000-0000-000000000000}
  0
HATCH
  5
CE
330
1F
100
AcDbEntity
  8
ViaHoleLayer
 62
    16
100
AcDbHatch
 10
0.0
 20
0.0
 30
0.0
210
0.0
220
0.0
230
1.0
  2
SOLID
 70
     1
 71
     1
 91
        1
 92
        1
 93
        1
 72
     2
 10
17.399
 20
36.957
 40
0.1499997
 50
0.0
 51
360.0
 73
     1
 97
        1
330
CD
 75
     0
 76
     1
 98
        0
  0
REGION
  5
D0
102
{ACAD_REACTORS
330
D1
102
}
330
1F
100
AcDbEntity
  8
ViaHoleLayer
 62
    16
100
AcDbModelerGeometry
290
     0
  2
{00000000-0000-0000-0000-000000000000}
  0
HATCH
  5
D1
330
1F
100
AcDbEntity
  8
ViaHoleLayer
 62
    16
100
AcDbHatch
 10
0.0
 20
0.0
 30
0.0
210
0.0
220
0.0
230
1.0
  2
SOLID
 70
     1
 71
     1
 91
        1
 92
        1
 93
        1
 72
     2
 10
12.46450898
 20
38.171882
 40
0.1499997
 50
0.0
 51
360.0
 73
     1
 97
        1
330
D0
 75
     0
 76
     1
 98
        0
  0
REGION
  5
D3
102
{ACAD_REACTORS
330
D4
102
}
330
1F
100
AcDbEntity
  8
ViaHoleLayer
 62
    16
100
AcDbModelerGeometry
290
     0
  2
{00000000-0000-0000-0000-000000000000}
  0
HATCH
  5
D4
330
1F
100
AcDbEntity
  8
ViaHoleLayer
 62
    16
100
AcDbHatch
 10
0.0
 20
0.0
 30
0.0
210
0.0
220
0.0
230
1.0
  2
SOLID
 70
     1
 71
     1
 91
        1
 92
        1
 93
        1
 72
     2
 10
45.76446778
 20
18.25860712
 40
0.1499997
 50
0.0
 51
360.0
 73
     1
 97
        1
330
D3
 75
     0
 76
     1
 98
        0
  0
REGION
  5
D6
102
{ACAD_REACTORS
330
D7
102
}
330
1F
100
AcDbEntity
  8
ViaHoleLayer
 62
    16
100
AcDbModelerGeometry
290
     0
  2
{00000000-0000-0000-0000-000000000000}
  0
HATCH
  5
D7
330
1F
100
AcDbEntity
  8
ViaHoleLayer
 62
    16
100
AcDbHatch
 10
0.0
 20
0.0
 30
0.0
210
0.0
220
0.0
230
1.0
  2
SOLID
 70
     1
 71
     1
 91
        1
 92
        1
 93
        1
 72
     2
 10
37.94871506
 20
10.03226848
 40
0.1499997
 50
0.0
 51
360.0
 73
     1
 97
        1
330
D6
 75
     0
 76
     1
 98
        0
  0
REGION
  5
D9
102
{ACAD_REACTORS
330
DA
102
}
330
1F
100
AcDbEntity
  8
ViaHoleLayer
 62
    16
100
AcDbModelerGeometry
290
     0
  2
{00000000-0000-0000-0000-000000000000}
  0
HATCH
  5
DA
330
1F
100
AcDbEntity
  8
ViaHoleLayer
 62
    16
100
AcDbHatch
 10
0.0
 20
0.0
 30
0.0
210
0.0
220
0.0
230
1.0
  2
SOLID
 70
     1
 71
     1
 91
        1
 92
        1
 93
        1
 72
     2
 10
65.48204073999999
 20
16.62748008
 40
0.1499997
 50
0.0
 51
360.0
 73
     1
 97
        1
330
D9
 75
     0
 76
     1
 98
        0
  0
REGION
  5
DC
102
{ACAD_REACTORS
330
DD
102
}
330
1F
100
AcDbEntity
  8
ViaHoleLayer
 62
    16
100
AcDbModelerGeometry
290
     0
  2
{00000000-0000-0000-0000-000000000000}
  0
HATCH
  5
DD
330
1F
100
AcDbEntity
  8
ViaHoleLayer
 62
    16
100
AcDbHatch
 10
0.0
 20
0.0
 30
0.0
210
0.0
220
0.0
230
1.0
  2
SOLID
 70
     1
 71
     1
 91
        1
 92
        1
 93
        1
 72
     2
 10
65.61828634
 20
14.06608312
 40
0.1499997
 50
0.0
 51
360.0
 73
     1
 97
        1
330
DC
 75
     0
 76
     1
 98
        0
  0
REGION
  5
DF
102
{ACAD_REACTORS
330
E0
102
}
330
1F
100
AcDbEntity
  8
ViaHoleLayer
 62
    16
100
AcDbModelerGeometry
290
     0
  2
{00000000-0000-0000-0000-000000000000}
  0
HATCH
  5
E0
330
1F
100
AcDbEntity
  8
ViaHoleLayer
 62
    16
100
AcDbHatch
 10
0.0
 20
0.0
 30
0.0
210
0.0
220
0.0
230
1.0
  2
SOLID
 70
     1
 71
     1
 91
        1
 92
        1
 93
        1
 72
     2
 10
65.10056322
 20
7.717078799999999
 40
0.1499997
 50
0.0
 51
360.0
 73
     1
 97
        1
330
DF
 75
     0
 76
     1
 98
        0
  0
REGION
  5
E2
102
{ACAD_REACTORS
330
E3
102
}
330
1F
100
AcDbEntity
  8
ViaHoleLayer
 62
    16
100
AcDbModelerGeometry
290
     0
  2
{00000000-0000-0000-0000-000000000000}
  0
HATCH
  5
E3
330
1F
100
AcDbEntity
  8
ViaHoleLayer
 62
    16
100
AcDbHatch
 10
0.0
 20
0.0
 30
0.0
210
0.0
220
0.0
230
1.0
  2
SOLID
 70
     1
 71
     1
 91
        1
 92
        1
 93
        1
 72
     2
 10
50.07320186
 20
17.68819424
 40
0.1499997
 50
0.0
 51
360.0
 73
     1
 97
        1
330
E2
 75
     0
 76
     1
 98
        0
  0
REGION
  5
E5
102
{ACAD_REACTORS
330
E6
102
}
330
1F
100
AcDbEntity
  8
ViaHoleLayer
 62
    16
100
AcDbModelerGeometry
290
     0
  2
{00000000-0000-0000-0000-000000000000}
  0
HATCH
  5
E6
330
1F
100
AcDbEntity
  8
ViaHoleLayer
 62
    16
100
AcDbHatch
 10
0.0
 20
0.0
 30
0.0
210
0.0
220
0.0
230
1.0
  2
SOLID
 70
     1
 71
     1
 91
        1
 92
        1
 93
        1
 72
     2
 10
45.74912618
 20
26.88263864
 40
0.1499997
 50
0.0
 51
360.0
 73
     1
 97
        1
330
E5
 75
     0
 76
     1
 98
        0
  0
REGION
  5
E8
102
{ACAD_REACTORS
330
E9
102
}
330
1F
100
AcDbEntity
  8
ViaHoleLayer
 62
    16
100
AcDbModelerGeometry
290
     0
  2
{00000000-0000-0000-0000-000000000000}
  0
HATCH
  5
E9
330
1F
100
AcDbEntity
  8
ViaHoleLayer
 62
    16
100
AcDbHatch
 10
0.0
 20
0.0
 30
0.0
210
0.0
220
0.0
230
1.0
  2
SOLID
 70
     1
 71
     1
 91
        1
 92
        1
 93
        1
 72
     2
 10
50.54694233999999
 20
21.81691852
 40
0.1499997
 50
0.0
 51
360.0
 73
     1
 97
        1
330
E8
 75
     0
 76
     1
 98
        0
  0
REGION
  5
EB
102
{ACAD_REACTORS
330
EC
102
}
330
1F
100
AcDbEntity
  8
ViaHoleLayer
 62
    16
100
AcDbModelerGeometry
290
     0
  2
{00000000-0000-0000-0000-000000000000}
  0
HATCH
  5
EC
330
1F
100
AcDbEntity
  8
ViaHoleLayer
 62
    16
100
AcDbHatch
 10
0.0
 20
0.0
 30
0.0
210
0.0
220
0.0
230
1.0
  2
SOLID
 70
     1
 71
     1
 91
        1
 92
        1
 93
        1
 72
     2
 10
53.44511281999999
 20
23.81398336
 40
0.1499997
 50
0.0
 51
360.0
 73
     1
 97
        1
330
EB
 75
     0
 76
     1
 98
        0
  0
REGION
  5
EE
102
{ACAD_REACTORS
330
EF
102
}
330
1F
100
AcDbEntity
  8
ViaHoleLayer
 62
    16
100
AcDbModelerGeometry
290
     0
  2
{00000000-0000-0000-0000-000000000000}
  0
HATCH
  5
EF
330
1F
100
AcDbEntity
  8
ViaHoleLayer
 62
    16
100
AcDbHatch
 10
0.0
 20
0.0
 30
0.0
210
0.0
220
0.0
230
1.0
  2
SOLID
 70
     1
 71
     1
 91
        1
 92
        1
 93
        1
 72
     2
 10
51.9594973
 20
29.0258246
 40
0.1499997
 50
0.0
 51
360.0
 73
     1
 97
        1
330
EE
 75
     0
 76
     1
 98
        0
  0
REGION
  5
F1
102
{ACAD_REACTORS
330
F2
102
}
330
1F
100
AcDbEntity
  8
ViaHoleLayer
 62
    16
100
AcDbModelerGeometry
290
     0
  2
{00000000-0000-0000-0000-000000000000}
  0
HATCH
  5
F2
330
1F
100
AcDbEntity
  8
ViaHoleLayer
 62
    16
100
AcDbHatch
 10
0.0
 20
0.0
 30
0.0
210
0.0
220
0.0
230
1.0
  2
SOLID
 70
     1
 71
     1
 91
        1
 92
        1
 93
        1
 72
     2
 10
51.11986474
 20
31.63219988
 40
0.1499997
 50
0.0
 51
360.0
 73
     1
 97
        1
330
F1
 75
     0
 76
     1
 98
        0
  0
REGION
  5
F4
102
{ACAD_REACTORS
330
F5
102
}
330
1F
100
AcDbEntity
  8
ViaHoleLayer
 62
    16
100
AcDbModelerGeometry
290
     0
  2
{00000000-0000-0000-0000-000000000000}
  0
HATCH
  5
F5
330
1F
100
AcDbEntity
  8
ViaHoleLayer
 62
    16
100
AcDbHatch
 10
0.0
 20
0.0
 30
0.0
210
0.0
220
0.0
230
1.0
  2
SOLID
 70
     1
 71
     1
 91
        1
 92
        1
 93
        1
 72
     2
 10
55.1083861
 20
31.67509032
 40
0.1499997
 50
0.0
 51
360.0
 73
     1
 97
        1
330
F4
 75
     0
 76
     1
 98
        0
  0
REGION
  5
F7
102
{ACAD_REACTORS
330
F8
102
}
330
1F
100
AcDbEntity
  8
ViaHoleLayer
 62
    16
100
AcDbModelerGeometry
290
     0
  2
{00000000-0000-0000-0000-000000000000}
  0
HATCH
  5
F8
330
1F
100
AcDbEntity
  8
ViaHoleLayer
 62
    16
100
AcDbHatch
 10
0.0
 20
0.0
 30
0.0
210
0.0
220
0.0
230
1.0
  2
SOLID
 70
     1
 71
     1
 91
        1
 92
        1
 93
        1
 72
     2
 10
44.30077754
 20
31.46064828
 40
0.1499997
 50
0.0
 51
360.0
 73
     1
 97
        1
330
F7
 75
     0
 76
     1
 98
        0
  0
REGION
  5
FA
102
{ACAD_REACTORS
330
FB
102
}
330
1F
100
AcDbEntity
  8
ViaHoleLayer
 62
    16
100
AcDbModelerGeometry
290
     0
  2
{00000000-0000-0000-0000-000000000000}
  0
HATCH
  5
FB
330
1F
100
AcDbEntity
  8
ViaHoleLayer
 62
    16
100
AcDbHatch
 10
0.0
 20
0.0
 30
0.0
210
0.0
220
0.0
230
1.0
  2
SOLID
 70
     1
 71
     1
 91
        1
 92
        1
 93
        1
 72
     2
 10
40.3980269
 20
30.21691696
 40
0.1499997
 50
0.0
 51
360.0
 73
     1
 97
        1
330
FA
 75
     0
 76
     1
 98
        0
  0
REGION
  5
FD
102
{ACAD_REACTORS
330
FE
102
}
330
1F
100
AcDbEntity
  8
ViaHoleLayer
 62
    16
100
AcDbModelerGeometry
290
     0
  2
{00000000-0000-0000-0000-000000000000}
  0
HATCH
  5
FE
330
1F
100
AcDbEntity
  8
ViaHoleLayer
 62
    16
100
AcDbHatch
 10
0.0
 20
0.0
 30
0.0
210
0.0
220
0.0
230
1.0
  2
SOLID
 70
     1
 71
     1
 91
        1
 92
        1
 93
        1
 72
     2
 10
65.27799999999999
 20
25.527
 40
0.1499997
 50
0.0
 51
360.0
 73
     1
 97
        1
330
FD
 75
     0
 76
     1
 98
        0
  0
REGION
  5
100
102
{ACAD_REACTORS
330
101
102
}
330
1F
100
AcDbEntity
  8
ViaHoleLayer
 62
    16
100
AcDbModelerGeometry
290
     0
  2
{00000000-0000-0000-0000-000000000000}
  0
HATCH
  5
101
330
1F
100
AcDbEntity
  8
ViaHoleLayer
 62
    16
100
AcDbHatch
 10
0.0
 20
0.0
 30
0.0
210
0.0
220
0.0
230
1.0
  2
SOLID
 70
     1
 71
     1
 91
        1
 92
        1
 93
        1
 72
     2
 10
57.90289409999999
 20
23.39085492
 40
0.1499997
 50
0.0
 51
360.0
 73
     1
 97
        1
330
100
 75
     0
 76
     1
 98
        0
  0
REGION
  5
103
102
{ACAD_REACTORS
330
104
102
}
330
1F
100
AcDbEntity
  8
ViaHoleLayer
 62
    16
100
AcDbModelerGeometry
290
     0
  2
{00000000-0000-0000-0000-000000000000}
  0
HATCH
  5
104
330
1F
100
AcDbEntity
  8
ViaHoleLayer
 62
    16
100
AcDbHatch
 10
0.0
 20
0.0
 30
0.0
210
0.0
220
0.0
230
1.0
  2
SOLID
 70
     1
 71
     1
 91
        1
 92
        1
 93
        1
 72
     2
 10
77.1519793
 20
18.38033916
 40
0.1499997
 50
0.0
 51
360.0
 73
     1
 97
        1
330
103
 75
     0
 76
     1
 98
        0
  0
REGION
  5
106
102
{ACAD_REACTORS
330
107
102
}
330
1F
100
AcDbEntity
  8
ViaHoleLayer
 62
    16
100
AcDbModelerGeometry
290
     0
  2
{00000000-0000-0000-0000-000000000000}
  0
HATCH
  5
107
330
1F
100
AcDbEntity
  8
ViaHoleLayer
 62
    16
100
AcDbHatch
 10
0.0
 20
0.0
 30
0.0
210
0.0
220
0.0
230
1.0
  2
SOLID
 70
     1
 71
     1
 91
        1
 92
        1
 93
        1
 72
     2
 10
77.84561265999999
 20
14.12604236
 40
0.1499997
 50
0.0
 51
360.0
 73
     1
 97
        1
330
106
 75
     0
 76
     1
 98
        0
  0
REGION
  5
109
102
{ACAD_REACTORS
330
10A
102
}
330
1F
100
AcDbEntity
  8
ViaHoleLayer
 62
    16
100
AcDbModelerGeometry
290
     0
  2
{00000000-0000-0000-0000-000000000000}
  0
HATCH
  5
10A
330
1F
100
AcDbEntity
  8
ViaHoleLayer
 62
    16
100
AcDbHatch
 10
0.0
 20
0.0
 30
0.0
210
0.0
220
0.0
230
1.0
  2
SOLID
 70
     1
 71
     1
 91
        1
 92
        1
 93
        1
 72
     2
 10
67.81100738
 20
4.04519892
 40
0.1499997
 50
0.0
 51
360.0
 73
     1
 97
        1
330
109
 75
     0
 76
     1
 98
        0
  0
REGION
  5
10C
102
{ACAD_REACTORS
330
10D
102
}
330
1F
100
AcDbEntity
  8
ViaHoleLayer
 62
    16
100
AcDbModelerGeometry
290
     0
  2
{00000000-0000-0000-0000-000000000000}
  0
HATCH
  5
10D
330
1F
100
AcDbEntity
  8
ViaHoleLayer
 62
    16
100
AcDbHatch
 10
0.0
 20
0.0
 30
0.0
210
0.0
220
0.0
230
1.0
  2
SOLID
 70
     1
 71
     1
 91
        1
 92
        1
 93
        1
 72
     2
 10
14.63229738
 20
1.17816884
 40
0.1499997
 50
0.0
 51
360.0
 73
     1
 97
        1
330
10C
 75
     0
 76
     1
 98
        0
  0
REGION
  5
10F
102
{ACAD_REACTORS
330
110
102
}
330
1F
100
AcDbEntity
  8
ViaHoleLayer
 62
    16
100
AcDbModelerGeometry
290
     0
  2
{00000000-0000-0000-0000-000000000000}
  0
HATCH
  5
110
330
1F
100
AcDbEntity
  8
ViaHoleLayer
 62
    16
100
AcDbHatch
 10
0.0
 20
0.0
 30
0.0
210
0.0
220
0.0
230
1.0
  2
SOLID
 70
     1
 71
     1
 91
        1
 92
        1
 93
        1
 72
     2
 10
17.6380521
 20
2.75040852
 40
0.1499997
 50
0.0
 51
360.0
 73
     1
 97
        1
330
10F
 75
     0
 76
     1
 98
        0
  0
REGION
  5
112
102
{ACAD_REACTORS
330
113
102
}
330
1F
100
AcDbEntity
  8
ViaHoleLayer
 62
    16
100
AcDbModelerGeometry
290
     0
  2
{00000000-0000-0000-0000-000000000000}
  0
HATCH
  5
113
330
1F
100
AcDbEntity
  8
ViaHoleLayer
 62
    16
100
AcDbHatch
 10
0.0
 20
0.0
 30
0.0
210
0.0
220
0.0
230
1.0
  2
SOLID
 70
     1
 71
     1
 91
        1
 92
        1
 93
        1
 72
     2
 10
21.42992666
 20
6.35732028
 40
0.1499997
 50
0.0
 51
360.0
 73
     1
 97
        1
330
112
 75
     0
 76
     1
 98
        0
  0
REGION
  5
115
102
{ACAD_REACTORS
330
116
102
}
330
1F
100
AcDbEntity
  8
ViaHoleLayer
 62
    16
100
AcDbModelerGeometry
290
     0
  2
{00000000-0000-0000-0000-000000000000}
  0
HATCH
  5
116
330
1F
100
AcDbEntity
  8
ViaHoleLayer
 62
    16
100
AcDbHatch
 10
0.0
 20
0.0
 30
0.0
210
0.0
220
0.0
230
1.0
  2
SOLID
 70
     1
 71
     1
 91
        1
 92
        1
 93
        1
 72
     2
 10
14.58604906
 20
6.542288159999999
 40
0.1499997
 50
0.0
 51
360.0
 73
     1
 97
        1
330
115
 75
     0
 76
     1
 98
        0
  0
REGION
  5
118
102
{ACAD_REACTORS
330
119
102
}
330
1F
100
AcDbEntity
  8
ViaHoleLayer
 62
    16
100
AcDbModelerGeometry
290
     0
  2
{00000000-0000-0000-0000-000000000000}
  0
HATCH
  5
119
330
1F
100
AcDbEntity
  8
ViaHoleLayer
 62
    16
100
AcDbHatch
 10
0.0
 20
0.0
 30
0.0
210
0.0
220
0.0
230
1.0
  2
SOLID
 70
     1
 71
     1
 91
        1
 92
        1
 93
        1
 72
     2
 10
4.444999999999999
 20
12.573
 40
0.1499997
 50
0.0
 51
360.0
 73
     1
 97
        1
330
118
 75
     0
 76
     1
 98
        0
  0
REGION
  5
11B
102
{ACAD_REACTORS
330
11C
102
}
330
1F
100
AcDbEntity
  8
ViaHoleLayer
 62
    16
100
AcDbModelerGeometry
290
     0
  2
{00000000-0000-0000-0000-000000000000}
  0
HATCH
  5
11C
330
1F
100
AcDbEntity
  8
ViaHoleLayer
 62
    16
100
AcDbHatch
 10
0.0
 20
0.0
 30
0.0
210
0.0
220
0.0
230
1.0
  2
SOLID
 70
     1
 71
     1
 91
        1
 92
        1
 93
        1
 72
     2
 10
26.416
 20
10.668
 40
0.1499997
 50
0.0
 51
360.0
 73
     1
 97
        1
330
11B
 75
     0
 76
     1
 98
        0
  0
REGION
  5
11E
102
{ACAD_REACTORS
330
11F
102
}
330
1F
100
AcDbEntity
  8
ViaHoleLayer
 62
    16
100
AcDbModelerGeometry
290
     0
  2
{00000000-0000-0000-0000-000000000000}
  0
HATCH
  5
11F
330
1F
100
AcDbEntity
  8
ViaHoleLayer
 62
    16
100
AcDbHatch
 10
0.0
 20
0.0
 30
0.0
210
0.0
220
0.0
230
1.0
  2
SOLID
 70
     1
 71
     1
 91
        1
 92
        1
 93
        1
 72
     2
 10
13.716
 20
13.208
 40
0.1499997
 50
0.0
 51
360.0
 73
     1
 97
        1
330
11E
 75
     0
 76
     1
 98
        0
  0
REGION
  5
121
102
{ACAD_REACTORS
330
122
102
}
330
1F
100
AcDbEntity
  8
ViaHoleLayer
 62
    16
100
AcDbModelerGeometry
290
     0
  2
{00000000-0000-0000-0000-000000000000}
  0
HATCH
  5
122
330
1F
100
AcDbEntity
  8
ViaHoleLayer
 62
    16
100
AcDbHatch
 10
0.0
 20
0.0
 30
0.0
210
0.0
220
0.0
230
1.0
  2
SOLID
 70
     1
 71
     1
 91
        1
 92
        1
 93
        1
 72
     2
 10
26.51663226
 20
37.89463592
 40
0.1499997
 50
0.0
 51
360.0
 73
     1
 97
        1
330
121
 75
     0
 76
     1
 98
        0
  0
REGION
  5
124
102
{ACAD_REACTORS
330
125
102
}
330
1F
100
AcDbEntity
  8
ViaHoleLayer
 62
    16
100
AcDbModelerGeometry
290
     0
  2
{00000000-0000-0000-0000-000000000000}
  0
HATCH
  5
125
330
1F
100
AcDbEntity
  8
ViaHoleLayer
 62
    16
100
AcDbHatch
 10
0.0
 20
0.0
 30
0.0
210
0.0
220
0.0
230
1.0
  2
SOLID
 70
     1
 71
     1
 91
        1
 92
        1
 93
        1
 72
     2
 10
35.81135586
 20
31.18949312
 40
0.1499997
 50
0.0
 51
360.0
 73
     1
 97
        1
330
124
 75
     0
 76
     1
 98
        0
  0
REGION
  5
127
102
{ACAD_REACTORS
330
128
102
}
330
1F
100
AcDbEntity
  8
ViaHoleLayer
 62
    16
100
AcDbModelerGeometry
290
     0
  2
{00000000-0000-0000-0000-000000000000}
  0
HATCH
  5
128
330
1F
100
AcDbEntity
  8
ViaHoleLayer
 62
    16
100
AcDbHatch
 10
0.0
 20
0.0
 30
0.0
210
0.0
220
0.0
230
1.0
  2
SOLID
 70
     1
 71
     1
 91
        1
 92
        1
 93
        1
 72
     2
 10
52.66127897999999
 20
35.6178104
 40
0.1499997
 50
0.0
 51
360.0
 73
     1
 97
        1
330
127
 75
     0
 76
     1
 98
        0
  0
REGION
  5
12A
102
{ACAD_REACTORS
330
12B
102
}
330
1F
100
AcDbEntity
  8
ViaHoleLayer
 62
    16
100
AcDbModelerGeometry
290
     0
  2
{00000000-0000-0000-0000-000000000000}
  0
HATCH
  5
12B
330
1F
100
AcDbEntity
  8
ViaHoleLayer
 62
    16
100
AcDbHatch
 10
0.0
 20
0.0
 30
0.0
210
0.0
220
0.0
230
1.0
  2
SOLID
 70
     1
 71
     1
 91
        1
 92
        1
 93
        1
 72
     2
 10
52.04431298
 20
38.32299167999999
 40
0.1499997
 50
0.0
 51
360.0
 73
     1
 97
        1
330
12A
 75
     0
 76
     1
 98
        0
  0
REGION
  5
12D
102
{ACAD_REACTORS
330
12E
102
}
330
1F
100
AcDbEntity
  8
ViaHoleLayer
 62
    16
100
AcDbModelerGeometry
290
     0
  2
{00000000-0000-0000-0000-000000000000}
  0
HATCH
  5
12E
330
1F
100
AcDbEntity
  8
ViaHoleLayer
 62
    16
100
AcDbHatch
 10
0.0
 20
0.0
 30
0.0
210
0.0
220
0.0
230
1.0
  2
SOLID
 70
     1
 71
     1
 91
        1
 92
        1
 93
        1
 72
     2
 10
59.40050858
 20
38.06197112
 40
0.1499997
 50
0.0
 51
360.0
 73
     1
 97
        1
330
12D
 75
     0
 76
     1
 98
        0
  0
REGION
  5
130
102
{ACAD_REACTORS
330
131
102
}
330
1F
100
AcDbEntity
  8
ViaHoleLayer
 62
    16
100
AcDbModelerGeometry
290
     0
  2
{00000000-0000-0000-0000-000000000000}
  0
HATCH
  5
131
330
1F
100
AcDbEntity
  8
ViaHoleLayer
 62
    16
100
AcDbHatch
 10
0.0
 20
0.0
 30
0.0
210
0.0
220
0.0
230
1.0
  2
SOLID
 70
     1
 71
     1
 91
        1
 92
        1
 93
        1
 72
     2
 10
58.83098978
 20
34.47878804
 40
0.1499997
 50
0.0
 51
360.0
 73
     1
 97
        1
330
130
 75
     0
 76
     1
 98
        0
  0
REGION
  5
133
102
{ACAD_REACTORS
330
134
102
}
330
1F
100
AcDbEntity
  8
ViaHoleLayer
 62
    16
100
AcDbModelerGeometry
290
     0
  2
{00000000-0000-0000-0000-000000000000}
  0
HATCH
  5
134
330
1F
100
AcDbEntity
  8
ViaHoleLayer
 62
    16
100
AcDbHatch
 10
0.0
 20
0.0
 30
0.0
210
0.0
220
0.0
230
1.0
  2
SOLID
 70
     1
 71
     1
 91
        1
 92
        1
 93
        1
 72
     2
 10
66.167
 20
36.322
 40
0.1499997
 50
0.0
 51
360.0
 73
     1
 97
        1
330
133
 75
     0
 76
     1
 98
        0
  0
REGION
  5
136
102
{ACAD_REACTORS
330
137
102
}
330
1F
100
AcDbEntity
  8
ViaHoleLayer
 62
    16
100
AcDbModelerGeometry
290
     0
  2
{00000000-0000-0000-0000-000000000000}
  0
HATCH
  5
137
330
1F
100
AcDbEntity
  8
ViaHoleLayer
 62
    16
100
AcDbHatch
 10
0.0
 20
0.0
 30
0.0
210
0.0
220
0.0
230
1.0
  2
SOLID
 70
     1
 71
     1
 91
        1
 92
        1
 93
        1
 72
     2
 10
65.405
 20
33.02
 40
0.1499997
 50
0.0
 51
360.0
 73
     1
 97
        1
330
136
 75
     0
 76
     1
 98
        0
  0
REGION
  5
139
102
{ACAD_REACTORS
330
13A
102
}
330
1F
100
AcDbEntity
  8
ViaHoleLayer
 62
    16
100
AcDbModelerGeometry
290
     0
  2
{00000000-0000-0000-0000-000000000000}
  0
HATCH
  5
13A
330
1F
100
AcDbEntity
  8
ViaHoleLayer
 62
    16
100
AcDbHatch
 10
0.0
 20
0.0
 30
0.0
210
0.0
220
0.0
230
1.0
  2
SOLID
 70
     1
 71
     1
 91
        1
 92
        1
 93
        1
 72
     2
 10
73.02499999999999
 20
33.909
 40
0.1499997
 50
0.0
 51
360.0
 73
     1
 97
        1
330
139
 75
     0
 76
     1
 98
        0
  0
REGION
  5
13C
102
{ACAD_REACTORS
330
13D
102
}
330
1F
100
AcDbEntity
  8
ViaHoleLayer
 62
    16
100
AcDbModelerGeometry
290
     0
  2
{00000000-0000-0000-0000-000000000000}
  0
HATCH
  5
13D
330
1F
100
AcDbEntity
  8
ViaHoleLayer
 62
    16
100
AcDbHatch
 10
0.0
 20
0.0
 30
0.0
210
0.0
220
0.0
230
1.0
  2
SOLID
 70
     1
 71
     1
 91
        1
 92
        1
 93
        1
 72
     2
 10
72.009
 20
27.178
 40
0.1499997
 50
0.0
 51
360.0
 73
     1
 97
        1
330
13C
 75
     0
 76
     1
 98
        0
  0
REGION
  5
13F
102
{ACAD_REACTORS
330
140
102
}
330
1F
100
AcDbEntity
  8
ViaHoleLayer
 62
    16
100
AcDbModelerGeometry
290
     0
  2
{00000000-0000-0000-0000-000000000000}
  0
HATCH
  5
140
330
1F
100
AcDbEntity
  8
ViaHoleLayer
 62
    16
100
AcDbHatch
 10
0.0
 20
0.0
 30
0.0
210
0.0
220
0.0
230
1.0
  2
SOLID
 70
     1
 71
     1
 91
        1
 92
        1
 93
        1
 72
     2
 10
70.10399999999998
 20
13.716
 40
0.1499997
 50
0.0
 51
360.0
 73
     1
 97
        1
330
13F
 75
     0
 76
     1
 98
        0
  0
REGION
  5
142
102
{ACAD_REACTORS
330
143
102
}
330
1F
100
AcDbEntity
  8
ViaHoleLayer
 62
    16
100
AcDbModelerGeometry
290
     0
  2
{00000000-0000-0000-0000-000000000000}
  0
HATCH
  5
143
330
1F
100
AcDbEntity
  8
ViaHoleLayer
 62
    16
100
AcDbHatch
 10
0.0
 20
0.0
 30
0.0
210
0.0
220
0.0
230
1.0
  2
SOLID
 70
     1
 71
     1
 91
        1
 92
        1
 93
        1
 72
     2
 10
61.08699999999999
 20
7.746999999999999
 40
0.1499997
 50
0.0
 51
360.0
 73
     1
 97
        1
330
142
 75
     0
 76
     1
 98
        0
  0
REGION
  5
145
102
{ACAD_REACTORS
330
146
102
}
330
1F
100
AcDbEntity
  8
ViaHoleLayer
 62
    16
100
AcDbModelerGeometry
290
     0
  2
{00000000-0000-0000-0000-000000000000}
  0
HATCH
  5
146
330
1F
100
AcDbEntity
  8
ViaHoleLayer
 62
    16
100
AcDbHatch
 10
0.0
 20
0.0
 30
0.0
210
0.0
220
0.0
230
1.0
  2
SOLID
 70
     1
 71
     1
 91
        1
 92
        1
 93
        1
 72
     2
 10
60.95999999999999
 20
10.16
 40
0.1499997
 50
0.0
 51
360.0
 73
     1
 97
        1
330
145
 75
     0
 76
     1
 98
        0
  0
REGION
  5
148
102
{ACAD_REACTORS
330
149
102
}
330
1F
100
AcDbEntity
  8
ViaHoleLayer
 62
    16
100
AcDbModelerGeometry
290
     0
  2
{00000000-0000-0000-0000-000000000000}
  0
HATCH
  5
149
330
1F
100
AcDbEntity
  8
ViaHoleLayer
 62
    16
100
AcDbHatch
 10
0.0
 20
0.0
 30
0.0
210
0.0
220
0.0
230
1.0
  2
SOLID
 70
     1
 71
     1
 91
        1
 92
        1
 93
        1
 72
     2
 10
60.833
 20
12.192
 40
0.1499997
 50
0.0
 51
360.0
 73
     1
 97
        1
330
148
 75
     0
 76
     1
 98
        0
  0
REGION
  5
14B
102
{ACAD_REACTORS
330
14C
102
}
330
1F
100
AcDbEntity
  8
ViaHoleLayer
 62
    16
100
AcDbModelerGeometry
290
     0
  2
{00000000-0000-0000-0000-000000000000}
  0
HATCH
  5
14C
330
1F
100
AcDbEntity
  8
ViaHoleLayer
 62
    16
100
AcDbHatch
 10
0.0
 20
0.0
 30
0.0
210
0.0
220
0.0
230
1.0
  2
SOLID
 70
     1
 71
     1
 91
        1
 92
        1
 93
        1
 72
     2
 10
42.037
 20
8.128
 40
0.1499997
 50
0.0
 51
360.0
 73
     1
 97
        1
330
14B
 75
     0
 76
     1
 98
        0
  0
REGION
  5
14E
102
{ACAD_REACTORS
330
14F
102
}
330
1F
100
AcDbEntity
  8
ViaHoleLayer
 62
    16
100
AcDbModelerGeometry
290
     0
  2
{00000000-0000-0000-0000-000000000000}
  0
HATCH
  5
14F
330
1F
100
AcDbEntity
  8
ViaHoleLayer
 62
    16
100
AcDbHatch
 10
0.0
 20
0.0
 30
0.0
210
0.0
220
0.0
230
1.0
  2
SOLID
 70
     1
 71
     1
 91
        1
 92
        1
 93
        1
 72
     2
 10
42.92599999999999
 20
9.652
 40
0.1499997
 50
0.0
 51
360.0
 73
     1
 97
        1
330
14E
 75
     0
 76
     1
 98
        0
  0
REGION
  5
151
102
{ACAD_REACTORS
330
152
102
}
330
1F
100
AcDbEntity
  8
ViaHoleLayer
 62
    16
100
AcDbModelerGeometry
290
     0
  2
{00000000-0000-0000-0000-000000000000}
  0
HATCH
  5
152
330
1F
100
AcDbEntity
  8
ViaHoleLayer
 62
    16
100
AcDbHatch
 10
0.0
 20
0.0
 30
0.0
210
0.0
220
0.0
230
1.0
  2
SOLID
 70
     1
 71
     1
 91
        1
 92
        1
 93
        1
 72
     2
 10
43.815
 20
11.176
 40
0.1499997
 50
0.0
 51
360.0
 73
     1
 97
        1
330
151
 75
     0
 76
     1
 98
        0
  0
REGION
  5
154
102
{ACAD_REACTORS
330
155
102
}
330
1F
100
AcDbEntity
  8
ViaHoleLayer
 62
    16
100
AcDbModelerGeometry
290
     0
  2
{00000000-0000-0000-0000-000000000000}
  0
HATCH
  5
155
330
1F
100
AcDbEntity
  8
ViaHoleLayer
 62
    16
100
AcDbHatch
 10
0.0
 20
0.0
 30
0.0
210
0.0
220
0.0
230
1.0
  2
SOLID
 70
     1
 71
     1
 91
        1
 92
        1
 93
        1
 72
     2
 10
45.08499999999999
 20
12.7
 40
0.1499997
 50
0.0
 51
360.0
 73
     1
 97
        1
330
154
 75
     0
 76
     1
 98
        0
  0
REGION
  5
157
102
{ACAD_REACTORS
330
158
102
}
330
1F
100
AcDbEntity
  8
ViaHoleLayer
 62
    16
100
AcDbModelerGeometry
290
     0
  2
{00000000-0000-0000-0000-000000000000}
  0
HATCH
  5
158
330
1F
100
AcDbEntity
  8
ViaHoleLayer
 62
    16
100
AcDbHatch
 10
0.0
 20
0.0
 30
0.0
210
0.0
220
0.0
230
1.0
  2
SOLID
 70
     1
 71
     1
 91
        1
 92
        1
 93
        1
 72
     2
 10
45.72
 20
14.224
 40
0.1499997
 50
0.0
 51
360.0
 73
     1
 97
        1
330
157
 75
     0
 76
     1
 98
        0
  0
REGION
  5
15A
102
{ACAD_REACTORS
330
15B
102
}
330
1F
100
AcDbEntity
  8
ViaHoleLayer
 62
    16
100
AcDbModelerGeometry
290
     0
  2
{00000000-0000-0000-0000-000000000000}
  0
HATCH
  5
15B
330
1F
100
AcDbEntity
  8
ViaHoleLayer
 62
    16
100
AcDbHatch
 10
0.0
 20
0.0
 30
0.0
210
0.0
220
0.0
230
1.0
  2
SOLID
 70
     1
 71
     1
 91
        1
 92
        1
 93
        1
 72
     2
 10
52.197
 20
11.176
 40
0.1499997
 50
0.0
 51
360.0
 73
     1
 97
        1
330
15A
 75
     0
 76
     1
 98
        0
  0
REGION
  5
15D
102
{ACAD_REACTORS
330
15E
102
}
330
1F
100
AcDbEntity
  8
ViaHoleLayer
 62
    16
100
AcDbModelerGeometry
290
     0
  2
{00000000-0000-0000-0000-000000000000}
  0
HATCH
  5
15E
330
1F
100
AcDbEntity
  8
ViaHoleLayer
 62
    16
100
AcDbHatch
 10
0.0
 20
0.0
 30
0.0
210
0.0
220
0.0
230
1.0
  2
SOLID
 70
     1
 71
     1
 91
        1
 92
        1
 93
        1
 72
     2
 10
52.197
 20
12.7
 40
0.1499997
 50
0.0
 51
360.0
 73
     1
 97
        1
330
15D
 75
     0
 76
     1
 98
        0
  0
REGION
  5
160
102
{ACAD_REACTORS
330
161
102
}
330
1F
100
AcDbEntity
  8
ViaHoleLayer
 62
    16
100
AcDbModelerGeometry
290
     0
  2
{00000000-0000-0000-0000-000000000000}
  0
HATCH
  5
161
330
1F
100
AcDbEntity
  8
ViaHoleLayer
 62
    16
100
AcDbHatch
 10
0.0
 20
0.0
 30
0.0
210
0.0
220
0.0
230
1.0
  2
SOLID
 70
     1
 71
     1
 91
        1
 92
        1
 93
        1
 72
     2
 10
52.197
 20
14.224
 40
0.1499997
 50
0.0
 51
360.0
 73
     1
 97
        1
330
160
 75
     0
 76
     1
 98
        0
  0
REGION
  5
163
102
{ACAD_REACTORS
330
164
102
}
330
1F
100
AcDbEntity
  8
ViaHoleLayer
 62
    16
100
AcDbModelerGeometry
290
     0
  2
{00000000-0000-0000-0000-000000000000}
  0
HATCH
  5
164
330
1F
100
AcDbEntity
  8
ViaHoleLayer
 62
    16
100
AcDbHatch
 10
0.0
 20
0.0
 30
0.0
210
0.0
220
0.0
230
1.0
  2
SOLID
 70
     1
 71
     1
 91
        1
 92
        1
 93
        1
 72
     2
 10
56.261
 20
9.017
 40
0.1499997
 50
0.0
 51
360.0
 73
     1
 97
        1
330
163
 75
     0
 76
     1
 98
        0
  0
REGION
  5
166
102
{ACAD_REACTORS
330
167
102
}
330
1F
100
AcDbEntity
  8
ViaHoleLayer
 62
    16
100
AcDbModelerGeometry
290
     0
  2
{00000000-0000-0000-0000-000000000000}
  0
HATCH
  5
167
330
1F
100
AcDbEntity
  8
ViaHoleLayer
 62
    16
100
AcDbHatch
 10
0.0
 20
0.0
 30
0.0
210
0.0
220
0.0
230
1.0
  2
SOLID
 70
     1
 71
     1
 91
        1
 92
        1
 93
        1
 72
     2
 10
50.8
 20
4.191
 40
0.1499997
 50
0.0
 51
360.0
 73
     1
 97
        1
330
166
 75
     0
 76
     1
 98
        0
  0
REGION
  5
169
102
{ACAD_REACTORS
330
16A
102
}
330
1F
100
AcDbEntity
  8
ViaHoleLayer
 62
    16
100
AcDbModelerGeometry
290
     0
  2
{00000000-0000-0000-0000-000000000000}
  0
HATCH
  5
16A
330
1F
100
AcDbEntity
  8
ViaHoleLayer
 62
    16
100
AcDbHatch
 10
0.0
 20
0.0
 30
0.0
210
0.0
220
0.0
230
1.0
  2
SOLID
 70
     1
 71
     1
 91
        1
 92
        1
 93
        1
 72
     2
 10
59.944
 20
4.571999999999999
 40
0.1499997
 50
0.0
 51
360.0
 73
     1
 97
        1
330
169
 75
     0
 76
     1
 98
        0
  0
REGION
  5
16C
102
{ACAD_REACTORS
330
16D
102
}
330
1F
100
AcDbEntity
  8
ViaHoleLayer
 62
    16
100
AcDbModelerGeometry
290
     0
  2
{00000000-0000-0000-0000-000000000000}
  0
HATCH
  5
16D
330
1F
100
AcDbEntity
  8
ViaHoleLayer
 62
    16
100
AcDbHatch
 10
0.0
 20
0.0
 30
0.0
210
0.0
220
0.0
230
1.0
  2
SOLID
 70
     1
 71
     1
 91
        1
 92
        1
 93
        1
 72
     2
 10
44.196
 20
6.223
 40
0.1499997
 50
0.0
 51
360.0
 73
     1
 97
        1
330
16C
 75
     0
 76
     1
 98
        0
  0
REGION
  5
16F
102
{ACAD_REACTORS
330
170
102
}
330
1F
100
AcDbEntity
  8
ViaHoleLayer
 62
    16
100
AcDbModelerGeometry
290
     0
  2
{00000000-0000-0000-0000-000000000000}
  0
HATCH
  5
170
330
1F
100
AcDbEntity
  8
ViaHoleLayer
 62
    16
100
AcDbHatch
 10
0.0
 20
0.0
 30
0.0
210
0.0
220
0.0
230
1.0
  2
SOLID
 70
     1
 71
     1
 91
        1
 92
        1
 93
        1
 72
     2
 10
36.195
 20
6.985
 40
0.1499997
 50
0.0
 51
360.0
 73
     1
 97
        1
330
16F
 75
     0
 76
     1
 98
        0
  0
REGION
  5
172
102
{ACAD_REACTORS
330
173
102
}
330
1F
100
AcDbEntity
  8
ViaHoleLayer
 62
    16
100
AcDbModelerGeometry
290
     0
  2
{00000000-0000-0000-0000-000000000000}
  0
HATCH
  5
173
330
1F
100
AcDbEntity
  8
ViaHoleLayer
 62
    16
100
AcDbHatch
 10
0.0
 20
0.0
 30
0.0
210
0.0
220
0.0
230
1.0
  2
SOLID
 70
     1
 71
     1
 91
        1
 92
        1
 93
        1
 72
     2
 10
35.17899999999999
 20
4.191
 40
0.1499997
 50
0.0
 51
360.0
 73
     1
 97
        1
330
172
 75
     0
 76
     1
 98
        0
  0
REGION
  5
175
102
{ACAD_REACTORS
330
176
102
}
330
1F
100
AcDbEntity
  8
ViaHoleLayer
 62
    16
100
AcDbModelerGeometry
290
     0
  2
{00000000-0000-0000-0000-000000000000}
  0
HATCH
  5
176
330
1F
100
AcDbEntity
  8
ViaHoleLayer
 62
    16
100
AcDbHatch
 10
0.0
 20
0.0
 30
0.0
210
0.0
220
0.0
230
1.0
  2
SOLID
 70
     1
 71
     1
 91
        1
 92
        1
 93
        1
 72
     2
 10
25.908
 20
4.571999999999999
 40
0.1499997
 50
0.0
 51
360.0
 73
     1
 97
        1
330
175
 75
     0
 76
     1
 98
        0
  0
REGION
  5
178
102
{ACAD_REACTORS
330
179
102
}
330
1F
100
AcDbEntity
  8
ViaHoleLayer
 62
    16
100
AcDbModelerGeometry
290
     0
  2
{00000000-0000-0000-0000-000000000000}
  0
HATCH
  5
179
330
1F
100
AcDbEntity
  8
ViaHoleLayer
 62
    16
100
AcDbHatch
 10
0.0
 20
0.0
 30
0.0
210
0.0
220
0.0
230
1.0
  2
SOLID
 70
     1
 71
     1
 91
        1
 92
        1
 93
        1
 72
     2
 10
30.226
 20
7.492999999999999
 40
0.1499997
 50
0.0
 51
360.0
 73
     1
 97
        1
330
178
 75
     0
 76
     1
 98
        0
  0
REGION
  5
17B
102
{ACAD_REACTORS
330
17C
102
}
330
1F
100
AcDbEntity
  8
ViaHoleLayer
 62
    16
100
AcDbModelerGeometry
290
     0
  2
{00000000-0000-0000-0000-000000000000}
  0
HATCH
  5
17C
330
1F
100
AcDbEntity
  8
ViaHoleLayer
 62
    16
100
AcDbHatch
 10
0.0
 20
0.0
 30
0.0
210
0.0
220
0.0
230
1.0
  2
SOLID
 70
     1
 71
     1
 91
        1
 92
        1
 93
        1
 72
     2
 10
70.231
 20
16.5735
 40
0.1499997
 50
0.0
 51
360.0
 73
     1
 97
        1
330
17B
 75
     0
 76
     1
 98
        0
  0
REGION
  5
17E
102
{ACAD_REACTORS
330
17F
102
}
330
1F
100
AcDbEntity
  8
ViaHoleLayer
 62
    16
100
AcDbModelerGeometry
290
     0
  2
{00000000-0000-0000-0000-000000000000}
  0
HATCH
  5
17F
330
1F
100
AcDbEntity
  8
ViaHoleLayer
 62
    16
100
AcDbHatch
 10
0.0
 20
0.0
 30
0.0
210
0.0
220
0.0
230
1.0
  2
SOLID
 70
     1
 71
     1
 91
        1
 92
        1
 93
        1
 72
     2
 10
71.50099999999999
 20
15.113
 40
0.1499997
 50
0.0
 51
360.0
 73
     1
 97
        1
330
17E
 75
     0
 76
     1
 98
        0
  0
REGION
  5
181
102
{ACAD_REACTORS
330
182
102
}
330
1F
100
AcDbEntity
  8
ViaHoleLayer
 62
    16
100
AcDbModelerGeometry
290
     0
  2
{00000000-0000-0000-0000-000000000000}
  0
HATCH
  5
182
330
1F
100
AcDbEntity
  8
ViaHoleLayer
 62
    16
100
AcDbHatch
 10
0.0
 20
0.0
 30
0.0
210
0.0
220
0.0
230
1.0
  2
SOLID
 70
     1
 71
     1
 91
        1
 92
        1
 93
        1
 72
     2
 10
60.833
 20
19.05
 40
0.1499997
 50
0.0
 51
360.0
 73
     1
 97
        1
330
181
 75
     0
 76
     1
 98
        0
  0
REGION
  5
184
102
{ACAD_REACTORS
330
185
102
}
330
1F
100
AcDbEntity
  8
ViaHoleLayer
 62
    16
100
AcDbModelerGeometry
290
     0
  2
{00000000-0000-0000-0000-000000000000}
  0
HATCH
  5
185
330
1F
100
AcDbEntity
  8
ViaHoleLayer
 62
    16
100
AcDbHatch
 10
0.0
 20
0.0
 30
0.0
210
0.0
220
0.0
230
1.0
  2
SOLID
 70
     1
 71
     1
 91
        1
 92
        1
 93
        1
 72
     2
 10
62.77757828
 20
19.77241918
 40
0.1499997
 50
0.0
 51
360.0
 73
     1
 97
        1
330
184
 75
     0
 76
     1
 98
        0
  0
REGION
  5
187
102
{ACAD_REACTORS
330
188
102
}
330
1F
100
AcDbEntity
  8
ViaHoleLayer
 62
    16
100
AcDbModelerGeometry
290
     0
  2
{00000000-0000-0000-0000-000000000000}
  0
HATCH
  5
188
330
1F
100
AcDbEntity
  8
ViaHoleLayer
 62
    16
100
AcDbHatch
 10
0.0
 20
0.0
 30
0.0
210
0.0
220
0.0
230
1.0
  2
SOLID
 70
     1
 71
     1
 91
        1
 92
        1
 93
        1
 72
     2
 10
54.483
 20
21.209
 40
0.1499997
 50
0.0
 51
360.0
 73
     1
 97
        1
330
187
 75
     0
 76
     1
 98
        0
  0
REGION
  5
18A
102
{ACAD_REACTORS
330
18B
102
}
330
1F
100
AcDbEntity
  8
ViaHoleLayer
 62
    16
100
AcDbModelerGeometry
290
     0
  2
{00000000-0000-0000-0000-000000000000}
  0
HATCH
  5
18B
330
1F
100
AcDbEntity
  8
ViaHoleLayer
 62
    16
100
AcDbHatch
 10
0.0
 20
0.0
 30
0.0
210
0.0
220
0.0
230
1.0
  2
SOLID
 70
     1
 71
     1
 91
        1
 92
        1
 93
        1
 72
     2
 10
51.689
 20
21.209
 40
0.1499997
 50
0.0
 51
360.0
 73
     1
 97
        1
330
18A
 75
     0
 76
     1
 98
        0
  0
REGION
  5
18D
102
{ACAD_REACTORS
330
18E
102
}
330
1F
100
AcDbEntity
  8
ViaHoleLayer
 62
    16
100
AcDbModelerGeometry
290
     0
  2
{00000000-0000-0000-0000-000000000000}
  0
HATCH
  5
18E
330
1F
100
AcDbEntity
  8
ViaHoleLayer
 62
    16
100
AcDbHatch
 10
0.0
 20
0.0
 30
0.0
210
0.0
220
0.0
230
1.0
  2
SOLID
 70
     1
 71
     1
 91
        1
 92
        1
 93
        1
 72
     2
 10
59.43599999999999
 20
22.987
 40
0.1499997
 50
0.0
 51
360.0
 73
     1
 97
        1
330
18D
 75
     0
 76
     1
 98
        0
  0
REGION
  5
190
102
{ACAD_REACTORS
330
191
102
}
330
1F
100
AcDbEntity
  8
ViaHoleLayer
 62
    16
100
AcDbModelerGeometry
290
     0
  2
{00000000-0000-0000-0000-000000000000}
  0
HATCH
  5
191
330
1F
100
AcDbEntity
  8
ViaHoleLayer
 62
    16
100
AcDbHatch
 10
0.0
 20
0.0
 30
0.0
210
0.0
220
0.0
230
1.0
  2
SOLID
 70
     1
 71
     1
 91
        1
 92
        1
 93
        1
 72
     2
 10
58.76422841999999
 20
21.27828866
 40
0.1499997
 50
0.0
 51
360.0
 73
     1
 97
        1
330
190
 75
     0
 76
     1
 98
        0
  0
REGION
  5
193
102
{ACAD_REACTORS
330
194
102
}
330
1F
100
AcDbEntity
  8
ViaHoleLayer
 62
    16
100
AcDbModelerGeometry
290
     0
  2
{00000000-0000-0000-0000-000000000000}
  0
HATCH
  5
194
330
1F
100
AcDbEntity
  8
ViaHoleLayer
 62
    16
100
AcDbHatch
 10
0.0
 20
0.0
 30
0.0
210
0.0
220
0.0
230
1.0
  2
SOLID
 70
     1
 71
     1
 91
        1
 92
        1
 93
        1
 72
     2
 10
58.78599876
 20
22.23204342
 40
0.1499997
 50
0.0
 51
360.0
 73
     1
 97
        1
330
193
 75
     0
 76
     1
 98
        0
  0
REGION
  5
196
102
{ACAD_REACTORS
330
197
102
}
330
1F
100
AcDbEntity
  8
ViaHoleLayer
 62
    16
100
AcDbModelerGeometry
290
     0
  2
{00000000-0000-0000-0000-000000000000}
  0
HATCH
  5
197
330
1F
100
AcDbEntity
  8
ViaHoleLayer
 62
    16
100
AcDbHatch
 10
0.0
 20
0.0
 30
0.0
210
0.0
220
0.0
230
1.0
  2
SOLID
 70
     1
 71
     1
 91
        1
 92
        1
 93
        1
 72
     2
 10
59.309
 20
27.432
 40
0.1499997
 50
0.0
 51
360.0
 73
     1
 97
        1
330
196
 75
     0
 76
     1
 98
        0
  0
REGION
  5
199
102
{ACAD_REACTORS
330
19A
102
}
330
1F
100
AcDbEntity
  8
ViaHoleLayer
 62
    16
100
AcDbModelerGeometry
290
     0
  2
{00000000-0000-0000-0000-000000000000}
  0
HATCH
  5
19A
330
1F
100
AcDbEntity
  8
ViaHoleLayer
 62
    16
100
AcDbHatch
 10
0.0
 20
0.0
 30
0.0
210
0.0
220
0.0
230
1.0
  2
SOLID
 70
     1
 71
     1
 91
        1
 92
        1
 93
        1
 72
     2
 10
59.9477592
 20
20.63823914
 40
0.1499997
 50
0.0
 51
360.0
 73
     1
 97
        1
330
199
 75
     0
 76
     1
 98
        0
  0
REGION
  5
19C
102
{ACAD_REACTORS
330
19D
102
}
330
1F
100
AcDbEntity
  8
ViaHoleLayer
 62
    16
100
AcDbModelerGeometry
290
     0
  2
{00000000-0000-0000-0000-000000000000}
  0
HATCH
  5
19D
330
1F
100
AcDbEntity
  8
ViaHoleLayer
 62
    16
100
AcDbHatch
 10
0.0
 20
0.0
 30
0.0
210
0.0
220
0.0
230
1.0
  2
SOLID
 70
     1
 71
     1
 91
        1
 92
        1
 93
        1
 72
     2
 10
61.96808281999999
 20
21.39141264
 40
0.1499997
 50
0.0
 51
360.0
 73
     1
 97
        1
330
19C
 75
     0
 76
     1
 98
        0
  0
REGION
  5
19F
102
{ACAD_REACTORS
330
1A0
102
}
330
1F
100
AcDbEntity
  8
ViaHoleLayer
 62
    16
100
AcDbModelerGeometry
290
     0
  2
{00000000-0000-0000-0000-000000000000}
  0
HATCH
  5
1A0
330
1F
100
AcDbEntity
  8
ViaHoleLayer
 62
    16
100
AcDbHatch
 10
0.0
 20
0.0
 30
0.0
210
0.0
220
0.0
230
1.0
  2
SOLID
 70
     1
 71
     1
 91
        1
 92
        1
 93
        1
 72
     2
 10
62.10299999999999
 20
20.447
 40
0.1499997
 50
0.0
 51
360.0
 73
     1
 97
        1
330
19F
 75
     0
 76
     1
 98
        0
  0
REGION
  5
1A2
102
{ACAD_REACTORS
330
1A3
102
}
330
1F
100
AcDbEntity
  8
ViaHoleLayer
 62
    16
100
AcDbModelerGeometry
290
     0
  2
{00000000-0000-0000-0000-000000000000}
  0
HATCH
  5
1A3
330
1F
100
AcDbEntity
  8
ViaHoleLayer
 62
    16
100
AcDbHatch
 10
0.0
 20
0.0
 30
0.0
210
0.0
220
0.0
230
1.0
  2
SOLID
 70
     1
 71
     1
 91
        1
 92
        1
 93
        1
 72
     2
 10
49.911
 20
30.734
 40
0.1499997
 50
0.0
 51
360.0
 73
     1
 97
        1
330
1A2
 75
     0
 76
     1
 98
        0
  0
REGION
  5
1A5
102
{ACAD_REACTORS
330
1A6
102
}
330
1F
100
AcDbEntity
  8
ViaHoleLayer
 62
    16
100
AcDbModelerGeometry
290
     0
  2
{00000000-0000-0000-0000-000000000000}
  0
HATCH
  5
1A6
330
1F
100
AcDbEntity
  8
ViaHoleLayer
 62
    16
100
AcDbHatch
 10
0.0
 20
0.0
 30
0.0
210
0.0
220
0.0
230
1.0
  2
SOLID
 70
     1
 71
     1
 91
        1
 92
        1
 93
        1
 72
     2
 10
55.11799999999999
 20
32.89299999999999
 40
0.1499997
 50
0.0
 51
360.0
 73
     1
 97
        1
330
1A5
 75
     0
 76
     1
 98
        0
  0
REGION
  5
1A8
102
{ACAD_REACTORS
330
1A9
102
}
330
1F
100
AcDbEntity
  8
ViaHoleLayer
 62
    16
100
AcDbModelerGeometry
290
     0
  2
{00000000-0000-0000-0000-000000000000}
  0
HATCH
  5
1A9
330
1F
100
AcDbEntity
  8
ViaHoleLayer
 62
    16
100
AcDbHatch
 10
0.0
 20
0.0
 30
0.0
210
0.0
220
0.0
230
1.0
  2
SOLID
 70
     1
 71
     1
 91
        1
 92
        1
 93
        1
 72
     2
 10
57.29211808
 20
32.78111808
 40
0.1499997
 50
0.0
 51
360.0
 73
     1
 97
        1
330
1A8
 75
     0
 76
     1
 98
        0
  0
REGION
  5
1AB
102
{ACAD_REACTORS
330
1AC
102
}
330
1F
100
AcDbEntity
  8
ViaHoleLayer
 62
    16
100
AcDbModelerGeometry
290
     0
  2
{00000000-0000-0000-0000-000000000000}
  0
HATCH
  5
1AC
330
1F
100
AcDbEntity
  8
ViaHoleLayer
 62
    16
100
AcDbHatch
 10
0.0
 20
0.0
 30
0.0
210
0.0
220
0.0
230
1.0
  2
SOLID
 70
     1
 71
     1
 91
        1
 92
        1
 93
        1
 72
     2
 10
55.24499999999999
 20
29.21
 40
0.2499995
 50
0.0
 51
360.0
 73
     1
 97
        1
330
1AB
 75
     0
 76
     1
 98
        0
  0
REGION
  5
1AE
102
{ACAD_REACTORS
330
1AF
102
}
330
1F
100
AcDbEntity
  8
ViaHoleLayer
 62
    16
100
AcDbModelerGeometry
290
     0
  2
{00000000-0000-0000-0000-000000000000}
  0
HATCH
  5
1AF
330
1F
100
AcDbEntity
  8
ViaHoleLayer
 62
    16
100
AcDbHatch
 10
0.0
 20
0.0
 30
0.0
210
0.0
220
0.0
230
1.0
  2
SOLID
 70
     1
 71
     1
 91
        1
 92
        1
 93
        1
 72
     2
 10
49.784
 20
35.17899999999999
 40
0.2499995
 50
0.0
 51
360.0
 73
     1
 97
        1
330
1AE
 75
     0
 76
     1
 98
        0
  0
REGION
  5
1B1
102
{ACAD_REACTORS
330
1B2
102
}
330
1F
100
AcDbEntity
  8
ViaHoleLayer
 62
    16
100
AcDbModelerGeometry
290
     0
  2
{00000000-0000-0000-0000-000000000000}
  0
HATCH
  5
1B2
330
1F
100
AcDbEntity
  8
ViaHoleLayer
 62
    16
100
AcDbHatch
 10
0.0
 20
0.0
 30
0.0
210
0.0
220
0.0
230
1.0
  2
SOLID
 70
     1
 71
     1
 91
        1
 92
        1
 93
        1
 72
     2
 10
33.528
 20
26.416
 40
0.1499997
 50
0.0
 51
360.0
 73
     1
 97
        1
330
1B1
 75
     0
 76
     1
 98
        0
  0
REGION
  5
1B4
102
{ACAD_REACTORS
330
1B5
102
}
330
1F
100
AcDbEntity
  8
ViaHoleLayer
 62
    16
100
AcDbModelerGeometry
290
     0
  2
{00000000-0000-0000-0000-000000000000}
  0
HATCH
  5
1B5
330
1F
100
AcDbEntity
  8
ViaHoleLayer
 62
    16
100
AcDbHatch
 10
0.0
 20
0.0
 30
0.0
210
0.0
220
0.0
230
1.0
  2
SOLID
 70
     1
 71
     1
 91
        1
 92
        1
 93
        1
 72
     2
 10
73.02499999999999
 20
20.955
 40
0.1499997
 50
0.0
 51
360.0
 73
     1
 97
        1
330
1B4
 75
     0
 76
     1
 98
        0
  0
REGION
  5
1B7
102
{ACAD_REACTORS
330
1B8
102
}
330
1F
100
AcDbEntity
  8
ViaHoleLayer
 62
    16
100
AcDbModelerGeometry
290
     0
  2
{00000000-0000-0000-0000-000000000000}
  0
HATCH
  5
1B8
330
1F
100
AcDbEntity
  8
ViaHoleLayer
 62
    16
100
AcDbHatch
 10
0.0
 20
0.0
 30
0.0
210
0.0
220
0.0
230
1.0
  2
SOLID
 70
     1
 71
     1
 91
        1
 92
        1
 93
        1
 72
     2
 10
52.832
 20
17.272
 40
0.1499997
 50
0.0
 51
360.0
 73
     1
 97
        1
330
1B7
 75
     0
 76
     1
 98
        0
  0
REGION
  5
1BA
102
{ACAD_REACTORS
330
1BB
102
}
330
1F
100
AcDbEntity
  8
ViaHoleLayer
 62
    16
100
AcDbModelerGeometry
290
     0
  2
{00000000-0000-0000-0000-000000000000}
  0
HATCH
  5
1BB
330
1F
100
AcDbEntity
  8
ViaHoleLayer
 62
    16
100
AcDbHatch
 10
0.0
 20
0.0
 30
0.0
210
0.0
220
0.0
230
1.0
  2
SOLID
 70
     1
 71
     1
 91
        1
 92
        1
 93
        1
 72
     2
 10
54.864
 20
14.986
 40
0.1499997
 50
0.0
 51
360.0
 73
     1
 97
        1
330
1BA
 75
     0
 76
     1
 98
        0
  0
REGION
  5
1BD
102
{ACAD_REACTORS
330
1BE
102
}
330
1F
100
AcDbEntity
  8
ViaHoleLayer
 62
    16
100
AcDbModelerGeometry
290
     0
  2
{00000000-0000-0000-0000-000000000000}
  0
HATCH
  5
1BE
330
1F
100
AcDbEntity
  8
ViaHoleLayer
 62
    16
100
AcDbHatch
 10
0.0
 20
0.0
 30
0.0
210
0.0
220
0.0
230
1.0
  2
SOLID
 70
     1
 71
     1
 91
        1
 92
        1
 93
        1
 72
     2
 10
33.401
 20
16.002
 40
0.1499997
 50
0.0
 51
360.0
 73
     1
 97
        1
330
1BD
 75
     0
 76
     1
 98
        0
  0
REGION
  5
1C0
102
{ACAD_REACTORS
330
1C1
102
}
330
1F
100
AcDbEntity
  8
ViaHoleLayer
 62
    16
100
AcDbModelerGeometry
290
     0
  2
{00000000-0000-0000-0000-000000000000}
  0
HATCH
  5
1C1
330
1F
100
AcDbEntity
  8
ViaHoleLayer
 62
    16
100
AcDbHatch
 10
0.0
 20
0.0
 30
0.0
210
0.0
220
0.0
230
1.0
  2
SOLID
 70
     1
 71
     1
 91
        1
 92
        1
 93
        1
 72
     2
 10
33.782
 20
14.986
 40
0.1499997
 50
0.0
 51
360.0
 73
     1
 97
        1
330
1C0
 75
     0
 76
     1
 98
        0
  0
REGION
  5
1C3
102
{ACAD_REACTORS
330
1C4
102
}
330
1F
100
AcDbEntity
  8
ViaHoleLayer
 62
    16
100
AcDbModelerGeometry
290
     0
  2
{00000000-0000-0000-0000-000000000000}
  0
HATCH
  5
1C4
330
1F
100
AcDbEntity
  8
ViaHoleLayer
 62
    16
100
AcDbHatch
 10
0.0
 20
0.0
 30
0.0
210
0.0
220
0.0
230
1.0
  2
SOLID
 70
     1
 71
     1
 91
        1
 92
        1
 93
        1
 72
     2
 10
14.478
 20
33.782
 40
0.2499995
 50
0.0
 51
360.0
 73
     1
 97
        1
330
1C3
 75
     0
 76
     1
 98
        0
  0
REGION
  5
1C6
102
{ACAD_REACTORS
330
1C7
102
}
330
1F
100
AcDbEntity
  8
ViaHoleLayer
 62
    16
100
AcDbModelerGeometry
290
     0
  2
{00000000-0000-0000-0000-000000000000}
  0
HATCH
  5
1C7
330
1F
100
AcDbEntity
  8
ViaHoleLayer
 62
    16
100
AcDbHatch
 10
0.0
 20
0.0
 30
0.0
210
0.0
220
0.0
230
1.0
  2
SOLID
 70
     1
 71
     1
 91
        1
 92
        1
 93
        1
 72
     2
 10
11.557
 20
6.76400222
 40
0.2499995
 50
0.0
 51
360.0
 73
     1
 97
        1
330
1C6
 75
     0
 76
     1
 98
        0
  0
REGION
  5
1C9
102
{ACAD_REACTORS
330
1CA
102
}
330
1F
100
AcDbEntity
  8
ViaHoleLayer
 62
    16
100
AcDbModelerGeometry
290
     0
  2
{00000000-0000-0000-0000-000000000000}
  0
HATCH
  5
1CA
330
1F
100
AcDbEntity
  8
ViaHoleLayer
 62
    16
100
AcDbHatch
 10
0.0
 20
0.0
 30
0.0
210
0.0
220
0.0
230
1.0
  2
SOLID
 70
     1
 71
     1
 91
        1
 92
        1
 93
        1
 72
     2
 10
23.622
 20
37.973
 40
0.1499997
 50
0.0
 51
360.0
 73
     1
 97
        1
330
1C9
 75
     0
 76
     1
 98
        0
  0
REGION
  5
1CC
102
{ACAD_REACTORS
330
1CD
102
}
330
1F
100
AcDbEntity
  8
ViaHoleLayer
 62
    16
100
AcDbModelerGeometry
290
     0
  2
{00000000-0000-0000-0000-000000000000}
  0
HATCH
  5
1CD
330
1F
100
AcDbEntity
  8
ViaHoleLayer
 62
    16
100
AcDbHatch
 10
0.0
 20
0.0
 30
0.0
210
0.0
220
0.0
230
1.0
  2
SOLID
 70
     1
 71
     1
 91
        1
 92
        1
 93
        1
 72
     2
 10
29.083
 20
16.51
 40
0.1499997
 50
0.0
 51
360.0
 73
     1
 97
        1
330
1CC
 75
     0
 76
     1
 98
        0
  0
REGION
  5
1CF
102
{ACAD_REACTORS
330
1D0
102
}
330
1F
100
AcDbEntity
  8
ViaHoleLayer
 62
    16
100
AcDbModelerGeometry
290
     0
  2
{00000000-0000-0000-0000-000000000000}
  0
HATCH
  5
1D0
330
1F
100
AcDbEntity
  8
ViaHoleLayer
 62
    16
100
AcDbHatch
 10
0.0
 20
0.0
 30
0.0
210
0.0
220
0.0
230
1.0
  2
SOLID
 70
     1
 71
     1
 91
        1
 92
        1
 93
        1
 72
     2
 10
28.956
 20
6.35
 40
0.1499997
 50
0.0
 51
360.0
 73
     1
 97
        1
330
1CF
 75
     0
 76
     1
 98
        0
  0
REGION
  5
1D2
102
{ACAD_REACTORS
330
1D3
102
}
330
1F
100
AcDbEntity
  8
ViaHoleLayer
 62
    16
100
AcDbModelerGeometry
290
     0
  2
{00000000-0000-0000-0000-000000000000}
  0
HATCH
  5
1D3
330
1F
100
AcDbEntity
  8
ViaHoleLayer
 62
    16
100
AcDbHatch
 10
0.0
 20
0.0
 30
0.0
210
0.0
220
0.0
230
1.0
  2
SOLID
 70
     1
 71
     1
 91
        1
 92
        1
 93
        1
 72
     2
 10
27.813
 20
7.492999999999999
 40
0.1499997
 50
0.0
 51
360.0
 73
     1
 97
        1
330
1D2
 75
     0
 76
     1
 98
        0
  0
REGION
  5
1D5
102
{ACAD_REACTORS
330
1D6
102
}
330
1F
100
AcDbEntity
  8
ViaHoleLayer
 62
    16
100
AcDbModelerGeometry
290
     0
  2
{00000000-0000-0000-0000-000000000000}
  0
HATCH
  5
1D6
330
1F
100
AcDbEntity
  8
ViaHoleLayer
 62
    16
100
AcDbHatch
 10
0.0
 20
0.0
 30
0.0
210
0.0
220
0.0
230
1.0
  2
SOLID
 70
     1
 71
     1
 91
        1
 92
        1
 93
        1
 72
     2
 10
27.86300244
 20
9.398
 40
0.1499997
 50
0.0
 51
360.0
 73
     1
 97
        1
330
1D5
 75
     0
 76
     1
 98
        0
  0
REGION
  5
1D8
102
{ACAD_REACTORS
330
1D9
102
}
330
1F
100
AcDbEntity
  8
ViaHoleLayer
 62
    16
100
AcDbModelerGeometry
290
     0
  2
{00000000-0000-0000-0000-000000000000}
  0
HATCH
  5
1D9
330
1F
100
AcDbEntity
  8
ViaHoleLayer
 62
    16
100
AcDbHatch
 10
0.0
 20
0.0
 30
0.0
210
0.0
220
0.0
230
1.0
  2
SOLID
 70
     1
 71
     1
 91
        1
 92
        1
 93
        1
 72
     2
 10
31.115
 20
17.272
 40
0.1499997
 50
0.0
 51
360.0
 73
     1
 97
        1
330
1D8
 75
     0
 76
     1
 98
        0
  0
REGION
  5
1DB
102
{ACAD_REACTORS
330
1DC
102
}
330
1F
100
AcDbEntity
  8
ViaHoleLayer
 62
    16
100
AcDbModelerGeometry
290
     0
  2
{00000000-0000-0000-0000-000000000000}
  0
HATCH
  5
1DC
330
1F
100
AcDbEntity
  8
ViaHoleLayer
 62
    16
100
AcDbHatch
 10
0.0
 20
0.0
 30
0.0
210
0.0
220
0.0
230
1.0
  2
SOLID
 70
     1
 71
     1
 91
        1
 92
        1
 93
        1
 72
     2
 10
25.019
 20
32.639
 40
0.1499997
 50
0.0
 51
360.0
 73
     1
 97
        1
330
1DB
 75
     0
 76
     1
 98
        0
  0
REGION
  5
1DE
102
{ACAD_REACTORS
330
1DF
102
}
330
1F
100
AcDbEntity
  8
ViaHoleLayer
 62
    16
100
AcDbModelerGeometry
290
     0
  2
{00000000-0000-0000-0000-000000000000}
  0
HATCH
  5
1DF
330
1F
100
AcDbEntity
  8
ViaHoleLayer
 62
    16
100
AcDbHatch
 10
0.0
 20
0.0
 30
0.0
210
0.0
220
0.0
230
1.0
  2
SOLID
 70
     1
 71
     1
 91
        1
 92
        1
 93
        1
 72
     2
 10
29.845
 20
15.85999876
 40
0.1499997
 50
0.0
 51
360.0
 73
     1
 97
        1
330
1DE
 75
     0
 76
     1
 98
        0
  0
REGION
  5
1E1
102
{ACAD_REACTORS
330
1E2
102
}
330
1F
100
AcDbEntity
  8
ViaHoleLayer
 62
    16
100
AcDbModelerGeometry
290
     0
  2
{00000000-0000-0000-0000-000000000000}
  0
HATCH
  5
1E2
330
1F
100
AcDbEntity
  8
ViaHoleLayer
 62
    16
100
AcDbHatch
 10
0.0
 20
0.0
 30
0.0
210
0.0
220
0.0
230
1.0
  2
SOLID
 70
     1
 71
     1
 91
        1
 92
        1
 93
        1
 72
     2
 10
55.626
 20
16.764
 40
0.1499997
 50
0.0
 51
360.0
 73
     1
 97
        1
330
1E1
 75
     0
 76
     1
 98
        0
  0
REGION
  5
1E4
102
{ACAD_REACTORS
330
1E5
102
}
330
1F
100
AcDbEntity
  8
ViaHoleLayer
 62
    16
100
AcDbModelerGeometry
290
     0
  2
{00000000-0000-0000-0000-000000000000}
  0
HATCH
  5
1E5
330
1F
100
AcDbEntity
  8
ViaHoleLayer
 62
    16
100
AcDbHatch
 10
0.0
 20
0.0
 30
0.0
210
0.0
220
0.0
230
1.0
  2
SOLID
 70
     1
 71
     1
 91
        1
 92
        1
 93
        1
 72
     2
 10
58.86293027999999
 20
20.25493028
 40
0.1499997
 50
0.0
 51
360.0
 73
     1
 97
        1
330
1E4
 75
     0
 76
     1
 98
        0
  0
REGION
  5
1E7
102
{ACAD_REACTORS
330
1E8
102
}
330
1F
100
AcDbEntity
  8
ViaHoleLayer
 62
    16
100
AcDbModelerGeometry
290
     0
  2
{00000000-0000-0000-0000-000000000000}
  0
HATCH
  5
1E8
330
1F
100
AcDbEntity
  8
ViaHoleLayer
 62
    16
100
AcDbHatch
 10
0.0
 20
0.0
 30
0.0
210
0.0
220
0.0
230
1.0
  2
SOLID
 70
     1
 71
     1
 91
        1
 92
        1
 93
        1
 72
     2
 10
59.81699999999999
 20
18.669
 40
0.1499997
 50
0.0
 51
360.0
 73
     1
 97
        1
330
1E7
 75
     0
 76
     1
 98
        0
  0
REGION
  5
1EA
102
{ACAD_REACTORS
330
1EB
102
}
330
1F
100
AcDbEntity
  8
ViaHoleLayer
 62
    16
100
AcDbModelerGeometry
290
     0
  2
{00000000-0000-0000-0000-000000000000}
  0
HATCH
  5
1EB
330
1F
100
AcDbEntity
  8
ViaHoleLayer
 62
    16
100
AcDbHatch
 10
0.0
 20
0.0
 30
0.0
210
0.0
220
0.0
230
1.0
  2
SOLID
 70
     1
 71
     1
 91
        1
 92
        1
 93
        1
 72
     2
 10
55.24499999999999
 20
17.653
 40
0.1499997
 50
0.0
 51
360.0
 73
     1
 97
        1
330
1EA
 75
     0
 76
     1
 98
        0
  0
REGION
  5
1ED
102
{ACAD_REACTORS
330
1EE
102
}
330
1F
100
AcDbEntity
  8
ViaHoleLayer
 62
    16
100
AcDbModelerGeometry
290
     0
  2
{00000000-0000-0000-0000-000000000000}
  0
HATCH
  5
1EE
330
1F
100
AcDbEntity
  8
ViaHoleLayer
 62
    16
100
AcDbHatch
 10
0.0
 20
0.0
 30
0.0
210
0.0
220
0.0
230
1.0
  2
SOLID
 70
     1
 71
     1
 91
        1
 92
        1
 93
        1
 72
     2
 10
1.34799578
 20
20.9685636
 40
0.1499997
 50
0.0
 51
360.0
 73
     1
 97
        1
330
1ED
 75
     0
 76
     1
 98
        0
  0
REGION
  5
1F0
102
{ACAD_REACTORS
330
1F1
102
}
330
1F
100
AcDbEntity
  8
ViaHoleLayer
 62
    16
100
AcDbModelerGeometry
290
     0
  2
{00000000-0000-0000-0000-000000000000}
  0
HATCH
  5
1F1
330
1F
100
AcDbEntity
  8
ViaHoleLayer
 62
    16
100
AcDbHatch
 10
0.0
 20
0.0
 30
0.0
210
0.0
220
0.0
230
1.0
  2
SOLID
 70
     1
 71
     1
 91
        1
 92
        1
 93
        1
 72
     2
 10
57.023
 20
12.319
 40
0.1499997
 50
0.0
 51
360.0
 73
     1
 97
        1
330
1F0
 75
     0
 76
     1
 98
        0
  0
REGION
  5
1F3
102
{ACAD_REACTORS
330
1F4
102
}
330
1F
100
AcDbEntity
  8
ViaHoleLayer
 62
    16
100
AcDbModelerGeometry
290
     0
  2
{00000000-0000-0000-0000-000000000000}
  0
HATCH
  5
1F4
330
1F
100
AcDbEntity
  8
ViaHoleLayer
 62
    16
100
AcDbHatch
 10
0.0
 20
0.0
 30
0.0
210
0.0
220
0.0
230
1.0
  2
SOLID
 70
     1
 71
     1
 91
        1
 92
        1
 93
        1
 72
     2
 10
4.760340999999999
 20
21.02065646
 40
0.1499997
 50
0.0
 51
360.0
 73
     1
 97
        1
330
1F3
 75
     0
 76
     1
 98
        0
  0
REGION
  5
1F6
102
{ACAD_REACTORS
330
1F7
102
}
330
1F
100
AcDbEntity
  8
ViaHoleLayer
 62
    16
100
AcDbModelerGeometry
290
     0
  2
{00000000-0000-0000-0000-000000000000}
  0
HATCH
  5
1F7
330
1F
100
AcDbEntity
  8
ViaHoleLayer
 62
    16
100
AcDbHatch
 10
0.0
 20
0.0
 30
0.0
210
0.0
220
0.0
230
1.0
  2
SOLID
 70
     1
 71
     1
 91
        1
 92
        1
 93
        1
 72
     2
 10
61.36868853999999
 20
16.09951822
 40
0.1499997
 50
0.0
 51
360.0
 73
     1
 97
        1
330
1F6
 75
     0
 76
     1
 98
        0
  0
REGION
  5
1F9
102
{ACAD_REACTORS
330
1FA
102
}
330
1F
100
AcDbEntity
  8
ViaHoleLayer
 62
    16
100
AcDbModelerGeometry
290
     0
  2
{00000000-0000-0000-0000-000000000000}
  0
HATCH
  5
1FA
330
1F
100
AcDbEntity
  8
ViaHoleLayer
 62
    16
100
AcDbHatch
 10
0.0
 20
0.0
 30
0.0
210
0.0
220
0.0
230
1.0
  2
SOLID
 70
     1
 71
     1
 91
        1
 92
        1
 93
        1
 72
     2
 10
60.16865029999999
 20
15.45658834
 40
0.1499997
 50
0.0
 51
360.0
 73
     1
 97
        1
330
1F9
 75
     0
 76
     1
 98
        0
  0
REGION
  5
1FC
102
{ACAD_REACTORS
330
1FD
102
}
330
1F
100
AcDbEntity
  8
ViaHoleLayer
 62
    16
100
AcDbModelerGeometry
290
     0
  2
{00000000-0000-0000-0000-000000000000}
  0
HATCH
  5
1FD
330
1F
100
AcDbEntity
  8
ViaHoleLayer
 62
    16
100
AcDbHatch
 10
0.0
 20
0.0
 30
0.0
210
0.0
220
0.0
230
1.0
  2
SOLID
 70
     1
 71
     1
 91
        1
 92
        1
 93
        1
 72
     2
 10
65.78238049999999
 20
20.9586195
 40
0.1499997
 50
0.0
 51
360.0
 73
     1
 97
        1
330
1FC
 75
     0
 76
     1
 98
        0
  0
REGION
  5
1FF
102
{ACAD_REACTORS
330
200
102
}
330
1F
100
AcDbEntity
  8
ViaHoleLayer
 62
    16
100
AcDbModelerGeometry
290
     0
  2
{00000000-0000-0000-0000-000000000000}
  0
HATCH
  5
200
330
1F
100
AcDbEntity
  8
ViaHoleLayer
 62
    16
100
AcDbHatch
 10
0.0
 20
0.0
 30
0.0
210
0.0
220
0.0
230
1.0
  2
SOLID
 70
     1
 71
     1
 91
        1
 92
        1
 93
        1
 72
     2
 10
57.02019838
 20
13.3493383
 40
0.1499997
 50
0.0
 51
360.0
 73
     1
 97
        1
330
1FF
 75
     0
 76
     1
 98
        0
  0
REGION
  5
202
102
{ACAD_REACTORS
330
203
102
}
330
1F
100
AcDbEntity
  8
ViaHoleLayer
 62
    16
100
AcDbModelerGeometry
290
     0
  2
{00000000-0000-0000-0000-000000000000}
  0
HATCH
  5
203
330
1F
100
AcDbEntity
  8
ViaHoleLayer
 62
    16
100
AcDbHatch
 10
0.0
 20
0.0
 30
0.0
210
0.0
220
0.0
230
1.0
  2
SOLID
 70
     1
 71
     1
 91
        1
 92
        1
 93
        1
 72
     2
 10
56.515
 20
14.605
 40
0.1499997
 50
0.0
 51
360.0
 73
     1
 97
        1
330
202
 75
     0
 76
     1
 98
        0
  0
REGION
  5
205
102
{ACAD_REACTORS
330
206
102
}
330
1F
100
AcDbEntity
  8
ViaHoleLayer
 62
    16
100
AcDbModelerGeometry
290
     0
  2
{00000000-0000-0000-0000-000000000000}
  0
HATCH
  5
206
330
1F
100
AcDbEntity
  8
ViaHoleLayer
 62
    16
100
AcDbHatch
 10
0.0
 20
0.0
 30
0.0
210
0.0
220
0.0
230
1.0
  2
SOLID
 70
     1
 71
     1
 91
        1
 92
        1
 93
        1
 72
     2
 10
5.8458735
 20
22.87486916
 40
0.1499997
 50
0.0
 51
360.0
 73
     1
 97
        1
330
205
 75
     0
 76
     1
 98
        0
  0
REGION
  5
208
102
{ACAD_REACTORS
330
209
102
}
330
1F
100
AcDbEntity
  8
ViaHoleLayer
 62
    16
100
AcDbModelerGeometry
290
     0
  2
{00000000-0000-0000-0000-000000000000}
  0
HATCH
  5
209
330
1F
100
AcDbEntity
  8
ViaHoleLayer
 62
    16
100
AcDbHatch
 10
0.0
 20
0.0
 30
0.0
210
0.0
220
0.0
230
1.0
  2
SOLID
 70
     1
 71
     1
 91
        1
 92
        1
 93
        1
 72
     2
 10
1.99799702
 20
21.844
 40
0.1499997
 50
0.0
 51
360.0
 73
     1
 97
        1
330
208
 75
     0
 76
     1
 98
        0
  0
REGION
  5
20B
102
{ACAD_REACTORS
330
20C
102
}
330
1F
100
AcDbEntity
  8
ViaHoleLayer
 62
    16
100
AcDbModelerGeometry
290
     0
  2
{00000000-0000-0000-0000-000000000000}
  0
HATCH
  5
20C
330
1F
100
AcDbEntity
  8
ViaHoleLayer
 62
    16
100
AcDbHatch
 10
0.0
 20
0.0
 30
0.0
210
0.0
220
0.0
230
1.0
  2
SOLID
 70
     1
 71
     1
 91
        1
 92
        1
 93
        1
 72
     2
 10
5.968999999999999
 20
20.40499856
 40
0.1499997
 50
0.0
 51
360.0
 73
     1
 97
        1
330
20B
 75
     0
 76
     1
 98
        0
  0
REGION
  5
20E
102
{ACAD_REACTORS
330
20F
102
}
330
1F
100
AcDbEntity
  8
ViaHoleLayer
 62
    16
100
AcDbModelerGeometry
290
     0
  2
{00000000-0000-0000-0000-000000000000}
  0
HATCH
  5
20F
330
1F
100
AcDbEntity
  8
ViaHoleLayer
 62
    16
100
AcDbHatch
 10
0.0
 20
0.0
 30
0.0
210
0.0
220
0.0
230
1.0
  2
SOLID
 70
     1
 71
     1
 91
        1
 92
        1
 93
        1
 72
     2
 10
5.968999999999999
 20
21.844
 40
0.1499997
 50
0.0
 51
360.0
 73
     1
 97
        1
330
20E
 75
     0
 76
     1
 98
        0
  0
LINE
  5
210
330
1F
100
AcDbEntity
  8
MultiLayer
100
AcDbLine
 10
12.53571534
 20
14.99921308
 30
0.0
 11
9.000063279999999
 21
18.53671172
 31
0.0
  0
LINE
  5
211
330
1F
100
AcDbEntity
  8
MultiLayer
100
AcDbLine
 10
9.000063279999999
 20
18.53671172
 30
0.0
 11
9.000063279999999
 21
24.4633115
 31
0.0
  0
LINE
  5
212
330
1F
100
AcDbEntity
  8
MultiLayer
100
AcDbLine
 10
9.000063279999999
 20
24.4633115
 30
0.0
 11
12.53568486
 21
28.0007822
 31
0.0
  0
LINE
  5
213
330
1F
100
AcDbEntity
  8
MultiLayer
100
AcDbLine
 10
12.53568486
 20
28.0007822
 30
0.0
 11
25.46451346
 21
28.00081268
 31
0.0
  0
LINE
  5
214
330
1F
100
AcDbEntity
  8
MultiLayer
100
AcDbLine
 10
25.46451346
 20
28.00081268
 30
0.0
 11
29.00005376
 21
24.46334198
 31
0.0
  0
LINE
  5
215
330
1F
100
AcDbEntity
  8
MultiLayer
100
AcDbLine
 10
29.00005376
 20
24.46334198
 30
0.0
 11
29.00001312
 21
18.53671172
 31
0.0
  0
LINE
  5
216
330
1F
100
AcDbEntity
  8
MultiLayer
100
AcDbLine
 10
29.00001312
 20
18.53671172
 30
0.0
 11
25.46447536
 21
14.99924102
 31
0.0
  0
LINE
  5
217
330
1F
100
AcDbEntity
  8
MultiLayer
100
AcDbLine
 10
25.46447536
 20
14.99924102
 30
0.0
 11
12.53571534
 21
14.99921308
 31
0.0
  0
INSERT
  5
221
330
1F
100
AcDbEntity
  8
0
100
AcDbBlockReference
  2
M3_MT_HOLE_1
 10
7.238999999999999
 20
10.541
 30
0.0
  0
INSERT
  5
22B
330
1F
100
AcDbEntity
  8
0
100
AcDbBlockReference
  2
M3_MT_HOLE_2
 10
55.99999975999999
 20
6.4999997
 30
0.0
  0
INSERT
  5
235
330
1F
100
AcDbEntity
  8
0
100
AcDbBlockReference
  2
M3_MT_HOLE_3
 10
29.083
 20
33.65499999999999
 30
0.0
  0
INSERT
  5
23F
330
1F
100
AcDbEntity
  8
0
100
AcDbBlockReference
  2
M3_MT_HOLE_4
 10
72.771
 20
32.004
 30
0.0
  0
INSERT
  5
243
330
1F
100
AcDbEntity
  8
0
100
AcDbBlockReference
  2
TP2020_5
 10
68.326
 20
36.83
 30
0.0
 50
90.0
  0
INSERT
  5
247
330
1F
100
AcDbEntity
  8
0
100
AcDbBlockReference
  2
RES_0603_1608_6
 10
49.77800052
 20
7.3970007
 30
0.0
 50
180.0
  0
INSERT
  5
24B
330
1F
100
AcDbEntity
  8
0
100
AcDbBlockReference
  2
RES_0603_1608_7
 10
49.77800052
 20
8.89700024
 30
0.0
 50
180.0
  0
INSERT
  5
24F
330
1F
100
AcDbEntity
  8
0
100
AcDbBlockReference
  2
RES_0603_1608_8
 10
49.77800052
 20
10.39699978
 30
0.0
 50
180.0
  0
INSERT
  5
253
330
1F
100
AcDbEntity
  8
0
100
AcDbBlockReference
  2
RES_0603_1608_9
 10
49.77800052
 20
11.89699932
 30
0.0
 50
180.0
  0
INSERT
  5
257
330
1F
100
AcDbEntity
  8
0
100
AcDbBlockReference
  2
RES_0603_1608_10
 10
49.77800052
 20
13.39699886
 30
0.0
 50
180.0
  0
INSERT
  5
25B
330
1F
100
AcDbEntity
  8
0
100
AcDbBlockReference
  2
TP2020_11
 10
72.009
 20
10.668
 30
0.0
 50
90.0
  0
INSERT
  5
25F
330
1F
100
AcDbEntity
  8
0
100
AcDbBlockReference
  2
TP2020_12
 10
67.945
 20
12.827
 30
0.0
  0
INSERT
  5
263
330
1F
100
AcDbEntity
  8
0
100
AcDbBlockReference
  2
TP2020_13
 10
33.65499999999999
 20
35.05199999999999
 30
0.0
 50
90.0
  0
INSERT
  5
267
330
1F
100
AcDbEntity
  8
0
100
AcDbBlockReference
  2
WS2812B4020_14
 10
29.20000002
 20
1.20000014
 30
0.0
 50
180.0
  0
INSERT
  5
26B
330
1F
100
AcDbEntity
  8
0
100
AcDbBlockReference
  2
WS2812B4020_15
 10
23.39999892
 20
1.20000014
 30
0.0
 50
180.0
  0
INSERT
  5
26F
330
1F
100
AcDbEntity
  8
0
100
AcDbBlockReference
  2
TP2020_16
 10
68.072
 20
9.524999999999999
 30
0.0
 50
90.0
  0
INSERT
  5
273
330
1F
100
AcDbEntity
  8
0
100
AcDbBlockReference
  2
WS2812B4020_17
 10
63.999999
 20
1.20000014
 30
0.0
 50
180.0
  0
INSERT
  5
277
330
1F
100
AcDbEntity
  8
0
100
AcDbBlockReference
  2
WS2812B4020_18
 10
58.20000044
 20
1.20000014
 30
0.0
 50
180.0
  0
INSERT
  5
27B
330
1F
100
AcDbEntity
  8
0
100
AcDbBlockReference
  2
WS2812B4020_19
 10
52.39999934
 20
1.20000014
 30
0.0
 50
180.0
  0
INSERT
  5
27F
330
1F
100
AcDbEntity
  8
0
100
AcDbBlockReference
  2
WS2812B4020_20
 10
46.60000078
 20
1.20000014
 30
0.0
 50
180.0
  0
INSERT
  5
283
330
1F
100
AcDbEntity
  8
0
100
AcDbBlockReference
  2
WS2812B4020_21
 10
40.79999968
 20
1.20000014
 30
0.0
 50
180.0
  0
INSERT
  5
287
330
1F
100
AcDbEntity
  8
0
100
AcDbBlockReference
  2
WS2812B4020_22
 10
35.00000112
 20
1.20000014
 30
0.0
 50
180.0
  0
INSERT
  5
28B
330
1F
100
AcDbEntity
  8
0
100
AcDbBlockReference
  2
WS2812B4020_23
 10
23.39999892
 20
41.80000022
 30
0.0
  0
INSERT
  5
28F
330
1F
100
AcDbEntity
  8
0
100
AcDbBlockReference
  2
WS2812B4020_24
 10
29.20000002
 20
41.80000022
 30
0.0
  0
INSERT
  5
293
330
1F
100
AcDbEntity
  8
0
100
AcDbBlockReference
  2
WS2812B4020_25
 10
35.00000112
 20
41.80000022
 30
0.0
  0
INSERT
  5
297
330
1F
100
AcDbEntity
  8
0
100
AcDbBlockReference
  2
WS2812B4020_26
 10
40.79999968
 20
41.80000022
 30
0.0
  0
INSERT
  5
29B
330
1F
100
AcDbEntity
  8
0
100
AcDbBlockReference
  2
WS2812B4020_27
 10
46.60000078
 20
41.80000022
 30
0.0
  0
INSERT
  5
29F
330
1F
100
AcDbEntity
  8
0
100
AcDbBlockReference
  2
WS2812B4020_28
 10
52.39999934
 20
41.80000022
 30
0.0
  0
INSERT
  5
2A3
330
1F
100
AcDbEntity
  8
0
100
AcDbBlockReference
  2
WS2812B4020_29
 10
58.20000044
 20
41.80000022
 30
0.0
  0
INSERT
  5
2A7
330
1F
100
AcDbEntity
  8
0
100
AcDbBlockReference
  2
WS2812B4020_30
 10
63.999999
 20
41.80000022
 30
0.0
  0
INSERT
  5
2B7
330
1F
100
AcDbEntity
  8
0
100
AcDbBlockReference
  2
AMPHENOL_GSB1C41110SSHR_31
 10
3.682999999999999
 20
21.50000018
 30
0.0
 50
270.0
  0
INSERT
  5
2F4
330
1F
100
AcDbEntity
  8
0
100
AcDbBlockReference
  2
PAW3515DB_32
 10
39.99999874
 20
21.50000018
 30
0.0
 50
180.0
  0
INSERT
  5
2FE
330
1F
100
AcDbEntity
  8
0
100
AcDbBlockReference
  2
2____________33
 10
76.073
 20
26.924
 30
0.0
 50
270.0
  0
INSERT
  5
302
330
1F
100
AcDbEntity
  8
0
100
AcDbBlockReference
  2
TP2020_34
 10
67.18299999999999
 20
23.622
 30
0.0
 50
90.0
  0
INSERT
  5
306
330
1F
100
AcDbEntity
  8
0
100
AcDbBlockReference
  2
TP2020_35
 10
65.532
 20
26.924
 30
0.0
 50
90.0
  0
INSERT
  5
30A
330
1F
100
AcDbEntity
  8
0
100
AcDbBlockReference
  2
DMN2230UQ_DIO_M_36
 10
75.31099999999999
 20
19.939
 30
0.0
 50
270.0
  0
INSERT
  5
30E
330
1F
100
AcDbEntity
  8
0
100
AcDbBlockReference
  2
LQFP48_37
 10
59.99999938
 20
21.50000018
 30
0.0
  0
INSERT
  5
31E
330
1F
100
AcDbEntity
  8
0
100
AcDbBlockReference
  2
K____B___38
 10
19.80000104
 20
39.69999934
 30
0.0
 50
180.0
  0
INSERT
  5
32E
330
1F
100
AcDbEntity
  8
0
100
AcDbBlockReference
  2
K____B___39
 10
14.80000088
 20
3.300001019999999
 30
0.0
  0
INSERT
  5
332
330
1F
100
AcDbEntity
  8
0
100
AcDbBlockReference
  2
3_4__BTN_40
 10
49.50000006
 20
19.0000001
 30
0.0
 50
180.0
  0
INSERT
  5
342
330
1F
100
AcDbEntity
  8
0
100
AcDbBlockReference
  2
K____B___41
 10
16.50000002
 20
31.369
 30
0.0
  0
INSERT
  5
346
330
1F
100
AcDbEntity
  8
0
100
AcDbBlockReference
  2
3_4__BTN_42
 10
49.50000006
 20
24.00000026
 30
0.0
  0
INSERT
  5
34A
330
1F
100
AcDbEntity
  8
0
100
AcDbBlockReference
  2
TP2020_43
 10
67.564
 20
27.94
 30
0.0
 50
90.0
  0
INSERT
  5
34E
330
1F
100
AcDbEntity
  8
0
100
AcDbBlockReference
  2
TP2020_44
 10
67.564
 20
29.591
 30
0.0
 50
90.0
  0
INSERT
  5
352
330
1F
100
AcDbEntity
  8
0
100
AcDbBlockReference
  2
TP2020_45
 10
67.564
 20
31.242
 30
0.0
 50
90.0
  0
INSERT
  5
356
330
1F
100
AcDbEntity
  8
0
100
AcDbBlockReference
  2
TP2020_46
 10
69.5730003
 20
19.304
 30
0.0
 50
90.0
  0
INSERT
  5
35A
330
1F
100
AcDbEntity
  8
0
100
AcDbBlockReference
  2
TP2020_47
 10
69.469
 20
20.955
 30
0.0
 50
90.0
  0
INSERT
  5
35E
330
1F
100
AcDbEntity
  8
0
100
AcDbBlockReference
  2
TP2020_48
 10
69.596
 20
22.606
 30
0.0
 50
90.0
  0
INSERT
  5
362
330
1F
100
AcDbEntity
  8
0
100
AcDbBlockReference
  2
TP2020_49
 10
69.596
 20
24.257
 30
0.0
 50
90.0
  0
INSERT
  5
366
330
1F
100
AcDbEntity
  8
0
100
AcDbBlockReference
  2
RES_0603_1608_50
 10
32.90800124
 20
30.734
 30
0.0
  0
INSERT
  5
36A
330
1F
100
AcDbEntity
  8
0
100
AcDbBlockReference
  2
RES_0603_1608_51
 10
48.00599999999999
 20
30.734
 30
0.0
 50
180.0
  0
INSERT
  5
36E
330
1F
100
AcDbEntity
  8
0
100
AcDbBlockReference
  2
RES_0603_1608_52
 10
31.115
 20
11.99999886
 30
0.0
 50
180.0
  0
INSERT
  5
372
330
1F
100
AcDbEntity
  8
0
100
AcDbBlockReference
  2
RES_0603_1608_53
 10
33.65499999999999
 20
9.906
 30
0.0
  0
INSERT
  5
376
330
1F
100
AcDbEntity
  8
0
100
AcDbBlockReference
  2
RES_0603_1608_54
 10
35.00000112
 20
11.99999886
 30
0.0
  0
INSERT
  5
37A
330
1F
100
AcDbEntity
  8
0
100
AcDbBlockReference
  2
RES_0603_1608_55
 10
51.435
 20
16.383
 30
0.0
  0
INSERT
  5
37E
330
1F
100
AcDbEntity
  8
0
100
AcDbBlockReference
  2
RES_0603_1608_56
 10
48.00599999999999
 20
26.797
 30
0.0
  0
INSERT
  5
382
330
1F
100
AcDbEntity
  8
0
100
AcDbBlockReference
  2
RES_0603_1608_57
 10
67.49999962
 20
15.494
 30
0.0
 50
180.0
  0
INSERT
  5
386
330
1F
100
AcDbEntity
  8
0
100
AcDbBlockReference
  2
RES_0603_1608_58
 10
4.0490013
 20
28.70199999999999
 30
0.0
  0
INSERT
  5
38A
330
1F
100
AcDbEntity
  8
0
100
AcDbBlockReference
  2
RES_0603_1608_59
 10
4.064
 20
30.607
 30
0.0
  0
INSERT
  5
38E
330
1F
100
AcDbEntity
  8
0
100
AcDbBlockReference
  2
5034800500_60
 10
40.005
 20
5.893000659999999
 30
0.0
  0
INSERT
  5
39E
330
1F
100
AcDbEntity
  8
0
100
AcDbBlockReference
  2
4____________61
 10
63.000001
 20
6.000000699999999
 30
0.0
 50
90.0
  0
INSERT
  5
3AE
330
1F
100
AcDbEntity
  8
0
100
AcDbBlockReference
  2
4____________62
 10
63.000001
 20
36.99999966
 30
0.0
 50
270.0
  0
INSERT
  5
3E2
330
1F
100
AcDbEntity
  8
0
100
AcDbBlockReference
  2
TTC_ENCODER_63
 10
21.50000018
 20
12.48599992
 30
0.0
 50
180.0
  0
INSERT
  5
3E6
330
1F
100
AcDbEntity
  8
0
100
AcDbBlockReference
  2
MOUSE_LED_B_64
 10
48.00000052
 20
21.50000018
 30
0.0
 50
270.0
  0
INSERT
  5
3EA
330
1F
100
AcDbEntity
  8
0
100
AcDbBlockReference
  2
DIO_TPD4E02B04DQAR_B_65
 10
3.302
 20
21.844
 30
0.0
  0
INSERT
  5
3EE
330
1F
100
AcDbEntity
  8
0
100
AcDbBlockReference
  2
CAP_0603_1608_66
 10
38.989
 20
12.065
 30
0.0
 50
180.0
  0
INSERT
  5
3F2
330
1F
100
AcDbEntity
  8
0
100
AcDbBlockReference
  2
CAP_0603_1608_67
 10
47.117
 20
16.51
 30
0.0
  0
INSERT
  5
3F6
330
1F
100
AcDbEntity
  8
0
100
AcDbBlockReference
  2
CAP_0603_1608_68
 10
67.49999962
 20
25.908
 30
0.0
 50
180.0
  0
INSERT
  5
3FA
330
1F
100
AcDbEntity
  8
0
100
AcDbBlockReference
  2
CAP_0603_1608_69
 10
57.40399999999999
 20
28.956
 30
0.0
 50
270.0
  0
INSERT
  5
3FE
330
1F
100
AcDbEntity
  8
0
100
AcDbBlockReference
  2
CAP_0603_1608_70
 10
53.34
 20
21.463
 30
0.0
 50
270.0
  0
INSERT
  5
402
330
1F
100
AcDbEntity
  8
0
100
AcDbBlockReference
  2
CAP_0603_1608_71
 10
67.49999962
 20
17.653
 30
0.0
 50
180.0
  0
INSERT
  5
406
330
1F
100
AcDbEntity
  8
0
100
AcDbBlockReference
  2
CAP_0603_1608_72
 10
54.60999999999999
 20
26.924
 30
0.0
 50
270.0
  0
INSERT
  5
40A
330
1F
100
AcDbEntity
  8
0
100
AcDbBlockReference
  2
CAP_0603_1608_73
 10
48.00599999999999
 20
28.70199999999999
 30
0.0
  0
INSERT
  5
40E
330
1F
100
AcDbEntity
  8
0
100
AcDbBlockReference
  2
CAP_0603_1608_74
 10
6.476999999999999
 20
32.512
 30
0.0
 50
90.0
  0
INSERT
  5
412
330
1F
100
AcDbEntity
  8
0
100
AcDbBlockReference
  2
CAP_0603_1608_75
 10
10.668
 20
29.845
 30
0.0
  0
INSERT
  5
416
330
1F
100
AcDbEntity
  8
0
100
AcDbBlockReference
  2
SOT89_3_76
 10
10.795
 20
34.41699999999999
 30
0.0
 50
90.0
  0
ENDSEC
  0
SECTION
  2
OBJECTS
  0
DICTIONARY
  5
C
330
0
100
AcDbDictionary
281
     1
  3
ACAD_DETAILVIEWSTYLE
350
41E
  3
ACAD_GROUP
350
D
  3
ACAD_LAYOUT
350
1A
  3
ACAD_MATERIAL
350
43
  3
ACAD_MLEADERSTYLE
350
6B
  3
ACAD_MLINESTYLE
350
17
  3
ACAD_PLOTSETTINGS
350
19
  3
ACAD_PLOTSTYLENAME
350
E
  3
ACAD_SCALELIST
350
47
  3
ACAD_SECTIONVIEWSTYLE
350
41F
  3
ACAD_TABLESTYLE
350
69
  3
ACAD_VISUALSTYLE
350
2A
  3
ACDB_RECOMPOSE_DATA
350
41B
  3
AcDbVariableDictionary
350
417
  0
SUN
  5
6D
330
29
100
AcDbSun
 90
        1
290
     0
 63
     7
421
 16777215
 40
1.0
291
     1
 91
  2455826
 92
 54000000
292
     0
 70
     2
 71
   256
280
     1
  0
DICTIONARY
  5
41E
102
{ACAD_REACTORS
330
C
102
}
330
C
100
AcDbDictionary
281
     1
  0
DICTIONARY
  5
D
102
{ACAD_REACTORS
330
C
102
}
330
C
100
AcDbDictionary
281
     1
  0
DICTIONARY
  5
1A
102
{ACAD_REACTORS
330
C
102
}
330
C
100
AcDbDictionary
281
     1
  3
Layout1
350
1E
  3
Layout2
350
26
  3
Model
350
22
  0
DICTIONARY
  5
43
102
{ACAD_REACTORS
330
C
102
}
330
C
100
AcDbDictionary
281
     1
  3
ByBlock
350
45
  3
ByLayer
350
44
  3
Global
350
46
  0
DICTIONARY
  5
6B
102
{ACAD_REACTORS
330
C
102
}
330
C
100
AcDbDictionary
281
     1
  3
Standard
350
6C
  0
DICTIONARY
  5
17
102
{ACAD_REACTORS
330
C
102
}
330
C
100
AcDbDictionary
281
     1
  3
Standard
350
18
  0
DICTIONARY
  5
19
102
{ACAD_REACTORS
330
C
102
}
330
C
100
AcDbDictionary
281
     1
  0
ACDBDICTIONARYWDFLT
  5
E
102
{ACAD_REACTORS
330
C
102
}
330
C
100
AcDbDictionary
281
     1
  3
Normal
350
F
100
AcDbDictionaryWithDefault
340
F
  0
DICTIONARY
  5
47
102
{ACAD_REACTORS
330
C
102
}
330
C
100
AcDbDictionary
281
     1
  3
A0
350
48
  3
A1
350
49
  3
A2
350
4A
  3
A3
350
4B
  3
A4
350
4C
  3
A5
350
4D
  3
A6
350
4E
  3
A7
350
4F
  3
A8
350
50
  3
A9
350
51
  3
B0
350
52
  3
B1
350
53
  3
B2
350
54
  3
B3
350
55
  3
B4
350
56
  3
B5
350
57
  3
B6
350
58
  3
B7
350
59
  3
B8
350
5A
  3
B9
350
5B
  3
C0
350
5C
  3
C1
350
5D
  3
C2
350
5E
  3
C3
350
5F
  3
C4
350
60
  3
C5
350
61
  3
C6
350
62
  3
C7
350
63
  3
C8
350
64
  3
C9
350
65
  3
D0
350
66
  3
D1
350
67
  3
D2
350
68
  0
DICTIONARY
  5
41F
102
{ACAD_REACTORS
330
C
102
}
330
C
100
AcDbDictionary
281
     1
  0
DICTIONARY
  5
69
102
{ACAD_REACTORS
330
C
102
}
330
C
100
AcDbDictionary
281
     1
  3
Standard
350
6A
  0
DICTIONARY
  5
2A
102
{ACAD_REACTORS
330
C
102
}
330
C
100
AcDbDictionary
281
     1
  3
2dWireframe
350
2F
  3
Basic
350
32
  3
Brighten
350
36
  3
ColorChange
350
3A
  3
Conceptual
350
34
  3
Dim
350
35
  3
EdgeColorOff
350
3D
  3
Facepattern
350
39
  3
Flat
350
2B
  3
FlatWithEdges
350
2C
  3
Gouraud
350
2D
  3
GouraudWithEdges
350
2E
  3
Hidden
350
31
  3
JitterOff
350
3B
  3
Linepattern
350
38
  3
OverhangOff
350
3C
  3
Realistic
350
33
  3
Shaded
350
42
  3
Shaded with edges
350
41
  3
Shades of Gray
350
3E
  3
Sketchy
350
3F
  3
Thicken
350
37
  3
Wireframe
350
30
  3
X-Ray
350
40
  0
XRECORD
  5
41B
102
{ACAD_REACTORS
330
C
102
}
330
C
100
AcDbXrecord
280
     1
 90
        1
330
6A
  0
DICTIONARY
  5
417
102
{ACAD_REACTORS
330
C
102
}
330
C
100
AcDbDictionary
281
     1
  3
CANNOSCALE
350
418
  3
CMLEADERSTYLE
350
41D
  3
CTABLESTYLE
350
41C
  0
LAYOUT
  5
1E
102
{ACAD_REACTORS
330
1A
102
}
330
1A
100
AcDbPlotSettings
  1

  2
none_device
  4

  6

 40
0.0
 41
0.0
 42
0.0
 43
0.0
 44
0.0
 45
0.0
 46
0.0
 47
0.0
 48
0.0
 49
0.0
140
0.0
141
0.0
142
1.0
143
1.0
 70
   688
 72
     1
 73
     0
 74
     5
  7

 75
    16
 76
     0
 77
     2
 78
   300
147
1.0
148
0.0
149
0.0
100
AcDbLayout
  1
Layout1
 70
     1
 71
     1
 10
0.0
 20
0.0
 11
420.0
 21
297.0
 12
0.0
 22
0.0
 32
0.0
 14
1.000000000000000E+20
 24
1.000000000000000E+20
 34
1.000000000000000E+20
 15
-1.000000000000000E+20
 25
-1.000000000000000E+20
 35
-1.000000000000000E+20
146
0.0
 13
0.0
 23
0.0
 33
0.0
 16
1.0
 26
0.0
 36
0.0
 17
0.0
 27
1.0
 37
0.0
 76
     0
330
1B
  0
LAYOUT
  5
26
102
{ACAD_REACTORS
330
1A
102
}
330
1A
100
AcDbPlotSettings
  1

  2
none_device
  4

  6

 40
0.0
 41
0.0
 42
0.0
 43
0.0
 44
0.0
 45
0.0
 46
0.0
 47
0.0
 48
0.0
 49
0.0
140
0.0
141
0.0
142
1.0
143
1.0
 70
   688
 72
     1
 73
     0
 74
     5
  7

 75
    16
 76
     0
 77
     2
 78
   300
147
1.0
148
0.0
149
0.0
100
AcDbLayout
  1
Layout2
 70
     1
 71
     2
 10
0.0
 20
0.0
 11
0.0
 21
0.0
 12
0.0
 22
0.0
 32
0.0
 14
0.0
 24
0.0
 34
0.0
 15
0.0
 25
0.0
 35
0.0
146
0.0
 13
0.0
 23
0.0
 33
0.0
 16
1.0
 26
0.0
 36
0.0
 17
0.0
 27
1.0
 37
0.0
 76
     0
330
23
  0
LAYOUT
  5
22
102
{ACAD_REACTORS
330
1A
102
}
330
1A
100
AcDbPlotSettings
  1

  2
none_device
  4
Letter_(8.50_x_11.00_Inches)
  6

 40
6.35
 41
6.35
 42
6.35000508
 43
6.35000508
 44
215.9
 45
279.4
 46
0.0
 47
0.0
 48
0.0
 49
0.0
140
0.0
141
0.0
142
1.0
143
1.0
 70
  1712
 72
     1
 73
     0
 74
     0
  7

 75
     0
 76
     0
 77
     2
 78
   300
147
1.0
148
0.0
149
0.0
100
AcDbLayout
  1
Model
 70
     1
 71
     0
 10
-16.56676646
 20
-5.429587819999999
 11
107.77092492
 21
298.196762
 12
0.0
 22
0.0
 32
0.0
 14
1.000000000000000E+20
 24
1.000000000000000E+20
 34
1.000000000000000E+20
 15
-1.000000000000000E+20
 25
-1.000000000000000E+20
 35
-1.000000000000000E+20
146
0.0
 13
0.0
 23
0.0
 33
0.0
 16
1.0
 26
0.0
 36
0.0
 17
0.0
 27
1.0
 37
0.0
 76
     0
330
1F
331
29
  0
MATERIAL
  5
45
102
{ACAD_REACTORS
330
43
102
}
330
43
100
AcDbMaterial
  1
ByBlock
 72
     1
 94
      127
  0
MATERIAL
  5
44
102
{ACAD_REACTORS
330
43
102
}
330
43
100
AcDbMaterial
  1
ByLayer
 72
     1
 94
      127
  0
MATERIAL
  5
46
102
{ACAD_REACTORS
330
43
102
}
330
43
100
AcDbMaterial
  1
Global
 72
     1
 94
      127
  0
MLEADERSTYLE
  5
6C
102
{ACAD_REACTORS
330
6B
102
}
330
6B
100
AcDbMLeaderStyle
179
     2
170
     2
171
     1
172
     0
 90
        2
 40
0.0
 41
0.0
173
     1
 91
-1056964608
340
14
 92
       -2
290
     1
 42
2.0
291
     1
 43
8.0
  3
Standard
341
0
 44
4.0
300

342
11
174
     1
178
     6
175
     1
176
     0
 93
-1056964608
 45
4.0
292
     0
297
     0
 46
4.0
343
0
 94
-1056964608
 47
1.0
 49
1.0
140
1.0
293
     1
141
0.0
294
     1
177
     0
142
1.0
295
     0
296
     0
143
3.75
271
     0
272
     9
273
     9
298
     0
  0
MLINESTYLE
  5
18
102
{ACAD_REACTORS
330
17
102
}
330
17
100
AcDbMlineStyle
  2
Standard
 70
     0
  3

 62
   256
 51
90.0
 52
90.0
 71
     2
 49
0.5
 62
   256
  6
BYLAYER
 49
-0.5
 62
   256
  6
BYLAYER
  0
ACDBPLACEHOLDER
  5
F
102
{ACAD_REACTORS
330
E
102
}
330
E
  0
SCALE
  5
48
102
{ACAD_REACTORS
330
47
102
}
330
47
100
AcDbScale
 70
     0
300
1:1
140
1.0
141
1.0
290
     1
  0
SCALE
  5
49
102
{ACAD_REACTORS
330
47
102
}
330
47
100
AcDbScale
 70
     0
300
1:2
140
1.0
141
2.0
290
     0
  0
SCALE
  5
4A
102
{ACAD_REACTORS
330
47
102
}
330
47
100
AcDbScale
 70
     0
300
1:4
140
1.0
141
4.0
290
     0
  0
SCALE
  5
4B
102
{ACAD_REACTORS
330
47
102
}
330
47
100
AcDbScale
 70
     0
300
1:5
140
1.0
141
5.0
290
     0
  0
SCALE
  5
4C
102
{ACAD_REACTORS
330
47
102
}
330
47
100
AcDbScale
 70
     0
300
1:8
140
1.0
141
8.0
290
     0
  0
SCALE
  5
4D
102
{ACAD_REACTORS
330
47
102
}
330
47
100
AcDbScale
 70
     0
300
1:10
140
1.0
141
10.0
290
     0
  0
SCALE
  5
4E
102
{ACAD_REACTORS
330
47
102
}
330
47
100
AcDbScale
 70
     0
300
1:16
140
1.0
141
16.0
290
     0
  0
SCALE
  5
4F
102
{ACAD_REACTORS
330
47
102
}
330
47
100
AcDbScale
 70
     0
300
1:20
140
1.0
141
20.0
290
     0
  0
SCALE
  5
50
102
{ACAD_REACTORS
330
47
102
}
330
47
100
AcDbScale
 70
     0
300
1:30
140
1.0
141
30.0
290
     0
  0
SCALE
  5
51
102
{ACAD_REACTORS
330
47
102
}
330
47
100
AcDbScale
 70
     0
300
1:40
140
1.0
141
40.0
290
     0
  0
SCALE
  5
52
102
{ACAD_REACTORS
330
47
102
}
330
47
100
AcDbScale
 70
     0
300
1:50
140
1.0
141
50.0
290
     0
  0
SCALE
  5
53
102
{ACAD_REACTORS
330
47
102
}
330
47
100
AcDbScale
 70
     0
300
1:100
140
1.0
141
100.0
290
     0
  0
SCALE
  5
54
102
{ACAD_REACTORS
330
47
102
}
330
47
100
AcDbScale
 70
     0
300
2:1
140
2.0
141
1.0
290
     0
  0
SCALE
  5
55
102
{ACAD_REACTORS
330
47
102
}
330
47
100
AcDbScale
 70
     0
300
4:1
140
4.0
141
1.0
290
     0
  0
SCALE
  5
56
102
{ACAD_REACTORS
330
47
102
}
330
47
100
AcDbScale
 70
     0
300
8:1
140
8.0
141
1.0
290
     0
  0
SCALE
  5
57
102
{ACAD_REACTORS
330
47
102
}
330
47
100
AcDbScale
 70
     0
300
10:1
140
10.0
141
1.0
290
     0
  0
SCALE
  5
58
102
{ACAD_REACTORS
330
47
102
}
330
47
100
AcDbScale
 70
     0
300
100:1
140
100.0
141
1.0
290
     0
  0
SCALE
  5
59
102
{ACAD_REACTORS
330
47
102
}
330
47
100
AcDbScale
 70
     0
300
1/128" = 1'-0"
140
0.0078125
141
12.0
290
     0
  0
SCALE
  5
5A
102
{ACAD_REACTORS
330
47
102
}
330
47
100
AcDbScale
 70
     0
300
1/64" = 1'-0"
140
0.015625
141
12.0
290
     0
  0
SCALE
  5
5B
102
{ACAD_REACTORS
330
47
102
}
330
47
100
AcDbScale
 70
     0
300
1/32" = 1'-0"
140
0.03125
141
12.0
290
     0
  0
SCALE
  5
5C
102
{ACAD_REACTORS
330
47
102
}
330
47
100
AcDbScale
 70
     0
300
1/16" = 1'-0"
140
0.0625
141
12.0
290
     0
  0
SCALE
  5
5D
102
{ACAD_REACTORS
330
47
102
}
330
47
100
AcDbScale
 70
     0
300
3/32" = 1'-0"
140
0.09375
141
12.0
290
     0
  0
SCALE
  5
5E
102
{ACAD_REACTORS
330
47
102
}
330
47
100
AcDbScale
 70
     0
300
1/8" = 1'-0"
140
0.125
141
12.0
290
     0
  0
SCALE
  5
5F
102
{ACAD_REACTORS
330
47
102
}
330
47
100
AcDbScale
 70
     0
300
3/16" = 1'-0"
140
0.1875
141
12.0
290
     0
  0
SCALE
  5
60
102
{ACAD_REACTORS
330
47
102
}
330
47
100
AcDbScale
 70
     0
300
1/4" = 1'-0"
140
0.25
141
12.0
290
     0
  0
SCALE
  5
61
102
{ACAD_REACTORS
330
47
102
}
330
47
100
AcDbScale
 70
     0
300
3/8" = 1'-0"
140
0.375
141
12.0
290
     0
  0
SCALE
  5
62
102
{ACAD_REACTORS
330
47
102
}
330
47
100
AcDbScale
 70
     0
300
1/2" = 1'-0"
140
0.5
141
12.0
290
     0
  0
SCALE
  5
63
102
{ACAD_REACTORS
330
47
102
}
330
47
100
AcDbScale
 70
     0
300
3/4" = 1'-0"
140
0.75
141
12.0
290
     0
  0
SCALE
  5
64
102
{ACAD_REACTORS
330
47
102
}
330
47
100
AcDbScale
 70
     0
300
1" = 1'-0"
140
1.0
141
12.0
290
     0
  0
SCALE
  5
65
102
{ACAD_REACTORS
330
47
102
}
330
47
100
AcDbScale
 70
     0
300
1-1/2" = 1'-0"
140
1.5
141
12.0
290
     0
  0
SCALE
  5
66
102
{ACAD_REACTORS
330
47
102
}
330
47
100
AcDbScale
 70
     0
300
3" = 1'-0"
140
3.0
141
12.0
290
     0
  0
SCALE
  5
67
102
{ACAD_REACTORS
330
47
102
}
330
47
100
AcDbScale
 70
     0
300
6" = 1'-0"
140
6.0
141
12.0
290
     0
  0
SCALE
  5
68
102
{ACAD_REACTORS
330
47
102
}
330
47
100
AcDbScale
 70
     0
300
1'-0" = 1'-0"
140
12.0
141
12.0
290
     0
  0
TABLESTYLE
  5
6A
102
{ACAD_REACTORS
330
69
102
}
102
{ACAD_XDICTIONARY
360
419
102
}
330
69
100
AcDbTableStyle
  3
Standard
 70
     0
 71
     0
 40
0.06
 41
0.06
280
     0
281
     0
  7
Standard
140
4.5
170
     2
 62
     0
 63
   257
283
     0
 90
        4
 91
        0
  1

274
    -2
284
     1
 64
     0
275
    -2
285
     1
 65
     0
276
    -2
286
     1
 66
     0
277
    -2
287
     1
 67
     0
278
    -2
288
     1
 68
     0
279
    -2
289
     1
 69
     0
  7
Standard
140
6.0
170
     5
 62
     0
 63
   257
283
     0
 90
        4
 91
        0
  1

274
    -2
284
     1
 64
     0
275
    -2
285
     1
 65
     0
276
    -2
286
     1
 66
     0
277
    -2
287
     1
 67
     0
278
    -2
288
     1
 68
     0
279
    -2
289
     1
 69
     0
  7
Standard
140
4.5
170
     5
 62
     0
 63
   257
283
     0
 90
        4
 91
        0
  1

274
    -2
284
     1
 64
     0
275
    -2
285
     1
 65
     0
276
    -2
286
     1
 66
     0
277
    -2
287
     1
 67
     0
278
    -2
288
     1
 68
     0
279
    -2
289
     1
 69
     0
  0
VISUALSTYLE
  5
2F
102
{ACAD_REACTORS
330
2A
102
}
330
2A
100
AcDbVisualStyle
  2
2dWireframe
 70
     4
177
     3
291
     0
 70
    58
 90
        0
176
     1
 90
        2
176
     1
 90
        0
176
     1
 90
        0
176
     1
 40
0.6
176
     1
 40
30.0
176
     1
 62
     7
420
 16777215
176
     1
 90
        1
176
     1
 90
        4
176
     1
 62
     7
176
     1
 62
   257
176
     1
 90
        1
176
     1
 90
        1
176
     1
 40
1.0
176
     1
 90
        0
176
     1
 62
   257
176
     1
 40
1.0
176
     1
 90
        1
176
     1
 90
        6
176
     1
 90
        2
176
     1
 62
     7
176
     1
 90
        5
176
     1
 90
        0
176
     1
 90
        0
176
     1
290
     0
176
     1
 90
        1
176
     1
 40
0.0
176
     1
 90
        0
176
     1
290
     1
176
     1
290
     1
176
     1
290
     0
176
     1
290
     0
176
     1
290
     0
176
     1
290
     0
176
     1
290
     0
176
     1
290
     0
176
     1
290
     0
176
     1
 90
       50
176
     1
 40
0.0
176
     1
 40
1.0
176
     1
 90
        0
176
     1
 62
    18
420
        0
176
     1
 90
       50
176
     1
 90
        3
176
     1
 62
     5
420
      255
176
     1
290
     0
176
     1
 90
       50
176
     1
 90
       50
176
     1
 90
       50
176
     1
290
     0
176
     1
 90
       50
176
     1
 62
   256
176
     0
 40
1.0
176
     0
 90
        2
176
     1
  1
strokes_ogs.tif
176
     1
290
     0
176
     1
 40
1.0
176
     1
 40
1.0
176
     1
  0
VISUALSTYLE
  5
32
102
{ACAD_REACTORS
330
2A
102
}
330
2A
100
AcDbVisualStyle
  2
Basic
 70
     7
177
     3
291
     1
 70
    58
 90
        1
176
     1
 90
        0
176
     1
 90
        1
176
     1
 90
        0
176
     1
 40
0.6
176
     1
 40
30.0
176
     1
 62
     7
420
 16777215
176
     1
 90
        0
176
     1
 90
        4
176
     1
 62
     7
176
     1
 62
   257
176
     1
 90
        1
176
     1
 90
        1
176
     1
 40
1.0
176
     1
 90
        8
176
     1
 62
     7
176
     1
 40
1.0
176
     1
 90
        1
176
     1
 90
        6
176
     1
 90
        2
176
     1
 62
     7
176
     1
 90
        5
176
     1
 90
        0
176
     1
 90
        0
176
     1
290
     0
176
     1
 90
        1
176
     1
 40
0.0
176
     1
 90
        0
176
     1
290
     0
176
     1
290
     1
176
     1
290
     1
176
     1
290
     0
176
     1
290
     0
176
     1
290
     0
176
     1
290
     0
176
     1
290
     0
176
     1
290
     0
176
     1
 90
       50
176
     1
 40
0.0
176
     1
 40
1.0
176
     1
 90
        0
176
     1
 62
    18
420
        0
176
     1
 90
       50
176
     1
 90
        3
176
     1
 62
     5
420
      255
176
     1
290
     0
176
     1
 90
       50
176
     1
 90
       50
176
     1
 90
       50
176
     1
290
     0
176
     1
 90
       50
176
     1
 62
   256
176
     0
 40
1.0
176
     0
 90
        2
176
     1
  1
strokes_ogs.tif
176
     1
290
     0
176
     1
 40
1.0
176
     1
 40
1.0
176
     1
  0
VISUALSTYLE
  5
36
102
{ACAD_REACTORS
330
2A
102
}
330
2A
100
AcDbVisualStyle
  2
Brighten
 70
    12
177
     3
291
     1
 70
    58
 90
        2
176
     1
 90
        2
176
     1
 90
        0
176
     1
 90
        0
176
     1
 40
0.6
176
     1
 40
30.0
176
     1
 62
     7
420
 16777215
176
     1
 90
        1
176
     1
 90
        4
176
     1
 62
     7
176
     1
 62
   257
176
     1
 90
        1
176
     1
 90
        1
176
     1
 40
1.0
176
     1
 90
        8
176
     1
 62
     7
176
     1
 40
1.0
176
     1
 90
        1
176
     1
 90
        6
176
     1
 90
        2
176
     1
 62
     7
176
     1
 90
        5
176
     1
 90
        0
176
     1
 90
        0
176
     1
290
     0
176
     1
 90
        1
176
     1
 40
50.0
176
     1
 90
        0
176
     1
290
     0
176
     1
290
     1
176
     1
290
     1
176
     1
290
     0
176
     1
290
     0
176
     1
290
     0
176
     1
290
     0
176
     1
290
     0
176
     1
290
     0
176
     1
 90
       50
176
     1
 40
0.0
176
     1
 40
1.0
176
     1
 90
        0
176
     1
 62
    18
420
        0
176
     1
 90
       50
176
     1
 90
        3
176
     1
 62
     5
420
      255
176
     1
290
     0
176
     1
 90
       50
176
     1
 90
       50
176
     1
 90
       50
176
     1
290
     0
176
     1
 90
       50
176
     1
 62
   256
176
     0
 40
1.0
176
     0
 90
        2
176
     1
  1
strokes_ogs.tif
176
     1
290
     0
176
     1
 40
1.0
176
     1
 40
1.0
176
     1
  0
VISUALSTYLE
  5
3A
102
{ACAD_REACTORS
330
2A
102
}
330
2A
100
AcDbVisualStyle
  2
ColorChange
 70
    16
177
     3
291
     1
 70
    58
 90
        2
176
     1
 90
        2
176
     1
 90
        3
176
     1
 90
        0
176
     1
 40
0.6
176
     1
 40
30.0
176
     1
 62
     8
420
  8421504
176
     1
 90
        1
176
     1
 90
        4
176
     1
 62
     7
176
     1
 62
   257
176
     1
 90
        1
176
     1
 90
        1
176
     1
 40
1.0
176
     1
 90
        8
176
     1
 62
     8
420
  8421504
176
     1
 40
1.0
176
     1
 90
        1
176
     1
 90
        6
176
     1
 90
        2
176
     1
 62
     7
176
     1
 90
        5
176
     1
 90
        0
176
     1
 90
        0
176
     1
290
     0
176
     1
 90
        1
176
     1
 40
0.0
176
     1
 90
        0
176
     1
290
     0
176
     1
290
     1
176
     1
290
     1
176
     1
290
     0
176
     1
290
     0
176
     1
290
     0
176
     1
290
     0
176
     1
290
     0
176
     1
290
     0
176
     1
 90
       50
176
     1
 40
0.0
176
     1
 40
1.0
176
     1
 90
        0
176
     1
 62
    18
420
        0
176
     1
 90
       50
176
     1
 90
        3
176
     1
 62
     5
420
      255
176
     1
290
     0
176
     1
 90
       50
176
     1
 90
       50
176
     1
 90
       50
176
     1
290
     0
176
     1
 90
       50
176
     1
 62
   256
176
     0
 40
1.0
176
     0
 90
        2
176
     1
  1
strokes_ogs.tif
176
     1
290
     0
176
     1
 40
1.0
176
     1
 40
1.0
176
     1
  0
VISUALSTYLE
  5
34
102
{ACAD_REACTORS
330
2A
102
}
330
2A
100
AcDbVisualStyle
  2
Conceptual
 70
     9
177
     3
291
     0
 70
    58
 90
        3
176
     1
 90
        2
176
     1
 90
        0
176
     1
 90
        0
176
     1
 40
0.6
176
     1
 40
30.0
176
     1
 62
     7
420
 16777215
176
     1
 90
        2
176
     1
 90
        2
176
     1
 62
     7
176
     1
 62
   257
176
     1
 90
        1
176
     1
 90
        1
176
     1
 40
179.0
176
     1
 90
        8
176
     1
 62
     7
176
     1
 40
1.0
176
     1
 90
        1
176
     1
 90
        6
176
     1
 90
        2
176
     1
 62
     7
176
     1
 90
        3
176
     1
 90
        0
176
     1
 90
        0
176
     1
290
     0
176
     1
 90
        1
176
     1
 40
0.0
176
     1
 90
        0
176
     1
290
     0
176
     1
290
     1
176
     1
290
     1
176
     1
290
     0
176
     1
290
     0
176
     1
290
     0
176
     1
290
     0
176
     1
290
     0
176
     1
290
     0
176
     1
 90
       50
176
     1
 40
0.0
176
     1
 40
1.0
176
     1
 90
        0
176
     1
 62
    18
420
        0
176
     1
 90
       50
176
     1
 90
        3
176
     1
 62
     5
420
      255
176
     1
290
     0
176
     1
 90
       50
176
     1
 90
       50
176
     1
 90
       50
176
     1
290
     0
176
     1
 90
       50
176
     1
 62
   256
176
     0
 40
1.0
176
     0
 90
        2
176
     1
  1
strokes_ogs.tif
176
     1
290
     0
176
     1
 40
1.0
176
     1
 40
1.0
176
     1
  0
VISUALSTYLE
  5
35
102
{ACAD_REACTORS
330
2A
102
}
330
2A
100
AcDbVisualStyle
  2
Dim
 70
    11
177
     3
291
     1
 70
    58
 90
        2
176
     1
 90
        2
176
     1
 90
        0
176
     1
 90
        0
176
     1
 40
0.6
176
     1
 40
30.0
176
     1
 62
     7
420
 16777215
176
     1
 90
        1
176
     1
 90
        4
176
     1
 62
     7
176
     1
 62
   257
176
     1
 90
        1
176
     1
 90
        1
176
     1
 40
1.0
176
     1
 90
        8
176
     1
 62
     7
176
     1
 40
1.0
176
     1
 90
        1
176
     1
 90
        6
176
     1
 90
        2
176
     1
 62
     7
176
     1
 90
        5
176
     1
 90
        0
176
     1
 90
        0
176
     1
290
     0
176
     1
 90
        1
176
     1
 40
-50.0
176
     1
 90
        0
176
     1
290
     0
176
     1
290
     1
176
     1
290
     1
176
     1
290
     0
176
     1
290
     0
176
     1
290
     0
176
     1
290
     0
176
     1
290
     0
176
     1
290
     0
176
     1
 90
       50
176
     1
 40
0.0
176
     1
 40
1.0
176
     1
 90
        0
176
     1
 62
    18
420
        0
176
     1
 90
       50
176
     1
 90
        3
176
     1
 62
     5
420
      255
176
     1
290
     0
176
     1
 90
       50
176
     1
 90
       50
176
     1
 90
       50
176
     1
290
     0
176
     1
 90
       50
176
     1
 62
   256
176
     0
 40
1.0
176
     0
 90
        2
176
     1
  1
strokes_ogs.tif
176
     1
290
     0
176
     1
 40
1.0
176
     1
 40
1.0
176
     1
  0
VISUALSTYLE
  5
3D
102
{ACAD_REACTORS
330
2A
102
}
330
2A
100
AcDbVisualStyle
  2
EdgeColorOff
 70
    22
177
     3
291
     1
 70
    58
 90
        2
176
     0
 90
        2
176
     0
 90
        0
176
     0
 90
        0
176
     0
 40
0.6
176
     0
 40
30.0
176
     0
 62
     7
420
 16777215
176
     0
 90
        1
176
     0
 90
        4
176
     0
 62
     7
176
     0
 62
   257
176
     0
 90
        1
176
     0
 90
        1
176
     0
 40
1.0
176
     0
 90
        8
176
     2
 62
     7
176
     0
 40
1.0
176
     0
 90
        1
176
     0
 90
        6
176
     0
 90
        2
176
     0
 62
     7
176
     0
 90
        5
176
     0
 90
        0
176
     0
 90
        0
176
     0
290
     0
176
     0
 90
        1
176
     0
 40
0.0
176
     0
 90
        0
176
     0
290
     0
176
     0
290
     1
176
     0
290
     1
176
     0
290
     0
176
     0
290
     0
176
     0
290
     0
176
     0
290
     0
176
     0
290
     0
176
     0
290
     0
176
     0
 90
       50
176
     0
 40
0.0
176
     0
 40
1.0
176
     0
 90
        0
176
     0
 62
    18
420
        0
176
     0
 90
       50
176
     0
 90
        3
176
     0
 62
     5
420
      255
176
     0
290
     0
176
     0
 90
       50
176
     0
 90
       50
176
     0
 90
       50
176
     0
290
     0
176
     0
 90
       50
176
     0
 62
   256
176
     0
 40
1.0
176
     0
 90
        2
176
     0
  1
strokes_ogs.tif
176
     0
290
     0
176
     0
 40
1.0
176
     0
 40
1.0
176
     0
  0
VISUALSTYLE
  5
39
102
{ACAD_REACTORS
330
2A
102
}
330
2A
100
AcDbVisualStyle
  2
Facepattern
 70
    15
177
     3
291
     1
 70
    58
 90
        2
176
     1
 90
        2
176
     1
 90
        0
176
     1
 90
        0
176
     1
 40
0.6
176
     1
 40
30.0
176
     1
 62
     7
420
 16777215
176
     1
 90
        1
176
     1
 90
        4
176
     1
 62
     7
176
     1
 62
   257
176
     1
 90
        1
176
     1
 90
        1
176
     1
 40
1.0
176
     1
 90
        8
176
     1
 62
     7
176
     1
 40
1.0
176
     1
 90
        1
176
     1
 90
        6
176
     1
 90
        2
176
     1
 62
     7
176
     1
 90
        5
176
     1
 90
        0
176
     1
 90
        0
176
     1
290
     0
176
     1
 90
        1
176
     1
 40
0.0
176
     1
 90
        0
176
     1
290
     0
176
     1
290
     1
176
     1
290
     1
176
     1
290
     0
176
     1
290
     0
176
     1
290
     0
176
     1
290
     0
176
     1
290
     0
176
     1
290
     0
176
     1
 90
       50
176
     1
 40
0.0
176
     1
 40
1.0
176
     1
 90
        0
176
     1
 62
    18
420
        0
176
     1
 90
       50
176
     1
 90
        3
176
     1
 62
     5
420
      255
176
     1
290
     0
176
     1
 90
       50
176
     1
 90
       50
176
     1
 90
       50
176
     1
290
     0
176
     1
 90
       50
176
     1
 62
   256
176
     0
 40
1.0
176
     0
 90
        2
176
     1
  1
strokes_ogs.tif
176
     1
290
     0
176
     1
 40
1.0
176
     1
 40
1.0
176
     1
  0
VISUALSTYLE
  5
2B
102
{ACAD_REACTORS
330
2A
102
}
330
2A
100
AcDbVisualStyle
  2
Flat
 70
     0
177
     3
291
     1
 70
    58
 90
        2
176
     1
 90
        1
176
     1
 90
        1
176
     1
 90
        2
176
     1
 40
0.6
176
     1
 40
30.0
176
     1
 62
     7
420
 16777215
176
     1
 90
        0
176
     1
 90
        0
176
     1
 62
     7
176
     1
 62
   257
176
     1
 90
        1
176
     1
 90
        1
176
     1
 40
1.0
176
     1
 90
        8
176
     1
 62
     7
176
     1
 40
1.0
176
     1
 90
        1
176
     1
 90
        6
176
     1
 90
        2
176
     1
 62
     7
176
     1
 90
        5
176
     1
 90
        0
176
     1
 90
        0
176
     1
290
     0
176
     1
 90
       13
176
     1
 40
0.0
176
     1
 90
        0
176
     1
290
     0
176
     1
290
     1
176
     1
290
     1
176
     1
290
     0
176
     1
290
     0
176
     1
290
     0
176
     1
290
     0
176
     1
290
     0
176
     1
290
     0
176
     1
 90
       50
176
     1
 40
0.0
176
     1
 40
1.0
176
     1
 90
        0
176
     1
 62
    18
420
        0
176
     1
 90
       50
176
     1
 90
        3
176
     1
 62
     5
420
      255
176
     1
290
     0
176
     1
 90
       50
176
     1
 90
       50
176
     1
 90
       50
176
     1
290
     0
176
     1
 90
       50
176
     1
 62
   256
176
     0
 40
1.0
176
     0
 90
        2
176
     1
  1
strokes_ogs.tif
176
     1
290
     0
176
     1
 40
1.0
176
     1
 40
1.0
176
     1
  0
VISUALSTYLE
  5
2C
102
{ACAD_REACTORS
330
2A
102
}
330
2A
100
AcDbVisualStyle
  2
FlatWithEdges
 70
     1
177
     3
291
     1
 70
    58
 90
        2
176
     1
 90
        1
176
     1
 90
        1
176
     1
 90
        2
176
     1
 40
0.6
176
     1
 40
30.0
176
     1
 62
     7
420
 16777215
176
     1
 90
        1
176
     1
 90
        0
176
     1
 62
     7
176
     1
 62
   257
176
     1
 90
        1
176
     1
 90
        1
176
     1
 40
1.0
176
     1
 90
        0
176
     1
 62
   257
176
     1
 40
1.0
176
     1
 90
        1
176
     1
 90
        6
176
     1
 90
        2
176
     1
 62
     7
176
     1
 90
        5
176
     1
 90
        0
176
     1
 90
        0
176
     1
290
     0
176
     1
 90
       13
176
     1
 40
0.0
176
     1
 90
        0
176
     1
290
     0
176
     1
290
     1
176
     1
290
     1
176
     1
290
     0
176
     1
290
     0
176
     1
290
     0
176
     1
290
     0
176
     1
290
     0
176
     1
290
     0
176
     1
 90
       50
176
     1
 40
0.0
176
     1
 40
1.0
176
     1
 90
        0
176
     1
 62
    18
420
        0
176
     1
 90
       50
176
     1
 90
        3
176
     1
 62
     5
420
      255
176
     1
290
     0
176
     1
 90
       50
176
     1
 90
       50
176
     1
 90
       50
176
     1
290
     0
176
     1
 90
       50
176
     1
 62
   256
176
     0
 40
1.0
176
     0
 90
        2
176
     1
  1
strokes_ogs.tif
176
     1
290
     0
176
     1
 40
1.0
176
     1
 40
1.0
176
     1
  0
VISUALSTYLE
  5
2D
102
{ACAD_REACTORS
330
2A
102
}
330
2A
100
AcDbVisualStyle
  2
Gouraud
 70
     2
177
     3
291
     1
 70
    58
 90
        2
176
     1
 90
        2
176
     1
 90
        1
176
     1
 90
        2
176
     1
 40
0.6
176
     1
 40
30.0
176
     1
 62
     7
420
 16777215
176
     1
 90
        0
176
     1
 90
        0
176
     1
 62
     7
176
     1
 62
   257
176
     1
 90
        1
176
     1
 90
        1
176
     1
 40
1.0
176
     1
 90
        0
176
     1
 62
     7
176
     1
 40
1.0
176
     1
 90
        1
176
     1
 90
        6
176
     1
 90
        2
176
     1
 62
     7
176
     1
 90
        5
176
     1
 90
        0
176
     1
 90
        0
176
     1
290
     0
176
     1
 90
       13
176
     1
 40
0.0
176
     1
 90
        0
176
     1
290
     0
176
     1
290
     1
176
     1
290
     1
176
     1
290
     0
176
     1
290
     0
176
     1
290
     0
176
     1
290
     0
176
     1
290
     0
176
     1
290
     0
176
     1
 90
       50
176
     1
 40
0.0
176
     1
 40
1.0
176
     1
 90
        0
176
     1
 62
    18
420
        0
176
     1
 90
       50
176
     1
 90
        3
176
     1
 62
     5
420
      255
176
     1
290
     0
176
     1
 90
       50
176
     1
 90
       50
176
     1
 90
       50
176
     1
290
     0
176
     1
 90
       50
176
     1
 62
   256
176
     0
 40
1.0
176
     0
 90
        2
176
     1
  1
strokes_ogs.tif
176
     1
290
     0
176
     1
 40
1.0
176
     1
 40
1.0
176
     1
  0
VISUALSTYLE
  5
2E
102
{ACAD_REACTORS
330
2A
102
}
330
2A
100
AcDbVisualStyle
  2
GouraudWithEdges
 70
     3
177
     3
291
     1
 70
    58
 90
        2
176
     1
 90
        2
176
     1
 90
        1
176
     1
 90
        2
176
     1
 40
0.6
176
     1
 40
30.0
176
     1
 62
     7
420
 16777215
176
     1
 90
        1
176
     1
 90
        0
176
     1
 62
     7
176
     1
 62
   257
176
     1
 90
        1
176
     1
 90
        1
176
     1
 40
1.0
176
     1
 90
        0
176
     1
 62
   257
176
     1
 40
1.0
176
     1
 90
        1
176
     1
 90
        6
176
     1
 90
        2
176
     1
 62
     7
176
     1
 90
        5
176
     1
 90
        0
176
     1
 90
        0
176
     1
290
     0
176
     1
 90
       13
176
     1
 40
0.0
176
     1
 90
        0
176
     1
290
     0
176
     1
290
     1
176
     1
290
     1
176
     1
290
     0
176
     1
290
     0
176
     1
290
     0
176
     1
290
     0
176
     1
290
     0
176
     1
290
     0
176
     1
 90
       50
176
     1
 40
0.0
176
     1
 40
1.0
176
     1
 90
        0
176
     1
 62
    18
420
        0
176
     1
 90
       50
176
     1
 90
        3
176
     1
 62
     5
420
      255
176
     1
290
     0
176
     1
 90
       50
176
     1
 90
       50
176
     1
 90
       50
176
     1
290
     0
176
     1
 90
       50
176
     1
 62
   256
176
     0
 40
1.0
176
     0
 90
        2
176
     1
  1
strokes_ogs.tif
176
     1
290
     0
176
     1
 40
1.0
176
     1
 40
1.0
176
     1
  0
VISUALSTYLE
  5
31
102
{ACAD_REACTORS
330
2A
102
}
330
2A
100
AcDbVisualStyle
  2
Hidden
 70
     6
177
     3
291
     0
 70
    58
 90
        1
176
     1
 90
        2
176
     1
 90
        2
176
     1
 90
        0
176
     1
 40
0.6
176
     1
 40
30.0
176
     1
 62
     7
420
 16777215
176
     1
 90
        2
176
     1
 90
        2
176
     1
 62
     7
176
     1
 62
   257
176
     1
 90
        2
176
     1
 90
        1
176
     1
 40
40.0
176
     1
 90
        0
176
     1
 62
   257
176
     1
 40
1.0
176
     1
 90
        1
176
     1
 90
        6
176
     1
 90
        2
176
     1
 62
     7
176
     1
 90
        3
176
     1
 90
        0
176
     1
 90
        0
176
     1
290
     0
176
     1
 90
        1
176
     1
 40
0.0
176
     1
 90
        0
176
     1
290
     0
176
     1
290
     1
176
     1
290
     1
176
     1
290
     0
176
     1
290
     0
176
     1
290
     0
176
     1
290
     0
176
     1
290
     0
176
     1
290
     0
176
     1
 90
       50
176
     1
 40
0.0
176
     1
 40
1.0
176
     1
 90
        0
176
     1
 62
    18
420
        0
176
     1
 90
       50
176
     1
 90
        3
176
     1
 62
     5
420
      255
176
     1
290
     0
176
     1
 90
       50
176
     1
 90
       50
176
     1
 90
       50
176
     1
290
     0
176
     1
 90
       50
176
     1
 62
   256
176
     0
 40
1.0
176
     0
 90
        2
176
     1
  1
strokes_ogs.tif
176
     1
290
     0
176
     1
 40
1.0
176
     1
 40
1.0
176
     1
  0
VISUALSTYLE
  5
3B
102
{ACAD_REACTORS
330
2A
102
}
330
2A
100
AcDbVisualStyle
  2
JitterOff
 70
    20
177
     3
291
     1
 70
    58
 90
        2
176
     0
 90
        2
176
     0
 90
        0
176
     0
 90
        0
176
     0
 40
0.6
176
     0
 40
30.0
176
     0
 62
     7
420
 16777215
176
     0
 90
        1
176
     0
 90
        4
176
     0
 62
     7
176
     0
 62
   257
176
     0
 90
        1
176
     0
 90
        1
176
     0
 40
1.0
176
     0
 90
       10
176
     2
 62
     7
176
     0
 40
1.0
176
     0
 90
        1
176
     0
 90
        6
176
     0
 90
        2
176
     0
 62
     7
176
     0
 90
        5
176
     0
 90
        0
176
     0
 90
        0
176
     0
290
     0
176
     0
 90
        1
176
     0
 40
0.0
176
     0
 90
        0
176
     0
290
     0
176
     0
290
     1
176
     0
290
     1
176
     0
290
     0
176
     0
290
     0
176
     0
290
     0
176
     0
290
     0
176
     0
290
     0
176
     0
290
     0
176
     0
 90
       50
176
     0
 40
0.0
176
     0
 40
1.0
176
     0
 90
        0
176
     0
 62
    18
420
        0
176
     0
 90
       50
176
     0
 90
        3
176
     0
 62
     5
420
      255
176
     0
290
     0
176
     0
 90
       50
176
     0
 90
       50
176
     0
 90
       50
176
     0
290
     0
176
     0
 90
       50
176
     0
 62
   256
176
     0
 40
1.0
176
     0
 90
        2
176
     0
  1
strokes_ogs.tif
176
     0
290
     0
176
     0
 40
1.0
176
     0
 40
1.0
176
     0
  0
VISUALSTYLE
  5
38
102
{ACAD_REACTORS
330
2A
102
}
330
2A
100
AcDbVisualStyle
  2
Linepattern
 70
    14
177
     3
291
     1
 70
    58
 90
        2
176
     1
 90
        2
176
     1
 90
        0
176
     1
 90
        0
176
     1
 40
0.6
176
     1
 40
30.0
176
     1
 62
     7
420
 16777215
176
     1
 90
        1
176
     1
 90
        4
176
     1
 62
     7
176
     1
 62
   257
176
     1
 90
        7
176
     1
 90
        7
176
     1
 40
1.0
176
     1
 90
        8
176
     1
 62
     7
176
     1
 40
1.0
176
     1
 90
        1
176
     1
 90
        6
176
     1
 90
        2
176
     1
 62
     7
176
     1
 90
        5
176
     1
 90
        0
176
     1
 90
        0
176
     1
290
     0
176
     1
 90
        1
176
     1
 40
0.0
176
     1
 90
        0
176
     1
290
     0
176
     1
290
     1
176
     1
290
     1
176
     1
290
     0
176
     1
290
     0
176
     1
290
     0
176
     1
290
     0
176
     1
290
     0
176
     1
290
     0
176
     1
 90
       50
176
     1
 40
0.0
176
     1
 40
1.0
176
     1
 90
        0
176
     1
 62
    18
420
        0
176
     1
 90
       50
176
     1
 90
        3
176
     1
 62
     5
420
      255
176
     1
290
     0
176
     1
 90
       50
176
     1
 90
       50
176
     1
 90
       50
176
     1
290
     0
176
     1
 90
       50
176
     1
 62
   256
176
     0
 40
1.0
176
     0
 90
        2
176
     1
  1
strokes_ogs.tif
176
     1
290
     0
176
     1
 40
1.0
176
     1
 40
1.0
176
     1
  0
VISUALSTYLE
  5
3C
102
{ACAD_REACTORS
330
2A
102
}
330
2A
100
AcDbVisualStyle
  2
OverhangOff
 70
    21
177
     3
291
     1
 70
    58
 90
        2
176
     0
 90
        2
176
     0
 90
        0
176
     0
 90
        0
176
     0
 40
0.6
176
     0
 40
30.0
176
     0
 62
     7
420
 16777215
176
     0
 90
        1
176
     0
 90
        4
176
     0
 62
     7
176
     0
 62
   257
176
     0
 90
        1
176
     0
 90
        1
176
     0
 40
1.0
176
     0
 90
        9
176
     2
 62
     7
176
     0
 40
1.0
176
     0
 90
        1
176
     0
 90
        6
176
     0
 90
        2
176
     0
 62
     7
176
     0
 90
        5
176
     0
 90
        0
176
     0
 90
        0
176
     0
290
     0
176
     0
 90
        1
176
     0
 40
0.0
176
     0
 90
        0
176
     0
290
     0
176
     0
290
     1
176
     0
290
     1
176
     0
290
     0
176
     0
290
     0
176
     0
290
     0
176
     0
290
     0
176
     0
290
     0
176
     0
290
     0
176
     0
 90
       50
176
     0
 40
0.0
176
     0
 40
1.0
176
     0
 90
        0
176
     0
 62
    18
420
        0
176
     0
 90
       50
176
     0
 90
        3
176
     0
 62
     5
420
      255
176
     0
290
     0
176
     0
 90
       50
176
     0
 90
       50
176
     0
 90
       50
176
     0
290
     0
176
     0
 90
       50
176
     0
 62
   256
176
     0
 40
1.0
176
     0
 90
        2
176
     0
  1
strokes_ogs.tif
176
     0
290
     0
176
     0
 40
1.0
176
     0
 40
1.0
176
     0
  0
VISUALSTYLE
  5
33
102
{ACAD_REACTORS
330
2A
102
}
330
2A
100
AcDbVisualStyle
  2
Realistic
 70
     8
177
     3
291
     0
 70
    58
 90
        2
176
     1
 90
        3
176
     1
 90
        0
176
     1
 90
        2
176
     1
 40
0.6
176
     1
 40
30.0
176
     1
 62
     7
420
 16777215
176
     1
 90
        0
176
     1
 90
        0
176
     1
 62
     7
176
     1
 62
   257
176
     1
 90
        1
176
     1
 90
        1
176
     1
 40
1.0
176
     1
 90
        8
176
     1
 62
   257
176
     1
 40
1.0
176
     1
 90
        1
176
     1
 90
        6
176
     1
 90
        2
176
     1
 62
     7
176
     1
 90
        3
176
     1
 90
        0
176
     1
 90
        0
176
     1
290
     0
176
     1
 90
       13
176
     1
 40
0.0
176
     1
 90
        0
176
     1
290
     0
176
     1
290
     1
176
     1
290
     1
176
     1
290
     0
176
     1
290
     0
176
     1
290
     0
176
     1
290
     0
176
     1
290
     0
176
     1
290
     0
176
     1
 90
       50
176
     1
 40
0.0
176
     1
 40
1.0
176
     1
 90
        0
176
     1
 62
    18
420
        0
176
     1
 90
       50
176
     1
 90
        3
176
     1
 62
     5
420
      255
176
     1
290
     0
176
     1
 90
       50
176
     1
 90
       50
176
     1
 90
       50
176
     1
290
     0
176
     1
 90
       50
176
     1
 62
   256
176
     0
 40
1.0
176
     0
 90
        2
176
     1
  1
strokes_ogs.tif
176
     1
290
     0
176
     1
 40
1.0
176
     1
 40
1.0
176
     1
  0
VISUALSTYLE
  5
42
102
{ACAD_REACTORS
330
2A
102
}
330
2A
100
AcDbVisualStyle
  2
Shaded
 70
    27
177
     3
291
     0
 70
    58
 90
        2
176
     1
 90
        2
176
     1
 90
        1
176
     1
 90
        2
176
     1
 40
0.6
176
     1
 40
30.0
176
     1
 62
     7
420
 16777215
176
     1
 90
        0
176
     1
 90
        4
176
     1
 62
     7
176
     1
 62
   257
176
     1
 90
        1
176
     1
 90
        1
176
     1
 40
1.0
176
     1
 90
        8
176
     1
 62
   257
176
     1
 40
1.0
176
     1
 90
        1
176
     1
 90
        6
176
     1
 90
        2
176
     1
 62
     8
420
  7895160
176
     1
 90
        3
176
     1
 90
        0
176
     1
 90
        0
176
     1
290
     0
176
     1
 90
        5
176
     1
 40
0.0
176
     1
 90
        0
176
     1
290
     0
176
     1
290
     1
176
     1
290
     1
176
     1
290
     0
176
     1
290
     0
176
     1
290
     0
176
     1
290
     0
176
     1
290
     0
176
     1
290
     0
176
     1
 90
       50
176
     1
 40
0.0
176
     1
 40
1.0
176
     1
 90
        0
176
     1
 62
    18
420
        0
176
     1
 90
       50
176
     1
 90
        3
176
     1
 62
     5
420
      255
176
     1
290
     0
176
     1
 90
       50
176
     1
 90
       50
176
     1
 90
       50
176
     1
290
     0
176
     1
 90
       50
176
     1
 62
   256
176
     0
 40
1.0
176
     0
 90
        2
176
     1
  1
strokes_ogs.tif
176
     1
290
     0
176
     1
 40
1.0
176
     1
 40
1.0
176
     1
  0
VISUALSTYLE
  5
41
102
{ACAD_REACTORS
330
2A
102
}
330
2A
100
AcDbVisualStyle
  2
Shaded with edges
 70
    26
177
     3
291
     0
 70
    58
 90
        2
176
     1
 90
        2
176
     1
 90
        1
176
     1
 90
        2
176
     1
 40
0.6
176
     1
 40
30.0
176
     1
 62
     7
420
 16777215
176
     1
 90
        1
176
     1
 90
       10
176
     1
 62
     7
176
     1
 62
   257
176
     1
 90
        2
176
     1
 90
        1
176
     1
 40
1.0
176
     1
 90
        8
176
     1
 62
   257
176
     1
 40
1.0
176
     1
 90
        1
176
     1
 90
        6
176
     1
 90
        2
176
     1
 62
     7
176
     1
 90
        3
176
     1
 90
        0
176
     1
 90
        0
176
     1
290
     0
176
     1
 90
        5
176
     1
 40
0.0
176
     1
 90
        0
176
     1
290
     0
176
     1
290
     1
176
     1
290
     1
176
     1
290
     0
176
     1
290
     0
176
     1
290
     0
176
     1
290
     0
176
     1
290
     0
176
     1
290
     0
176
     1
 90
       50
176
     1
 40
0.0
176
     1
 40
1.0
176
     1
 90
        0
176
     1
 62
    18
420
        0
176
     1
 90
       50
176
     1
 90
        3
176
     1
 62
     5
420
      255
176
     1
290
     0
176
     1
 90
       50
176
     1
 90
       50
176
     1
 90
       50
176
     1
290
     0
176
     1
 90
       50
176
     1
 62
   256
176
     0
 40
1.0
176
     0
 90
        2
176
     1
  1
strokes_ogs.tif
176
     1
290
     0
176
     1
 40
1.0
176
     1
 40
1.0
176
     1
  0
VISUALSTYLE
  5
3E
102
{ACAD_REACTORS
330
2A
102
}
330
2A
100
AcDbVisualStyle
  2
Shades of Gray
 70
    23
177
     3
291
     0
 70
    58
 90
        2
176
     1
 90
        2
176
     1
 90
        3
176
     1
 90
        0
176
     1
 40
0.6
176
     1
 40
30.0
176
     1
 62
     7
420
 16777215
176
     1
 90
        2
176
     1
 90
        2
176
     1
 62
     7
176
     1
 62
     7
176
     1
 90
        1
176
     1
 90
        1
176
     1
 40
40.0
176
     1
 90
        8
176
     1
 62
     7
176
     1
 40
1.0
176
     1
 90
        1
176
     1
 90
        6
176
     1
 90
        2
176
     1
 62
     7
176
     1
 90
        3
176
     1
 90
        0
176
     1
 90
        0
176
     1
290
     0
176
     1
 90
        1
176
     1
 40
0.0
176
     1
 90
        0
176
     1
290
     0
176
     1
290
     1
176
     1
290
     1
176
     1
290
     0
176
     1
290
     0
176
     1
290
     0
176
     1
290
     0
176
     1
290
     0
176
     1
290
     0
176
     1
 90
       50
176
     1
 40
0.0
176
     1
 40
1.0
176
     1
 90
        0
176
     1
 62
    18
420
        0
176
     1
 90
       50
176
     1
 90
        3
176
     1
 62
     5
420
      255
176
     1
290
     0
176
     1
 90
       50
176
     1
 90
       50
176
     1
 90
       50
176
     1
290
     0
176
     1
 90
       50
176
     1
 62
   256
176
     0
 40
1.0
176
     0
 90
        2
176
     1
  1
strokes_ogs.tif
176
     1
290
     0
176
     1
 40
1.0
176
     1
 40
1.0
176
     1
  0
VISUALSTYLE
  5
3F
102
{ACAD_REACTORS
330
2A
102
}
330
2A
100
AcDbVisualStyle
  2
Sketchy
 70
    24
177
     3
291
     0
 70
    58
 90
        1
176
     1
 90
        2
176
     1
 90
        2
176
     1
 90
        0
176
     1
 40
0.6
176
     1
 40
30.0
176
     1
 62
     7
420
 16777215
176
     1
 90
        2
176
     1
 90
        2
176
     1
 62
     7
176
     1
 62
     7
176
     1
 90
        1
176
     1
 90
        1
176
     1
 40
40.0
176
     1
 90
       11
176
     1
 62
     7
176
     1
 40
1.0
176
     1
 90
        1
176
     1
 90
        6
176
     1
 90
        2
176
     1
 62
     7
176
     1
 90
        6
176
     1
 90
        0
176
     1
 90
        0
176
     1
290
     0
176
     1
 90
        1
176
     1
 40
0.0
176
     1
 90
        0
176
     1
290
     0
176
     1
290
     1
176
     1
290
     1
176
     1
290
     0
176
     1
290
     0
176
     1
290
     0
176
     1
290
     0
176
     1
290
     0
176
     1
290
     0
176
     1
 90
       50
176
     1
 40
0.0
176
     1
 40
1.0
176
     1
 90
        0
176
     1
 62
    18
420
        0
176
     1
 90
       50
176
     1
 90
        3
176
     1
 62
     5
420
      255
176
     1
290
     0
176
     1
 90
       50
176
     1
 90
       50
176
     1
 90
       50
176
     1
290
     0
176
     1
 90
       50
176
     1
 62
   256
176
     0
 40
1.0
176
     0
 90
        2
176
     1
  1
strokes_ogs.tif
176
     1
290
     0
176
     1
 40
1.0
176
     1
 40
1.0
176
     1
  0
VISUALSTYLE
  5
37
102
{ACAD_REACTORS
330
2A
102
}
330
2A
100
AcDbVisualStyle
  2
Thicken
 70
    13
177
     3
291
     1
 70
    58
 90
        2
176
     1
 90
        2
176
     1
 90
        0
176
     1
 90
        0
176
     1
 40
0.6
176
     1
 40
30.0
176
     1
 62
     7
420
 16777215
176
     1
 90
        1
176
     1
 90
        4
176
     1
 62
     7
176
     1
 62
   257
176
     1
 90
        1
176
     1
 90
        1
176
     1
 40
1.0
176
     1
 90
       12
176
     1
 62
     7
176
     1
 40
1.0
176
     1
 90
        1
176
     1
 90
        6
176
     1
 90
        2
176
     1
 62
     7
176
     1
 90
        5
176
     1
 90
        0
176
     1
 90
        0
176
     1
290
     0
176
     1
 90
        1
176
     1
 40
0.0
176
     1
 90
        0
176
     1
290
     0
176
     1
290
     1
176
     1
290
     1
176
     1
290
     0
176
     1
290
     0
176
     1
290
     0
176
     1
290
     0
176
     1
290
     0
176
     1
290
     0
176
     1
 90
       50
176
     1
 40
0.0
176
     1
 40
1.0
176
     1
 90
        0
176
     1
 62
    18
420
        0
176
     1
 90
       50
176
     1
 90
        3
176
     1
 62
     5
420
      255
176
     1
290
     0
176
     1
 90
       50
176
     1
 90
       50
176
     1
 90
       50
176
     1
290
     0
176
     1
 90
       50
176
     1
 62
   256
176
     0
 40
1.0
176
     0
 90
        2
176
     1
  1
strokes_ogs.tif
176
     1
290
     0
176
     1
 40
1.0
176
     1
 40
1.0
176
     1
  0
VISUALSTYLE
  5
30
102
{ACAD_REACTORS
330
2A
102
}
330
2A
100
AcDbVisualStyle
  2
Wireframe
 70
     5
177
     3
291
     0
 70
    58
 90
        0
176
     1
 90
        2
176
     1
 90
        0
176
     1
 90
        0
176
     1
 40
0.6
176
     1
 40
30.0
176
     1
 62
     7
420
 16777215
176
     1
 90
        1
176
     1
 90
        4
176
     1
 62
     7
176
     1
 62
   257
176
     1
 90
        1
176
     1
 90
        1
176
     1
 40
1.0
176
     1
 90
        0
176
     1
 62
   257
176
     1
 40
1.0
176
     1
 90
        1
176
     1
 90
        6
176
     1
 90
        2
176
     1
 62
     7
176
     1
 90
        3
176
     1
 90
        0
176
     1
 90
        0
176
     1
290
     0
176
     1
 90
        1
176
     1
 40
0.0
176
     1
 90
        0
176
     1
290
     0
176
     1
290
     1
176
     1
290
     1
176
     1
290
     0
176
     1
290
     0
176
     1
290
     0
176
     1
290
     0
176
     1
290
     0
176
     1
290
     0
176
     1
 90
       50
176
     1
 40
0.0
176
     1
 40
1.0
176
     1
 90
        0
176
     1
 62
    18
420
        0
176
     1
 90
       50
176
     1
 90
        3
176
     1
 62
     5
420
      255
176
     1
290
     0
176
     1
 90
       50
176
     1
 90
       50
176
     1
 90
       50
176
     1
290
     0
176
     1
 90
       50
176
     1
 62
   256
176
     0
 40
1.0
176
     0
 90
        2
176
     1
  1
strokes_ogs.tif
176
     1
290
     0
176
     1
 40
1.0
176
     1
 40
1.0
176
     1
  0
VISUALSTYLE
  5
40
102
{ACAD_REACTORS
330
2A
102
}
330
2A
100
AcDbVisualStyle
  2
X-Ray
 70
    25
177
     3
291
     0
 70
    58
 90
        2
176
     1
 90
        2
176
     1
 90
        1
176
     1
 90
        1
176
     1
 40
0.5
176
     1
 40
30.0
176
     1
 62
     7
420
 16777215
176
     1
 90
        1
176
     1
 90
        0
176
     1
 62
     7
176
     1
 62
   257
176
     1
 90
        1
176
     1
 90
        1
176
     1
 40
1.0
176
     1
 90
        8
176
     1
 62
     7
176
     1
 40
1.0
176
     1
 90
        1
176
     1
 90
        6
176
     1
 90
        2
176
     1
 62
     7
176
     1
 90
        3
176
     1
 90
        0
176
     1
 90
        0
176
     1
290
     0
176
     1
 90
       13
176
     1
 40
0.0
176
     1
 90
        0
176
     1
290
     0
176
     1
290
     1
176
     1
290
     1
176
     1
290
     0
176
     1
290
     0
176
     1
290
     0
176
     1
290
     0
176
     1
290
     0
176
     1
290
     0
176
     1
 90
       50
176
     1
 40
0.0
176
     1
 40
1.0
176
     1
 90
        0
176
     1
 62
    18
420
        0
176
     1
 90
       50
176
     1
 90
        3
176
     1
 62
     5
420
      255
176
     1
290
     0
176
     1
 90
       50
176
     1
 90
       50
176
     1
 90
       50
176
     1
290
     0
176
     1
 90
       50
176
     1
 62
   256
176
     0
 40
1.0
176
     0
 90
        2
176
     1
  1
strokes_ogs.tif
176
     1
290
     0
176
     1
 40
1.0
176
     1
 40
1.0
176
     1
  0
DICTIONARYVAR
  5
418
102
{ACAD_REACTORS
330
417
102
}
330
417
100
DictionaryVariables
280
     0
  1
1:1
  0
DICTIONARYVAR
  5
41D
102
{ACAD_REACTORS
330
417
102
}
330
417
100
DictionaryVariables
280
     0
  1
Standard
  0
DICTIONARYVAR
  5
41C
102
{ACAD_REACTORS
330
417
102
}
330
417
100
DictionaryVariables
280
     0
  1
Standard
  0
DICTIONARY
  5
419
330
6A
100
AcDbDictionary
280
     1
281
     1
  3
ACAD_ROUNDTRIP_2008_TABLESTYLE_CELLSTYLEMAP
360
41A
  0
CELLSTYLEMAP
  5
41A
102
{ACAD_REACTORS
330
419
102
}
330
419
100
AcDbCellStyleMap
 90
        3
300
CELLSTYLE
  1
TABLEFORMAT_BEGIN
 90
        5
170
     1
 91
        0
 92
    32768
 62
   257
 93
        1
300
CONTENTFORMAT
  1
CONTENTFORMAT_BEGIN
 90
        0
 91
        0
 92
        4
 93
        0
300

 40
0.0
140
1.0
 94
        5
 62
     0
340
11
144
6.0
309
CONTENTFORMAT_END
171
     1
301
MARGIN
  1
CELLMARGIN_BEGIN
 40
1.5
 40
1.5
 40
1.5
 40
1.5
 40
1.5
 40
1.5
309
CELLMARGIN_END
 94
        6
 95
        1
302
GRIDFORMAT
  1
GRIDFORMAT_BEGIN
 90
        0
 91
        1
 62
     0
 92
       -2
340
14
 93
        0
 40
0.045
309
GRIDFORMAT_END
 95
        2
302
GRIDFORMAT
  1
GRIDFORMAT_BEGIN
 90
        0
 91
        1
 62
     0
 92
       -2
340
14
 93
        0
 40
0.045
309
GRIDFORMAT_END
 95
        4
302
GRIDFORMAT
  1
GRIDFORMAT_BEGIN
 90
        0
 91
        1
 62
     0
 92
       -2
340
14
 93
        0
 40
0.045
309
GRIDFORMAT_END
 95
        8
302
GRIDFORMAT
  1
GRIDFORMAT_BEGIN
 90
        0
 91
        1
 62
     0
 92
       -2
340
14
 93
        0
 40
0.045
309
GRIDFORMAT_END
 95
       16
302
GRIDFORMAT
  1
GRIDFORMAT_BEGIN
 90
        0
 91
        1
 62
     0
 92
       -2
340
14
 93
        0
 40
0.045
309
GRIDFORMAT_END
 95
       32
302
GRIDFORMAT
  1
GRIDFORMAT_BEGIN
 90
        0
 91
        1
 62
     0
 92
       -2
340
14
 93
        0
 40
0.045
309
GRIDFORMAT_END
309
TABLEFORMAT_END
  1
CELLSTYLE_BEGIN
 90
        1
 91
        1
300
_TITLE
309
CELLSTYLE_END
300
CELLSTYLE
  1
TABLEFORMAT_BEGIN
 90
        5
170
     1
 91
        0
 92
        0
 62
   257
 93
        1
300
CONTENTFORMAT
  1
CONTENTFORMAT_BEGIN
 90
        0
 91
        0
 92
        4
 93
        0
300

 40
0.0
140
1.0
 94
        5
 62
     0
340
11
144
4.5
309
CONTENTFORMAT_END
171
     1
301
MARGIN
  1
CELLMARGIN_BEGIN
 40
1.5
 40
1.5
 40
1.5
 40
1.5
 40
1.5
 40
1.5
309
CELLMARGIN_END
 94
        6
 95
        1
302
GRIDFORMAT
  1
GRIDFORMAT_BEGIN
 90
        0
 91
        1
 62
     0
 92
       -2
340
14
 93
        0
 40
0.045
309
GRIDFORMAT_END
 95
        2
302
GRIDFORMAT
  1
GRIDFORMAT_BEGIN
 90
        0
 91
        1
 62
     0
 92
       -2
340
14
 93
        0
 40
0.045
309
GRIDFORMAT_END
 95
        4
302
GRIDFORMAT
  1
GRIDFORMAT_BEGIN
 90
        0
 91
        1
 62
     0
 92
       -2
340
14
 93
        0
 40
0.045
309
GRIDFORMAT_END
 95
        8
302
GRIDFORMAT
  1
GRIDFORMAT_BEGIN
 90
        0
 91
        1
 62
     0
 92
       -2
340
14
 93
        0
 40
0.045
309
GRIDFORMAT_END
 95
       16
302
GRIDFORMAT
  1
GRIDFORMAT_BEGIN
 90
        0
 91
        1
 62
     0
 92
       -2
340
14
 93
        0
 40
0.045
309
GRIDFORMAT_END
 95
       32
302
GRIDFORMAT
  1
GRIDFORMAT_BEGIN
 90
        0
 91
        1
 62
     0
 92
       -2
340
14
 93
        0
 40
0.045
309
GRIDFORMAT_END
309
TABLEFORMAT_END
  1
CELLSTYLE_BEGIN
 90
        2
 91
        1
300
_HEADER
309
CELLSTYLE_END
300
CELLSTYLE
  1
TABLEFORMAT_BEGIN
 90
        5
170
     1
 91
        0
 92
        0
 62
   257
 93
        1
300
CONTENTFORMAT
  1
CONTENTFORMAT_BEGIN
 90
        0
 91
        0
 92
        4
 93
        0
300

 40
0.0
140
1.0
 94
        2
 62
     0
340
11
144
4.5
309
CONTENTFORMAT_END
171
     1
301
MARGIN
  1
CELLMARGIN_BEGIN
 40
1.5
 40
1.5
 40
1.5
 40
1.5
 40
1.5
 40
1.5
309
CELLMARGIN_END
 94
        6
 95
        1
302
GRIDFORMAT
  1
GRIDFORMAT_BEGIN
 90
        0
 91
        1
 62
     0
 92
       -2
340
14
 93
        0
 40
0.045
309
GRIDFORMAT_END
 95
        2
302
GRIDFORMAT
  1
GRIDFORMAT_BEGIN
 90
        0
 91
        1
 62
     0
 92
       -2
340
14
 93
        0
 40
0.045
309
GRIDFORMAT_END
 95
        4
302
GRIDFORMAT
  1
GRIDFORMAT_BEGIN
 90
        0
 91
        1
 62
     0
 92
       -2
340
14
 93
        0
 40
0.045
309
GRIDFORMAT_END
 95
        8
302
GRIDFORMAT
  1
GRIDFORMAT_BEGIN
 90
        0
 91
        1
 62
     0
 92
       -2
340
14
 93
        0
 40
0.045
309
GRIDFORMAT_END
 95
       16
302
GRIDFORMAT
  1
GRIDFORMAT_BEGIN
 90
        0
 91
        1
 62
     0
 92
       -2
340
14
 93
        0
 40
0.045
309
GRIDFORMAT_END
 95
       32
302
GRIDFORMAT
  1
GRIDFORMAT_BEGIN
 90
        0
 91
        1
 62
     0
 92
       -2
340
14
 93
        0
 40
0.045
309
GRIDFORMAT_END
309
TABLEFORMAT_END
  1
CELLSTYLE_BEGIN
 90
        3
 91
        2
300
_DATA
309
CELLSTYLE_END
  0
ENDSEC
  0
SECTION
  2
ACDSDATA
 70
     2
 71
     2
  0
ACDSSCHEMA
 90
        0
  1
AcDb_Thumbnail_Schema
  2
AcDbDs::ID
280
    10
 91
        8
  2
Thumbnail_Data
280
    15
 91
        0
101
ACDSRECORD
 95
        0
 90
        2
  2
AcDbDs::TreatedAsObjectData
280
     1
291
     1
101
ACDSRECORD
 95
        0
 90
        3
  2
AcDbDs::Legacy
280
     1
291
     1
101
ACDSRECORD
  1
AcDbDs::ID
 90
        4
  2
AcDs:Indexable
280
     1
291
     1
101
ACDSRECORD
  1
AcDbDs::ID
 90
        5
  2
AcDbDs::HandleAttribute
280
     7
282
     1
  0
ACDSSCHEMA
 90
        1
  1
AcDb3DSolid_ASM_Data
  2
AcDbDs::ID
280
    10
 91
        8
  2
ASM_Data
280
    15
 91
        0
101
ACDSRECORD
 95
        1
 90
        2
  2
AcDbDs::TreatedAsObjectData
280
     1
291
     1
101
ACDSRECORD
 95
        1
 90
        3
  2
AcDbDs::Legacy
280
     1
291
     1
101
ACDSRECORD
  1
AcDbDs::ID
 90
        4
  2
AcDs:Indexable
280
     1
291
     1
101
ACDSRECORD
  1
AcDbDs::ID
 90
        5
  2
AcDbDs::HandleAttribute
280
     7
282
     1
  0
ACDSSCHEMA
 90
        2
  1
AcDbDs::TreatedAsObjectDataSchema
  2
AcDbDs::TreatedAsObjectData
280
     1
 91
        0
  0
ACDSSCHEMA
 90
        3
  1
AcDbDs::LegacySchema
  2
AcDbDs::Legacy
280
     1
 91
        0
  0
ACDSSCHEMA
 90
        4
  1
AcDbDs::IndexedPropertySchema
  2
AcDs:Indexable
280
     1
 91
        0
  0
ACDSSCHEMA
 90
        5
  1
AcDbDs::HandleAttributeSchema
  2
AcDbDs::HandleAttribute
280
     7
 91
        1
284
     1
  0
ACDSRECORD
 90
        1
  2
AcDbDs::ID
280
    10
320
AF
  2
ASM_Data
280
    15
 94
      811
310
414349532042696E61727946696C652855000000000000010000000C00000007214F70656E2044657369676E20416C6C69616E63652041434953204275696C646572070E41434953203231382E3030204E540718467269204175672030322030333A31313A3430203230323406000000000000F03F0648AFBC9AF2D77A3E06
310
BBBDD7D9DF7CDB3D0D04626F64790CFFFFFFFF04FFFFFFFF0CFFFFFFFF0C0A0000000CFFFFFFFF0CFFFFFFFF110D05706F696E740CFFFFFFFF04FFFFFFFF0CFFFFFFFF136A40CE458DD722400F5839B4C8761D400000000000000000110D067665727465780CFFFFFFFF04FFFFFFFF0CFFFFFFFF0C0400000004020000000C
310
01000000110E07656C6C697073650D0563757276650CFFFFFFFF04FFFFFFFF0CFFFFFFFF13976E1283C08A22400F5839B4C8761D4000000000000000001400000000000000000000000000000000000000000000F03F14B174F4AE3033C33F0000000000000000000000000000008006000000000000F03F0B0B110D046564
310
67650CFFFFFFFF04FFFFFFFF0CFFFFFFFF0C020000000600000000000000000C0200000006182D4454FB2119400C050000000C030000000B0707756E6B6E6F776E110D06636F656467650CFFFFFFFF04FFFFFFFF0CFFFFFFFF0C050000000C050000000CFFFFFFFF0C040000000B0C0600000004000000000CFFFFFFFF110D
310
046C6F6F700CFFFFFFFF04FFFFFFFF0CFFFFFFFF0CFFFFFFFF0C050000000C08000000110E05706C616E650D07737572666163650CFFFFFFFF04FFFFFFFF0CFFFFFFFF13AE85B4215A6422400F5839B4C8761D4000000000000000001400000000000000800000000000000000000000000000F03F14000000000000F03F00
310
0000000000000000000000000000000B0B0B0B0B110D04666163650CFFFFFFFF04FFFFFFFF0CFFFFFFFF0CFFFFFFFF0C060000000C090000000CFFFFFFFF0C070000000B0A0B110D057368656C6C0CFFFFFFFF04FFFFFFFF0CFFFFFFFF0CFFFFFFFF0CFFFFFFFF0C080000000CFFFFFFFF0C0A000000110D046C756D700CFF
310
FFFFFF04FFFFFFFF0CFFFFFFFF0CFFFFFFFF0C090000000C00000000110E03456E640E026F660E0341534D0D0464617461
  0
ACDSRECORD
 90
        1
  2
AcDbDs::ID
280
    10
320
B2
  2
ASM_Data
280
    15
 94
      811
310
414349532042696E61727946696C652855000000000000010000000C00000007214F70656E2044657369676E20416C6C69616E63652041434953204275696C646572070E41434953203231382E3030204E540718467269204175672030322030333A31313A3430203230323406000000000000F03F0648AFBC9AF2D77A3E06
310
BBBDD7D9DF7CDB3D0D04626F64790CFFFFFFFF04FFFFFFFF0CFFFFFFFF0C0A0000000CFFFFFFFF0CFFFFFFFF110D05706F696E740CFFFFFFFF04FFFFFFFF0CFFFFFFFF13B7CD759630352440530E3D942E4A2C400000000000000000110D067665727465780CFFFFFFFF04FFFFFFFF0CFFFFFFFF0C0400000004020000000C
310
01000000110E07656C6C697073650D0563757276650CFFFFFFFF04FFFFFFFF0CFFFFFFFF13E4FBB9D363E82340530E3D942E4A2C4000000000000000001400000000000000000000000000000000000000000000F03F14B174F4AE3033C33F0000000000000000000000000000008006000000000000F03F0B0B110D046564
310
67650CFFFFFFFF04FFFFFFFF0CFFFFFFFF0C020000000600000000000000000C0200000006182D4454FB2119400C050000000C030000000B0707756E6B6E6F776E110D06636F656467650CFFFFFFFF04FFFFFFFF0CFFFFFFFF0C050000000C050000000CFFFFFFFF0C040000000B0C0600000004000000000CFFFFFFFF110D
310
046C6F6F700CFFFFFFFF04FFFFFFFF0CFFFFFFFF0CFFFFFFFF0C050000000C08000000110E05706C616E650D07737572666163650CFFFFFFFF04FFFFFFFF0CFFFFFFFF13FB125C72FDC12340530E3D942E4A2C4000000000000000001400000000000000800000000000000000000000000000F03F14000000000000F03F00
310
0000000000000000000000000000000B0B0B0B0B110D04666163650CFFFFFFFF04FFFFFFFF0CFFFFFFFF0CFFFFFFFF0C060000000C090000000CFFFFFFFF0C070000000B0A0B110D057368656C6C0CFFFFFFFF04FFFFFFFF0CFFFFFFFF0CFFFFFFFF0CFFFFFFFF0C080000000CFFFFFFFF0C0A000000110D046C756D700CFF
310
FFFFFF04FFFFFFFF0CFFFFFFFF0CFFFFFFFF0C090000000C00000000110E03456E640E026F660E0341534D0D0464617461
  0
ACDSRECORD
 90
        1
  2
AcDbDs::ID
280
    10
320
B5
  2
ASM_Data
280
    15
 94
      811
310
414349532042696E61727946696C652855000000000000010000000C00000007214F70656E2044657369676E20416C6C69616E63652041434953204275696C646572070E41434953203231382E3030204E540718467269204175672030322030333A31313A3430203230323406000000000000F03F0648AFBC9AF2D77A3E06
310
BBBDD7D9DF7CDB3D0D04626F64790CFFFFFFFF04FFFFFFFF0CFFFFFFFF0C0A0000000CFFFFFFFF0CFFFFFFFF110D05706F696E740CFFFFFFFF04FFFFFFFF0CFFFFFFFF13D6C6D8092F9D274021B07268912D2B400000000000000000110D067665727465780CFFFFFFFF04FFFFFFFF0CFFFFFFFF0C0400000004020000000C
310
01000000110E07656C6C697073650D0563757276650CFFFFFFFF04FFFFFFFF0CFFFFFFFF1377BE9F1A2F1D274021B07268912D2B4000000000000000001400000000000000000000000000000000000000000000F03F14D31742CEFBFFCF3F0000000000000000000000000000008006000000000000F03F0B0B110D046564
310
67650CFFFFFFFF04FFFFFFFF0CFFFFFFFF0C020000000600000000000000000C0200000006182D4454FB2119400C050000000C030000000B0707756E6B6E6F776E110D06636F656467650CFFFFFFFF04FFFFFFFF0CFFFFFFFF0C050000000C050000000CFFFFFFFF0C040000000B0C0600000004000000000CFFFFFFFF110D
310
046C6F6F700CFFFFFFFF04FFFFFFFF0CFFFFFFFF0CFFFFFFFF0C050000000C08000000110E05706C616E650D07737572666163650CFFFFFFFF04FFFFFFFF0CFFFFFFFF13473A03232FDD264021B07268912D2B4000000000000000001400000000000000800000000000000000000000000000F03F14000000000000F03F00
310
0000000000000000000000000000000B0B0B0B0B110D04666163650CFFFFFFFF04FFFFFFFF0CFFFFFFFF0CFFFFFFFF0C060000000C090000000CFFFFFFFF0C070000000B0A0B110D057368656C6C0CFFFFFFFF04FFFFFFFF0CFFFFFFFF0CFFFFFFFF0CFFFFFFFF0C080000000CFFFFFFFF0C0A000000110D046C756D700CFF
310
FFFFFF04FFFFFFFF0CFFFFFFFF0CFFFFFFFF0C090000000C00000000110E03456E640E026F660E0341534D0D0464617461
  0
ACDSRECORD
 90
        1
  2
AcDbDs::ID
280
    10
320
B8
  2
ASM_Data
280
    15
 94
      811
310
414349532042696E61727946696C652855000000000000010000000C00000007214F70656E2044657369676E20416C6C69616E63652041434953204275696C646572070E41434953203231382E3030204E540718467269204175672030322030333A31313A3430203230323406000000000000F03F0648AFBC9AF2D77A3E06
310
BBBDD7D9DF7CDB3D0D04626F64790CFFFFFFFF04FFFFFFFF0CFFFFFFFF0C0A0000000CFFFFFFFF0CFFFFFFFF110D05706F696E740CFFFFFFFF04FFFFFFFF0CFFFFFFFF136FFF36305EFA3440295C8FC2F51842400000000000000000110D067665727465780CFFFFFFFF04FFFFFFFF0CFFFFFFFF0C0400000004020000000C
310
01000000110E07656C6C697073650D0563757276650CFFFFFFFF04FFFFFFFF0CFFFFFFFF138616D9CEF7D33440295C8FC2F518424000000000000000001400000000000000000000000000000000000000000000F03F14B174F4AE3033C33F0000000000000000000000000000008006000000000000F03F0B0B110D046564
310
67650CFFFFFFFF04FFFFFFFF0CFFFFFFFF0C020000000600000000000000000C0200000006182D4454FB2119400C050000000C030000000B0707756E6B6E6F776E110D06636F656467650CFFFFFFFF04FFFFFFFF0CFFFFFFFF0C050000000C050000000CFFFFFFFF0C040000000B0C0600000004000000000CFFFFFFFF110D
310
046C6F6F700CFFFFFFFF04FFFFFFFF0CFFFFFFFF0CFFFFFFFF0C050000000C08000000110E05706C616E650D07737572666163650CFFFFFFFF04FFFFFFFF0CFFFFFFFF1311222A9EC4C03440295C8FC2F518424000000000000000001400000000000000800000000000000000000000000000F03F14000000000000F03F00
310
0000000000000000000000000000000B0B0B0B0B110D04666163650CFFFFFFFF04FFFFFFFF0CFFFFFFFF0CFFFFFFFF0C060000000C090000000CFFFFFFFF0C070000000B0A0B110D057368656C6C0CFFFFFFFF04FFFFFFFF0CFFFFFFFF0CFFFFFFFF0CFFFFFFFF0C080000000CFFFFFFFF0C0A000000110D046C756D700CFF
310
FFFFFF04FFFFFFFF0CFFFFFFFF0CFFFFFFFF0C090000000C00000000110E03456E640E026F660E0341534D0D0464617461
  0
ACDSRECORD
 90
        1
  2
AcDbDs::ID
280
    10
320
BB
  2
ASM_Data
280
    15
 94
      811
310
414349532042696E61727946696C652855000000000000010000000C00000007214F70656E2044657369676E20416C6C69616E63652041434953204275696C646572070E41434953203231382E3030204E540718467269204175672030322030333A31313A3430203230323406000000000000F03F0648AFBC9AF2D77A3E06
310
BBBDD7D9DF7CDB3D0D04626F64790CFFFFFFFF04FFFFFFFF0CFFFFFFFF0C0A0000000CFFFFFFFF0CFFFFFFFF110D05706F696E740CFFFFFFFF04FFFFFFFF0CFFFFFFFF13A7887890432B394062105839B40842400000000000000000110D067665727465780CFFFFFFFF04FFFFFFFF0CFFFFFFFF0C0400000004020000000C
310
01000000110E07656C6C697073650D0563757276650CFFFFFFFF04FFFFFFFF0CFFFFFFFF13BE9F1A2FDD04394062105839B408424000000000000000001400000000000000000000000000000000000000000000F03F14B174F4AE3033C33F0000000000000000000000000000008006000000000000F03F0B0B110D046564
310
67650CFFFFFFFF04FFFFFFFF0CFFFFFFFF0C020000000600000000000000000C0200000006182D4454FB2119400C050000000C030000000B0707756E6B6E6F776E110D06636F656467650CFFFFFFFF04FFFFFFFF0CFFFFFFFF0C050000000C050000000CFFFFFFFF0C040000000B0C0600000004000000000CFFFFFFFF110D
310
046C6F6F700CFFFFFFFF04FFFFFFFF0CFFFFFFFF0CFFFFFFFF0C050000000C08000000110E05706C616E650D07737572666163650CFFFFFFFF04FFFFFFFF0CFFFFFFFF1349AB6BFEA9F1384062105839B408424000000000000000001400000000000000800000000000000000000000000000F03F14000000000000F03F00
310
0000000000000000000000000000000B0B0B0B0B110D04666163650CFFFFFFFF04FFFFFFFF0CFFFFFFFF0CFFFFFFFF0C060000000C090000000CFFFFFFFF0C070000000B0A0B110D057368656C6C0CFFFFFFFF04FFFFFFFF0CFFFFFFFF0CFFFFFFFF0CFFFFFFFF0C080000000CFFFFFFFF0C0A000000110D046C756D700CFF
310
FFFFFF04FFFFFFFF0CFFFFFFFF0CFFFFFFFF0C090000000C00000000110E03456E640E026F660E0341534D0D0464617461
  0
ACDSRECORD
 90
        1
  2
AcDbDs::ID
280
    10
320
BE
  2
ASM_Data
280
    15
 94
      811
310
414349532042696E61727946696C652855000000000000010000000C00000007214F70656E2044657369676E20416C6C69616E63652041434953204275696C646572070E41434953203231382E3030204E540718467269204175672030322030333A31313A3430203230323406000000000000F03F0648AFBC9AF2D77A3E06
310
BBBDD7D9DF7CDB3D0D04626F64790CFFFFFFFF04FFFFFFFF0CFFFFFFFF0C0A0000000CFFFFFFFF0CFFFFFFFF110D05706F696E740CFFFFFFFF04FFFFFFFF0CFFFFFFFF133902B859BC742D40EFA7C64B372942400000000000000000110D067665727465780CFFFFFFFF04FFFFFFFF0CFFFFFFFF0C0400000004020000000C
310
01000000110E07656C6C697073650D0563757276650CFFFFFFFF04FFFFFFFF0CFFFFFFFF13DAF97E6ABCF42C40EFA7C64B3729424000000000000000001400000000000000000000000000000000000000000000F03F14D31742CEFBFFCF3F0000000000000000000000000000008006000000000000F03F0B0B110D046564
310
67650CFFFFFFFF04FFFFFFFF0CFFFFFFFF0C020000000600000000000000000C0200000006182D4454FB2119400C050000000C030000000B0707756E6B6E6F776E110D06636F656467650CFFFFFFFF04FFFFFFFF0CFFFFFFFF0C050000000C050000000CFFFFFFFF0C040000000B0C0600000004000000000CFFFFFFFF110D
310
046C6F6F700CFFFFFFFF04FFFFFFFF0CFFFFFFFF0CFFFFFFFF0C050000000C08000000110E05706C616E650D07737572666163650CFFFFFFFF04FFFFFFFF0CFFFFFFFF13AA75E272BCB42C40EFA7C64B3729424000000000000000001400000000000000800000000000000000000000000000F03F14000000000000F03F00
310
0000000000000000000000000000000B0B0B0B0B110D04666163650CFFFFFFFF04FFFFFFFF0CFFFFFFFF0CFFFFFFFF0C060000000C090000000CFFFFFFFF0C070000000B0A0B110D057368656C6C0CFFFFFFFF04FFFFFFFF0CFFFFFFFF0CFFFFFFFF0CFFFFFFFF0C080000000CFFFFFFFF0C0A000000110D046C756D700CFF
310
FFFFFF04FFFFFFFF0CFFFFFFFF0CFFFFFFFF0C090000000C00000000110E03456E640E026F660E0341534D0D0464617461
  0
ACDSRECORD
 90
        1
  2
AcDbDs::ID
280
    10
320
C1
  2
ASM_Data
280
    15
 94
      811
310
414349532042696E61727946696C652855000000000000010000000C00000007214F70656E2044657369676E20416C6C69616E63652041434953204275696C646572070E41434953203231382E3030204E540718467269204175672030322030333A31313A3430203230323406000000000000F03F0648AFBC9AF2D77A3E06
310
BBBDD7D9DF7CDB3D0D04626F64790CFFFFFFFF04FFFFFFFF0CFFFFFFFF0C0A0000000CFFFFFFFF0CFFFFFFFF110D05706F696E740CFFFFFFFF04FFFFFFFF0CFFFFFFFF13EEA3E8BB3A5F3B40A0E768B875CD40400000000000000000110D067665727465780CFFFFFFFF04FFFFFFFF0CFFFFFFFF0C0400000004020000000C
310
01000000110E07656C6C697073650D0563757276650CFFFFFFFF04FFFFFFFF0CFFFFFFFF1305BB8A5AD4383B40A0E768B875CD404000000000000000001400000000000000000000000000000000000000000000F03F14B174F4AE3033C33F0000000000000000000000000000008006000000000000F03F0B0B110D046564
310
67650CFFFFFFFF04FFFFFFFF0CFFFFFFFF0C020000000600000000000000000C0200000006182D4454FB2119400C050000000C030000000B0707756E6B6E6F776E110D06636F656467650CFFFFFFFF04FFFFFFFF0CFFFFFFFF0C050000000C050000000CFFFFFFFF0C040000000B0C0600000004000000000CFFFFFFFF110D
310
046C6F6F700CFFFFFFFF04FFFFFFFF0CFFFFFFFF0CFFFFFFFF0C050000000C08000000110E05706C616E650D07737572666163650CFFFFFFFF04FFFFFFFF0CFFFFFFFF1390C6DB29A1253B40A0E768B875CD404000000000000000001400000000000000800000000000000000000000000000F03F14000000000000F03F00
310
0000000000000000000000000000000B0B0B0B0B110D04666163650CFFFFFFFF04FFFFFFFF0CFFFFFFFF0CFFFFFFFF0C060000000C090000000CFFFFFFFF0C070000000B0A0B110D057368656C6C0CFFFFFFFF04FFFFFFFF0CFFFFFFFF0CFFFFFFFF0CFFFFFFFF0C080000000CFFFFFFFF0C0A000000110D046C756D700CFF
310
FFFFFF04FFFFFFFF0CFFFFFFFF0CFFFFFFFF0C090000000C00000000110E03456E640E026F660E0341534D0D0464617461
  0
ACDSRECORD
 90
        1
  2
AcDbDs::ID
280
    10
320
C4
  2
ASM_Data
280
    15
 94
      811
310
414349532042696E61727946696C652855000000000000010000000C00000007214F70656E2044657369676E20416C6C69616E63652041434953204275696C646572070E41434953203231382E3030204E540718467269204175672030322030333A31313A3430203230323406000000000000F03F0648AFBC9AF2D77A3E06
310
BBBDD7D9DF7CDB3D0D04626F64790CFFFFFFFF04FFFFFFFF0CFFFFFFFF0C0A0000000CFFFFFFFF0CFFFFFFFF110D05706F696E740CFFFFFFFF04FFFFFFFF0CFFFFFFFF1368F283A91CAA4140E5D022DBF97E2F400000000000000000110D067665727465780CFFFFFFFF04FFFFFFFF0CFFFFFFFF0C0400000004020000000C
310
01000000110E07656C6C697073650D0563757276650CFFFFFFFF04FFFFFFFF0CFFFFFFFF13F3FDD478E9964140E5D022DBF97E2F4000000000000000001400000000000000000000000000000000000000000000F03F14B174F4AE3033C33F0000000000000000000000000000008006000000000000F03F0B0B110D046564
310
67650CFFFFFFFF04FFFFFFFF0CFFFFFFFF0C020000000600000000000000000C0200000006182D4454FB2119400C050000000C030000000B0707756E6B6E6F776E110D06636F656467650CFFFFFFFF04FFFFFFFF0CFFFFFFFF0C050000000C050000000CFFFFFFFF0C040000000B0C0600000004000000000CFFFFFFFF110D
310
046C6F6F700CFFFFFFFF04FFFFFFFF0CFFFFFFFF0CFFFFFFFF0C050000000C08000000110E05706C616E650D07737572666163650CFFFFFFFF04FFFFFFFF0CFFFFFFFF13B9837DE04F8D4140E5D022DBF97E2F4000000000000000001400000000000000800000000000000000000000000000F03F14000000000000F03F00
310
0000000000000000000000000000000B0B0B0B0B110D04666163650CFFFFFFFF04FFFFFFFF0CFFFFFFFF0CFFFFFFFF0C060000000C090000000CFFFFFFFF0C070000000B0A0B110D057368656C6C0CFFFFFFFF04FFFFFFFF0CFFFFFFFF0CFFFFFFFF0CFFFFFFFF0C080000000CFFFFFFFF0C0A000000110D046C756D700CFF
310
FFFFFF04FFFFFFFF0CFFFFFFFF0CFFFFFFFF0C090000000C00000000110E03456E640E026F660E0341534D0D0464617461
  0
ACDSRECORD
 90
        1
  2
AcDbDs::ID
280
    10
320
C7
  2
ASM_Data
280
    15
 94
      811
310
414349532042696E61727946696C652855000000000000010000000C00000007214F70656E2044657369676E20416C6C69616E63652041434953204275696C646572070E41434953203231382E3030204E540718467269204175672030322030333A31313A3430203230323406000000000000F03F0648AFBC9AF2D77A3E06
310
BBBDD7D9DF7CDB3D0D04626F64790CFFFFFFFF04FFFFFFFF0CFFFFFFFF0C0A0000000CFFFFFFFF0CFFFFFFFF110D05706F696E740CFFFFFFFF04FFFFFFFF0CFFFFFFFF1368F283A91CAA4140D7A3703D0A9725400000000000000000110D067665727465780CFFFFFFFF04FFFFFFFF0CFFFFFFFF0C0400000004020000000C
310
01000000110E07656C6C697073650D0563757276650CFFFFFFFF04FFFFFFFF0CFFFFFFFF13F3FDD478E9964140D7A3703D0A97254000000000000000001400000000000000000000000000000000000000000000F03F14B174F4AE3033C33F0000000000000000000000000000008006000000000000F03F0B0B110D046564
310
67650CFFFFFFFF04FFFFFFFF0CFFFFFFFF0C020000000600000000000000000C0200000006182D4454FB2119400C050000000C030000000B0707756E6B6E6F776E110D06636F656467650CFFFFFFFF04FFFFFFFF0CFFFFFFFF0C050000000C050000000CFFFFFFFF0C040000000B0C0600000004000000000CFFFFFFFF110D
310
046C6F6F700CFFFFFFFF04FFFFFFFF0CFFFFFFFF0CFFFFFFFF0C050000000C08000000110E05706C616E650D07737572666163650CFFFFFFFF04FFFFFFFF0CFFFFFFFF13B9837DE04F8D4140D7A3703D0A97254000000000000000001400000000000000800000000000000000000000000000F03F14000000000000F03F00
310
0000000000000000000000000000000B0B0B0B0B110D04666163650CFFFFFFFF04FFFFFFFF0CFFFFFFFF0CFFFFFFFF0C060000000C090000000CFFFFFFFF0C070000000B0A0B110D057368656C6C0CFFFFFFFF04FFFFFFFF0CFFFFFFFF0CFFFFFFFF0CFFFFFFFF0C080000000CFFFFFFFF0C0A000000110D046C756D700CFF
310
FFFFFF04FFFFFFFF0CFFFFFFFF0CFFFFFFFF0C090000000C00000000110E03456E640E026F660E0341534D0D0464617461
  0
ACDSRECORD
 90
        1
  2
AcDbDs::ID
280
    10
320
CA
  2
ASM_Data
280
    15
 94
      811
310
414349532042696E61727946696C652855000000000000010000000C00000007214F70656E2044657369676E20416C6C69616E63652041434953204275696C646572070E41434953203231382E3030204E540718467269204175672030322030333A31313A3430203230323406000000000000F03F0648AFBC9AF2D77A3E06
310
BBBDD7D9DF7CDB3D0D04626F64790CFFFFFFFF04FFFFFFFF0CFFFFFFFF0C0A0000000CFFFFFFFF0CFFFFFFFF110D05706F696E740CFFFFFFFF04FFFFFFFF0CFFFFFFFF13985BC6F253233F401D5A643BDFCF23400000000000000000110D067665727465780CFFFFFFFF04FFFFFFFF0CFFFFFFFF0C0400000004020000000C
310
01000000110E07656C6C697073650D0563757276650CFFFFFFFF04FFFFFFFF0CFFFFFFFF13AF726891EDFC3E401D5A643BDFCF234000000000000000001400000000000000000000000000000000000000000000F03F14B174F4AE3033C33F0000000000000000000000000000008006000000000000F03F0B0B110D046564
310
67650CFFFFFFFF04FFFFFFFF0CFFFFFFFF0C020000000600000000000000000C0200000006182D4454FB2119400C050000000C030000000B0707756E6B6E6F776E110D06636F656467650CFFFFFFFF04FFFFFFFF0CFFFFFFFF0C050000000C050000000CFFFFFFFF0C040000000B0C0600000004000000000CFFFFFFFF110D
310
046C6F6F700CFFFFFFFF04FFFFFFFF0CFFFFFFFF0CFFFFFFFF0C050000000C08000000110E05706C616E650D07737572666163650CFFFFFFFF04FFFFFFFF0CFFFFFFFF133A7EB960BAE93E401D5A643BDFCF234000000000000000001400000000000000800000000000000000000000000000F03F14000000000000F03F00
310
0000000000000000000000000000000B0B0B0B0B110D04666163650CFFFFFFFF04FFFFFFFF0CFFFFFFFF0CFFFFFFFF0C060000000C090000000CFFFFFFFF0C070000000B0A0B110D057368656C6C0CFFFFFFFF04FFFFFFFF0CFFFFFFFF0CFFFFFFFF0CFFFFFFFF0C080000000CFFFFFFFF0C0A000000110D046C756D700CFF
310
FFFFFF04FFFFFFFF0CFFFFFFFF0CFFFFFFFF0C090000000C00000000110E03456E640E026F660E0341534D0D0464617461
  0
ACDSRECORD
 90
        1
  2
AcDbDs::ID
280
    10
320
CD
  2
ASM_Data
280
    15
 94
      811
310
414349532042696E61727946696C652855000000000000010000000C00000007214F70656E2044657369676E20416C6C69616E63652041434953204275696C646572070E41434953203231382E3030204E540718467269204175672030322030333A31313A3430203230323406000000000000F03F0648AFBC9AF2D77A3E06
310
BBBDD7D9DF7CDB3D0D04626F64790CFFFFFFFF04FFFFFFFF0CFFFFFFFF0C0A0000000CFFFFFFFF0CFFFFFFFF110D05706F696E740CFFFFFFFF04FFFFFFFF0CFFFFFFFF1389038D3E8B8C3140D122DBF97E7A42400000000000000000110D067665727465780CFFFFFFFF04FFFFFFFF0CFFFFFFFF0C0400000004020000000C
310
01000000110E07656C6C697073650D0563757276650CFFFFFFFF04FFFFFFFF0CFFFFFFFF13A01A2FDD24663140D122DBF97E7A424000000000000000001400000000000000000000000000000000000000000000F03F14B174F4AE3033C33F0000000000000000000000000000008006000000000000F03F0B0B110D046564
310
67650CFFFFFFFF04FFFFFFFF0CFFFFFFFF0C020000000600000000000000000C0200000006182D4454FB2119400C050000000C030000000B0707756E6B6E6F776E110D06636F656467650CFFFFFFFF04FFFFFFFF0CFFFFFFFF0C050000000C050000000CFFFFFFFF0C040000000B0C0600000004000000000CFFFFFFFF110D
310
046C6F6F700CFFFFFFFF04FFFFFFFF0CFFFFFFFF0CFFFFFFFF0C050000000C08000000110E05706C616E650D07737572666163650CFFFFFFFF04FFFFFFFF0CFFFFFFFF132B2680ACF1523140D122DBF97E7A424000000000000000001400000000000000800000000000000000000000000000F03F14000000000000F03F00
310
0000000000000000000000000000000B0B0B0B0B110D04666163650CFFFFFFFF04FFFFFFFF0CFFFFFFFF0CFFFFFFFF0C060000000C090000000CFFFFFFFF0C070000000B0A0B110D057368656C6C0CFFFFFFFF04FFFFFFFF0CFFFFFFFF0CFFFFFFFF0CFFFFFFFF0C080000000CFFFFFFFF0C0A000000110D046C756D700CFF
310
FFFFFF04FFFFFFFF0CFFFFFFFF0CFFFFFFFF0C090000000C00000000110E03456E640E026F660E0341534D0D0464617461
  0
ACDSRECORD
 90
        1
  2
AcDbDs::ID
280
    10
320
D0
  2
ASM_Data
280
    15
 94
      811
310
414349532042696E61727946696C652855000000000000010000000C00000007214F70656E2044657369676E20416C6C69616E63652041434953204275696C646572070E41434953203231382E3030204E540718467269204175672030322030333A31313A3430203230323406000000000000F03F0648AFBC9AF2D77A3E06
310
BBBDD7D9DF7CDB3D0D04626F64790CFFFFFFFF04FFFFFFFF0CFFFFFFFF0C0A0000000CFFFFFFFF0CFFFFFFFF110D05706F696E740CFFFFFFFF04FFFFFFFF0CFFFFFFFF13906AB7E1A03A2940B362B83A001643400000000000000000110D067665727465780CFFFFFFFF04FFFFFFFF0CFFFFFFFF0C0400000004020000000C
310
01000000110E07656C6C697073650D0563757276650CFFFFFFFF04FFFFFFFF0CFFFFFFFF13BD98FB1ED4ED2840B362B83A0016434000000000000000001400000000000000000000000000000000000000000000F03F14B174F4AE3033C33F0000000000000000000000000000008006000000000000F03F0B0B110D046564
310
67650CFFFFFFFF04FFFFFFFF0CFFFFFFFF0C020000000600000000000000000C0200000006182D4454FB2119400C050000000C030000000B0707756E6B6E6F776E110D06636F656467650CFFFFFFFF04FFFFFFFF0CFFFFFFFF0C050000000C050000000CFFFFFFFF0C040000000B0C0600000004000000000CFFFFFFFF110D
310
046C6F6F700CFFFFFFFF04FFFFFFFF0CFFFFFFFF0CFFFFFFFF0C050000000C08000000110E05706C616E650D07737572666163650CFFFFFFFF04FFFFFFFF0CFFFFFFFF13D4AF9DBD6DC72840B362B83A0016434000000000000000001400000000000000800000000000000000000000000000F03F14000000000000F03F00
310
0000000000000000000000000000000B0B0B0B0B110D04666163650CFFFFFFFF04FFFFFFFF0CFFFFFFFF0CFFFFFFFF0C060000000C090000000CFFFFFFFF0C070000000B0A0B110D057368656C6C0CFFFFFFFF04FFFFFFFF0CFFFFFFFF0CFFFFFFFF0CFFFFFFFF0C080000000CFFFFFFFF0C0A000000110D046C756D700CFF
310
FFFFFF04FFFFFFFF0CFFFFFFFF0CFFFFFFFF0C090000000C00000000110E03456E640E026F660E0341534D0D0464617461
  0
ACDSRECORD
 90
        1
  2
AcDbDs::ID
280
    10
320
D3
  2
ASM_Data
280
    15
 94
      811
310
414349532042696E61727946696C652855000000000000010000000C00000007214F70656E2044657369676E20416C6C69616E63652041434953204275696C646572070E41434953203231382E3030204E540718467269204175672030322030333A31313A3430203230323406000000000000F03F0648AFBC9AF2D77A3E06
310
BBBDD7D9DF7CDB3D0D04626F64790CFFFFFFFF04FFFFFFFF0CFFFFFFFF0C0A0000000CFFFFFFFF0CFFFFFFFF110D05706F696E740CFFFFFFFF04FFFFFFFF0CFFFFFFFF1382ED37450DF54640AAE98213344232400000000000000000110D067665727465780CFFFFFFFF04FFFFFFFF0CFFFFFFFF0C0400000004020000000C
310
01000000110E07656C6C697073650D0563757276650CFFFFFFFF04FFFFFFFF0CFFFFFFFF130DF98814DAE14640AAE982133442324000000000000000001400000000000000000000000000000000000000000000F03F14B174F4AE3033C33F0000000000000000000000000000008006000000000000F03F0B0B110D046564
310
67650CFFFFFFFF04FFFFFFFF0CFFFFFFFF0C020000000600000000000000000C0200000006182D4454FB2119400C050000000C030000000B0707756E6B6E6F776E110D06636F656467650CFFFFFFFF04FFFFFFFF0CFFFFFFFF0C050000000C050000000CFFFFFFFF0C040000000B0C0600000004000000000CFFFFFFFF110D
310
046C6F6F700CFFFFFFFF04FFFFFFFF0CFFFFFFFF0CFFFFFFFF0C050000000C08000000110E05706C616E650D07737572666163650CFFFFFFFF04FFFFFFFF0CFFFFFFFF13D37E317C40D84640AAE982133442324000000000000000001400000000000000800000000000000000000000000000F03F14000000000000F03F00
310
0000000000000000000000000000000B0B0B0B0B110D04666163650CFFFFFFFF04FFFFFFFF0CFFFFFFFF0CFFFFFFFF0C060000000C090000000CFFFFFFFF0C070000000B0A0B110D057368656C6C0CFFFFFFFF04FFFFFFFF0CFFFFFFFF0CFFFFFFFF0CFFFFFFFF0C080000000CFFFFFFFF0C0A000000110D046C756D700CFF
310
FFFFFF04FFFFFFFF0CFFFFFFFF0CFFFFFFFF0C090000000C00000000110E03456E640E026F660E0341534D0D0464617461
  0
ACDSRECORD
 90
        1
  2
AcDbDs::ID
280
    10
320
D6
  2
ASM_Data
280
    15
 94
      811
310
414349532042696E61727946696C652855000000000000010000000C00000007214F70656E2044657369676E20416C6C69616E63652041434953204275696C646572070E41434953203231382E3030204E540718467269204175672030322030333A31313A3430203230323406000000000000F03F0648AFBC9AF2D77A3E06
310
BBBDD7D9DF7CDB3D0D04626F64790CFFFFFFFF04FFFFFFFF0CFFFFFFFF0C0A0000000CFFFFFFFF0CFFFFFFFF110D05706F696E740CFFFFFFFF04FFFFFFFF0CFFFFFFFF138FEA6CAFA20C43405195847E851024400000000000000000110D067665727465780CFFFFFFFF04FFFFFFFF0CFFFFFFFF0C0400000004020000000C
310
01000000110E07656C6C697073650D0563757276650CFFFFFFFF04FFFFFFFF0CFFFFFFFF131AF6BD7E6FF942405195847E8510244000000000000000001400000000000000000000000000000000000000000000F03F14B174F4AE3033C33F0000000000000000000000000000008006000000000000F03F0B0B110D046564
310
67650CFFFFFFFF04FFFFFFFF0CFFFFFFFF0C020000000600000000000000000C0200000006182D4454FB2119400C050000000C030000000B0707756E6B6E6F776E110D06636F656467650CFFFFFFFF04FFFFFFFF0CFFFFFFFF0C050000000C050000000CFFFFFFFF0C040000000B0C0600000004000000000CFFFFFFFF110D
310
046C6F6F700CFFFFFFFF04FFFFFFFF0CFFFFFFFF0CFFFFFFFF0C050000000C08000000110E05706C616E650D07737572666163650CFFFFFFFF04FFFFFFFF0CFFFFFFFF13E07B66E6D5EF42405195847E8510244000000000000000001400000000000000800000000000000000000000000000F03F14000000000000F03F00
310
0000000000000000000000000000000B0B0B0B0B110D04666163650CFFFFFFFF04FFFFFFFF0CFFFFFFFF0CFFFFFFFF0C060000000C090000000CFFFFFFFF0C070000000B0A0B110D057368656C6C0CFFFFFFFF04FFFFFFFF0CFFFFFFFF0CFFFFFFFF0CFFFFFFFF0C080000000CFFFFFFFF0C0A000000110D046C756D700CFF
310
FFFFFF04FFFFFFFF0CFFFFFFFF0CFFFFFFFF0C090000000C00000000110E03456E640E026F660E0341534D0D0464617461
  0
ACDSRECORD
 90
        1
  2
AcDbDs::ID
280
    10
320
D9
  2
ASM_Data
280
    15
 94
      811
310
414349532042696E61727946696C652855000000000000010000000C00000007214F70656E2044657369676E20416C6C69616E63652041434953204275696C646572070E41434953203231382E3030204E540718467269204175672030322030333A31313A3430203230323406000000000000F03F0648AFBC9AF2D77A3E06
310
BBBDD7D9DF7CDB3D0D04626F64790CFFFFFFFF04FFFFFFFF0CFFFFFFFF0C0A0000000CFFFFFFFF0CFFFFFFFF110D05706F696E740CFFFFFFFF04FFFFFFFF0CFFFFFFFF1329E3BE5973685040D07DD688A2A030400000000000000000110D067665727465780CFFFFFFFF04FFFFFFFF0CFFFFFFFF0C0400000004020000000C
310
01000000110E07656C6C697073650D0563757276650CFFFFFFFF04FFFFFFFF0CFFFFFFFF13EF6867C1D95E5040D07DD688A2A0304000000000000000001400000000000000000000000000000000000000000000F03F14B174F4AE3033C33F0000000000000000000000000000008006000000000000F03F0B0B110D046564
310
67650CFFFFFFFF04FFFFFFFF0CFFFFFFFF0C020000000600000000000000000C0200000006182D4454FB2119400C050000000C030000000B0707756E6B6E6F776E110D06636F656467650CFFFFFFFF04FFFFFFFF0CFFFFFFFF0C050000000C050000000CFFFFFFFF0C040000000B0C0600000004000000000CFFFFFFFF110D
310
046C6F6F700CFFFFFFFF04FFFFFFFF0CFFFFFFFF0CFFFFFFFF0C050000000C08000000110E05706C616E650D07737572666163650CFFFFFFFF04FFFFFFFF0CFFFFFFFF13D2AB3BF50C5A5040D07DD688A2A0304000000000000000001400000000000000800000000000000000000000000000F03F14000000000000F03F00
310
0000000000000000000000000000000B0B0B0B0B110D04666163650CFFFFFFFF04FFFFFFFF0CFFFFFFFF0CFFFFFFFF0C060000000C090000000CFFFFFFFF0C070000000B0A0B110D057368656C6C0CFFFFFFFF04FFFFFFFF0CFFFFFFFF0CFFFFFFFF0CFFFFFFFF0C080000000CFFFFFFFF0C0A000000110D046C756D700CFF
310
FFFFFF04FFFFFFFF0CFFFFFFFF0CFFFFFFFF0C090000000C00000000110E03456E640E026F660E0341534D0D0464617461
  0
ACDSRECORD
 90
        1
  2
AcDbDs::ID
280
    10
320
DC
  2
ASM_Data
280
    15
 94
      811
310
414349532042696E61727946696C652855000000000000010000000C00000007214F70656E2044657369676E20416C6C69616E63652041434953204275696C646572070E41434953203231382E3030204E540718467269204175672030322030333A31313A3430203230323406000000000000F03F0648AFBC9AF2D77A3E06
310
BBBDD7D9DF7CDB3D0D04626F64790CFFFFFFFF04FFFFFFFF0CFFFFFFFF0C0A0000000CFFFFFFFF0CFFFFFFFF110D05706F696E740CFFFFFFFF04FFFFFFFF0CFFFFFFFF137EF135992B7150406F6F8EA5D5212C400000000000000000110D067665727465780CFFFFFFFF04FFFFFFFF0CFFFFFFFF0C0400000004020000000C
310
01000000110E07656C6C697073650D0563757276650CFFFFFFFF04FFFFFFFF0CFFFFFFFF134477DE00926750406F6F8EA5D5212C4000000000000000001400000000000000000000000000000000000000000000F03F14B174F4AE3033C33F0000000000000000000000000000008006000000000000F03F0B0B110D046564
310
67650CFFFFFFFF04FFFFFFFF0CFFFFFFFF0C020000000600000000000000000C0200000006182D4454FB2119400C050000000C030000000B0707756E6B6E6F776E110D06636F656467650CFFFFFFFF04FFFFFFFF0CFFFFFFFF0C050000000C050000000CFFFFFFFF0C040000000B0C0600000004000000000CFFFFFFFF110D
310
046C6F6F700CFFFFFFFF04FFFFFFFF0CFFFFFFFF0CFFFFFFFF0C050000000C08000000110E05706C616E650D07737572666163650CFFFFFFFF04FFFFFFFF0CFFFFFFFF1327BAB234C56250406F6F8EA5D5212C4000000000000000001400000000000000800000000000000000000000000000F03F14000000000000F03F00
310
0000000000000000000000000000000B0B0B0B0B110D04666163650CFFFFFFFF04FFFFFFFF0CFFFFFFFF0CFFFFFFFF0C060000000C090000000CFFFFFFFF0C070000000B0A0B110D057368656C6C0CFFFFFFFF04FFFFFFFF0CFFFFFFFF0CFFFFFFFF0CFFFFFFFF0C080000000CFFFFFFFF0C0A000000110D046C756D700CFF
310
FFFFFF04FFFFFFFF0CFFFFFFFF0CFFFFFFFF0C090000000C00000000110E03456E640E026F660E0341534D0D0464617461
  0
ACDSRECORD
 90
        1
  2
AcDbDs::ID
280
    10
320
DF
  2
ASM_Data
280
    15
 94
      811
310
414349532042696E61727946696C652855000000000000010000000C00000007214F70656E2044657369676E20416C6C69616E63652041434953204275696C646572070E41434953203231382E3030204E540718467269204175672030322030333A31313A3430203230323406000000000000F03F0648AFBC9AF2D77A3E06
310
BBBDD7D9DF7CDB3D0D04626F64790CFFFFFFFF04FFFFFFFF0CFFFFFFFF0C0A0000000CFFFFFFFF0CFFFFFFFF110D05706F696E740CFFFFFFFF04FFFFFFFF0CFFFFFFFF1360BF0E3909505040A49EAAE749DE1E400000000000000000110D067665727465780CFFFFFFFF04FFFFFFFF0CFFFFFFFF0C0400000004020000000C
310
01000000110E07656C6C697073650D0563757276650CFFFFFFFF04FFFFFFFF0CFFFFFFFF132645B7A06F465040A49EAAE749DE1E4000000000000000001400000000000000000000000000000000000000000000F03F14B174F4AE3033C33F0000000000000000000000000000008006000000000000F03F0B0B110D046564
310
67650CFFFFFFFF04FFFFFFFF0CFFFFFFFF0C020000000600000000000000000C0200000006182D4454FB2119400C050000000C030000000B0707756E6B6E6F776E110D06636F656467650CFFFFFFFF04FFFFFFFF0CFFFFFFFF0C050000000C050000000CFFFFFFFF0C040000000B0C0600000004000000000CFFFFFFFF110D
310
046C6F6F700CFFFFFFFF04FFFFFFFF0CFFFFFFFF0CFFFFFFFF0C050000000C08000000110E05706C616E650D07737572666163650CFFFFFFFF04FFFFFFFF0CFFFFFFFF1309888BD4A2415040A49EAAE749DE1E4000000000000000001400000000000000800000000000000000000000000000F03F14000000000000F03F00
310
0000000000000000000000000000000B0B0B0B0B110D04666163650CFFFFFFFF04FFFFFFFF0CFFFFFFFF0CFFFFFFFF0C060000000C090000000CFFFFFFFF0C070000000B0A0B110D057368656C6C0CFFFFFFFF04FFFFFFFF0CFFFFFFFF0CFFFFFFFF0CFFFFFFFF0C080000000CFFFFFFFF0C0A000000110D046C756D700CFF
310
FFFFFF04FFFFFFFF0CFFFFFFFF0CFFFFFFFF0C090000000C00000000110E03456E640E026F660E0341534D0D0464617461
  0
ACDSRECORD
 90
        1
  2
AcDbDs::ID
280
    10
320
E2
  2
ASM_Data
280
    15
 94
      811
310
414349532042696E61727946696C652855000000000000010000000C00000007214F70656E2044657369676E20416C6C69616E63652041434953204275696C646572070E41434953203231382E3030204E540718467269204175672030322030333A31313A3430203230323406000000000000F03F0648AFBC9AF2D77A3E06
310
BBBDD7D9DF7CDB3D0D04626F64790CFFFFFFFF04FFFFFFFF0CFFFFFFFF0C0A0000000CFFFFFFFF0CFFFFFFFF110D05706F696E740CFFFFFFFF04FFFFFFFF0CFFFFFFFF13DF4E64DE911C494078186A7F2DB031400000000000000000110D067665727465780CFFFFFFFF04FFFFFFFF0CFFFFFFFF0C0400000004020000000C
310
01000000110E07656C6C697073650D0563757276650CFFFFFFFF04FFFFFFFF0CFFFFFFFF136A5AB5AD5E09494078186A7F2DB0314000000000000000001400000000000000000000000000000000000000000000F03F14B174F4AE3033C33F0000000000000000000000000000008006000000000000F03F0B0B110D046564
310
67650CFFFFFFFF04FFFFFFFF0CFFFFFFFF0C020000000600000000000000000C0200000006182D4454FB2119400C050000000C030000000B0707756E6B6E6F776E110D06636F656467650CFFFFFFFF04FFFFFFFF0CFFFFFFFF0C050000000C050000000CFFFFFFFF0C040000000B0C0600000004000000000CFFFFFFFF110D
310
046C6F6F700CFFFFFFFF04FFFFFFFF0CFFFFFFFF0CFFFFFFFF0C050000000C08000000110E05706C616E650D07737572666163650CFFFFFFFF04FFFFFFFF0CFFFFFFFF1330E05D15C5FF484078186A7F2DB0314000000000000000001400000000000000800000000000000000000000000000F03F14000000000000F03F00
310
0000000000000000000000000000000B0B0B0B0B110D04666163650CFFFFFFFF04FFFFFFFF0CFFFFFFFF0CFFFFFFFF0C060000000C090000000CFFFFFFFF0C070000000B0A0B110D057368656C6C0CFFFFFFFF04FFFFFFFF0CFFFFFFFF0CFFFFFFFF0CFFFFFFFF0C080000000CFFFFFFFF0C0A000000110D046C756D700CFF
310
FFFFFF04FFFFFFFF0CFFFFFFFF0CFFFFFFFF0C090000000C00000000110E03456E640E026F660E0341534D0D0464617461
  0
ACDSRECORD
 90
        1
  2
AcDbDs::ID
280
    10
320
E5
  2
ASM_Data
280
    15
 94
      811
310
414349532042696E61727946696C652855000000000000010000000C00000007214F70656E2044657369676E20416C6C69616E63652041434953204275696C646572070E41434953203231382E3030204E540718467269204175672030322030333A31313A3430203230323406000000000000F03F0648AFBC9AF2D77A3E06
310
BBBDD7D9DF7CDB3D0D04626F64790CFFFFFFFF04FFFFFFFF0CFFFFFFFF0C0A0000000CFFFFFFFF0CFFFFFFFF110D05706F696E740CFFFFFFFF04FFFFFFFF0CFFFFFFFF132ACB8C8E16F3464065FC1C9BF4E13A400000000000000000110D067665727465780CFFFFFFFF04FFFFFFFF0CFFFFFFFF0C0400000004020000000C
310
01000000110E07656C6C697073650D0563757276650CFFFFFFFF04FFFFFFFF0CFFFFFFFF13B5D6DD5DE3DF464065FC1C9BF4E13A4000000000000000001400000000000000000000000000000000000000000000F03F14B174F4AE3033C33F0000000000000000000000000000008006000000000000F03F0B0B110D046564
310
67650CFFFFFFFF04FFFFFFFF0CFFFFFFFF0C020000000600000000000000000C0200000006182D4454FB2119400C050000000C030000000B0707756E6B6E6F776E110D06636F656467650CFFFFFFFF04FFFFFFFF0CFFFFFFFF0C050000000C050000000CFFFFFFFF0C040000000B0C0600000004000000000CFFFFFFFF110D
310
046C6F6F700CFFFFFFFF04FFFFFFFF0CFFFFFFFF0CFFFFFFFF0C050000000C08000000110E05706C616E650D07737572666163650CFFFFFFFF04FFFFFFFF0CFFFFFFFF137B5C86C549D6464065FC1C9BF4E13A4000000000000000001400000000000000800000000000000000000000000000F03F14000000000000F03F00
310
0000000000000000000000000000000B0B0B0B0B110D04666163650CFFFFFFFF04FFFFFFFF0CFFFFFFFF0CFFFFFFFF0C060000000C090000000CFFFFFFFF0C070000000B0A0B110D057368656C6C0CFFFFFFFF04FFFFFFFF0CFFFFFFFF0CFFFFFFFF0CFFFFFFFF0C080000000CFFFFFFFF0C0A000000110D046C756D700CFF
310
FFFFFF04FFFFFFFF0CFFFFFFFF0CFFFFFFFF0C090000000C00000000110E03456E640E026F660E0341534D0D0464617461
  0
ACDSRECORD
 90
        1
  2
AcDbDs::ID
280
    10
320
E8
  2
ASM_Data
280
    15
 94
      811
310
414349532042696E61727946696C652855000000000000010000000C00000007214F70656E2044657369676E20416C6C69616E63652041434953204275696C646572070E41434953203231382E3030204E540718467269204175672030322030333A31313A3430203230323406000000000000F03F0648AFBC9AF2D77A3E06
310
BBBDD7D9DF7CDB3D0D04626F64790CFFFFFFFF04FFFFFFFF0CFFFFFFFF0C0A0000000CFFFFFFFF0CFFFFFFFF110D05706F696E740CFFFFFFFF04FFFFFFFF0CFFFFFFFF13F6809265355949408FE5769221D135400000000000000000110D067665727465780CFFFFFFFF04FFFFFFFF0CFFFFFFFF0C0400000004020000000C
310
01000000110E07656C6C697073650D0563757276650CFFFFFFFF04FFFFFFFF0CFFFFFFFF13818CE334024649408FE5769221D1354000000000000000001400000000000000000000000000000000000000000000F03F14B174F4AE3033C33F0000000000000000000000000000008006000000000000F03F0B0B110D046564
310
67650CFFFFFFFF04FFFFFFFF0CFFFFFFFF0C020000000600000000000000000C0200000006182D4454FB2119400C050000000C030000000B0707756E6B6E6F776E110D06636F656467650CFFFFFFFF04FFFFFFFF0CFFFFFFFF0C050000000C050000000CFFFFFFFF0C040000000B0C0600000004000000000CFFFFFFFF110D
310
046C6F6F700CFFFFFFFF04FFFFFFFF0CFFFFFFFF0CFFFFFFFF0C050000000C08000000110E05706C616E650D07737572666163650CFFFFFFFF04FFFFFFFF0CFFFFFFFF1347128C9C683C49408FE5769221D1354000000000000000001400000000000000800000000000000000000000000000F03F14000000000000F03F00
310
0000000000000000000000000000000B0B0B0B0B110D04666163650CFFFFFFFF04FFFFFFFF0CFFFFFFFF0CFFFFFFFF0C060000000C090000000CFFFFFFFF0C070000000B0A0B110D057368656C6C0CFFFFFFFF04FFFFFFFF0CFFFFFFFF0CFFFFFFFF0CFFFFFFFF0C080000000CFFFFFFFF0C0A000000110D046C756D700CFF
310
FFFFFF04FFFFFFFF0CFFFFFFFF0CFFFFFFFF0C090000000C00000000110E03456E640E026F660E0341534D0D0464617461
  0
ACDSRECORD
 90
        1
  2
AcDbDs::ID
280
    10
320
EB
  2
ASM_Data
280
    15
 94
      811
310
414349532042696E61727946696C652855000000000000010000000C00000007214F70656E2044657369676E20416C6C69616E63652041434953204275696C646572070E41434953203231382E3030204E540718467269204175672030322030333A31313A3430203230323406000000000000F03F0648AFBC9AF2D77A3E06
310
BBBDD7D9DF7CDB3D0D04626F64790CFFFFFFFF04FFFFFFFF0CFFFFFFFF0C0A0000000CFFFFFFFF0CFFFFFFFF110D05706F696E740CFFFFFFFF04FFFFFFFF0CFFFFFFFF13896BA5A52CCC4A402DB0A63661D037400000000000000000110D067665727465780CFFFFFFFF04FFFFFFFF0CFFFFFFFF0C0400000004020000000C
310
01000000110E07656C6C697073650D0563757276650CFFFFFFFF04FFFFFFFF0CFFFFFFFF131477F674F9B84A402DB0A63661D0374000000000000000001400000000000000000000000000000000000000000000F03F14B174F4AE3033C33F0000000000000000000000000000008006000000000000F03F0B0B110D046564
310
67650CFFFFFFFF04FFFFFFFF0CFFFFFFFF0C020000000600000000000000000C0200000006182D4454FB2119400C050000000C030000000B0707756E6B6E6F776E110D06636F656467650CFFFFFFFF04FFFFFFFF0CFFFFFFFF0C050000000C050000000CFFFFFFFF0C040000000B0C0600000004000000000CFFFFFFFF110D
310
046C6F6F700CFFFFFFFF04FFFFFFFF0CFFFFFFFF0CFFFFFFFF0C050000000C08000000110E05706C616E650D07737572666163650CFFFFFFFF04FFFFFFFF0CFFFFFFFF13DAFC9EDC5FAF4A402DB0A63661D0374000000000000000001400000000000000800000000000000000000000000000F03F14000000000000F03F00
310
0000000000000000000000000000000B0B0B0B0B110D04666163650CFFFFFFFF04FFFFFFFF0CFFFFFFFF0CFFFFFFFF0C060000000C090000000CFFFFFFFF0C070000000B0A0B110D057368656C6C0CFFFFFFFF04FFFFFFFF0CFFFFFFFF0CFFFFFFFF0CFFFFFFFF0C080000000CFFFFFFFF0C0A000000110D046C756D700CFF
310
FFFFFF04FFFFFFFF0CFFFFFFFF0CFFFFFFFF0C090000000C00000000110E03456E640E026F660E0341534D0D0464617461
  0
ACDSRECORD
 90
        1
  2
AcDbDs::ID
280
    10
320
EE
  2
ASM_Data
280
    15
 94
      811
310
414349532042696E61727946696C652855000000000000010000000C00000007214F70656E2044657369676E20416C6C69616E63652041434953204275696C646572070E41434953203231382E3030204E540718467269204175672030322030333A31313A3430203230323406000000000000F03F0648AFBC9AF2D77A3E06
310
BBBDD7D9DF7CDB3D0D04626F64790CFFFFFFFF04FFFFFFFF0CFFFFFFFF0C0A0000000CFFFFFFFF0CFFFFFFFF110D05706F696E740CFFFFFFFF04FFFFFFFF0CFFFFFFFF134C0169FF030E4A40AA6EE4709C063D400000000000000000110D067665727465780CFFFFFFFF04FFFFFFFF0CFFFFFFFF0C0400000004020000000C
310
01000000110E07656C6C697073650D0563757276650CFFFFFFFF04FFFFFFFF0CFFFFFFFF13D70CBACED0FA4940AA6EE4709C063D4000000000000000001400000000000000000000000000000000000000000000F03F14B174F4AE3033C33F0000000000000000000000000000008006000000000000F03F0B0B110D046564
310
67650CFFFFFFFF04FFFFFFFF0CFFFFFFFF0C020000000600000000000000000C0200000006182D4454FB2119400C050000000C030000000B0707756E6B6E6F776E110D06636F656467650CFFFFFFFF04FFFFFFFF0CFFFFFFFF0C050000000C050000000CFFFFFFFF0C040000000B0C0600000004000000000CFFFFFFFF110D
310
046C6F6F700CFFFFFFFF04FFFFFFFF0CFFFFFFFF0CFFFFFFFF0C050000000C08000000110E05706C616E650D07737572666163650CFFFFFFFF04FFFFFFFF0CFFFFFFFF139D92623637F14940AA6EE4709C063D4000000000000000001400000000000000800000000000000000000000000000F03F14000000000000F03F00
310
0000000000000000000000000000000B0B0B0B0B110D04666163650CFFFFFFFF04FFFFFFFF0CFFFFFFFF0CFFFFFFFF0C060000000C090000000CFFFFFFFF0C070000000B0A0B110D057368656C6C0CFFFFFFFF04FFFFFFFF0CFFFFFFFF0CFFFFFFFF0CFFFFFFFF0C080000000CFFFFFFFF0C0A000000110D046C756D700CFF
310
FFFFFF04FFFFFFFF0CFFFFFFFF0CFFFFFFFF0C090000000C00000000110E03456E640E026F660E0341534D0D0464617461
  0
ACDSRECORD
 90
        1
  2
AcDbDs::ID
280
    10
320
F1
  2
ASM_Data
280
    15
 94
      811
310
414349532042696E61727946696C652855000000000000010000000C00000007214F70656E2044657369676E20416C6C69616E63652041434953204275696C646572070E41434953203231382E3030204E540718467269204175672030322030333A31313A3430203230323406000000000000F03F0648AFBC9AF2D77A3E06
310
BBBDD7D9DF7CDB3D0D04626F64790CFFFFFFFF04FFFFFFFF0CFFFFFFFF0C0A0000000CFFFFFFFF0CFFFFFFFF110D05706F696E740CFFFFFFFF04FFFFFFFF0CFFFFFFFF13A11300EB8AA249409722F1D9D7A13F400000000000000000110D067665727465780CFFFFFFFF04FFFFFFFF0CFFFFFFFF0C0400000004020000000C
310
01000000110E07656C6C697073650D0563757276650CFFFFFFFF04FFFFFFFF0CFFFFFFFF132C1F51BA578F49409722F1D9D7A13F4000000000000000001400000000000000000000000000000000000000000000F03F14B174F4AE3033C33F0000000000000000000000000000008006000000000000F03F0B0B110D046564
310
67650CFFFFFFFF04FFFFFFFF0CFFFFFFFF0C020000000600000000000000000C0200000006182D4454FB2119400C050000000C030000000B0707756E6B6E6F776E110D06636F656467650CFFFFFFFF04FFFFFFFF0CFFFFFFFF0C050000000C050000000CFFFFFFFF0C040000000B0C0600000004000000000CFFFFFFFF110D
310
046C6F6F700CFFFFFFFF04FFFFFFFF0CFFFFFFFF0CFFFFFFFF0C050000000C08000000110E05706C616E650D07737572666163650CFFFFFFFF04FFFFFFFF0CFFFFFFFF13F2A4F921BE8549409722F1D9D7A13F4000000000000000001400000000000000800000000000000000000000000000F03F14000000000000F03F00
310
0000000000000000000000000000000B0B0B0B0B110D04666163650CFFFFFFFF04FFFFFFFF0CFFFFFFFF0CFFFFFFFF0C060000000C090000000CFFFFFFFF0C070000000B0A0B110D057368656C6C0CFFFFFFFF04FFFFFFFF0CFFFFFFFF0CFFFFFFFF0CFFFFFFFF0C080000000CFFFFFFFF0C0A000000110D046C756D700CFF
310
FFFFFF04FFFFFFFF0CFFFFFFFF0CFFFFFFFF0C090000000C00000000110E03456E640E026F660E0341534D0D0464617461
  0
ACDSRECORD
 90
        1
  2
AcDbDs::ID
280
    10
320
F4
  2
ASM_Data
280
    15
 94
      811
310
414349532042696E61727946696C652855000000000000010000000C00000007214F70656E2044657369676E20416C6C69616E63652041434953204275696C646572070E41434953203231382E3030204E540718467269204175672030322030333A31313A3430203230323406000000000000F03F0648AFBC9AF2D77A3E06
310
BBBDD7D9DF7CDB3D0D04626F64790CFFFFFFFF04FFFFFFFF0CFFFFFFFF0C0A0000000CFFFFFFFF0CFFFFFFFF110D05706F696E740CFFFFFFFF04FFFFFFFF0CFFFFFFFF131A6030C912A14B40053F1EB8D2AC3F400000000000000000110D067665727465780CFFFFFFFF04FFFFFFFF0CFFFFFFFF0C0400000004020000000C
310
01000000110E07656C6C697073650D0563757276650CFFFFFFFF04FFFFFFFF0CFFFFFFFF13A56B8198DF8D4B40053F1EB8D2AC3F4000000000000000001400000000000000000000000000000000000000000000F03F14B174F4AE3033C33F0000000000000000000000000000008006000000000000F03F0B0B110D046564
310
67650CFFFFFFFF04FFFFFFFF0CFFFFFFFF0C020000000600000000000000000C0200000006182D4454FB2119400C050000000C030000000B0707756E6B6E6F776E110D06636F656467650CFFFFFFFF04FFFFFFFF0CFFFFFFFF0C050000000C050000000CFFFFFFFF0C040000000B0C0600000004000000000CFFFFFFFF110D
310
046C6F6F700CFFFFFFFF04FFFFFFFF0CFFFFFFFF0CFFFFFFFF0C050000000C08000000110E05706C616E650D07737572666163650CFFFFFFFF04FFFFFFFF0CFFFFFFFF136BF1290046844B40053F1EB8D2AC3F4000000000000000001400000000000000800000000000000000000000000000F03F14000000000000F03F00
310
0000000000000000000000000000000B0B0B0B0B110D04666163650CFFFFFFFF04FFFFFFFF0CFFFFFFFF0CFFFFFFFF0C060000000C090000000CFFFFFFFF0C070000000B0A0B110D057368656C6C0CFFFFFFFF04FFFFFFFF0CFFFFFFFF0CFFFFFFFF0CFFFFFFFF0C080000000CFFFFFFFF0C0A000000110D046C756D700CFF
310
FFFFFF04FFFFFFFF0CFFFFFFFF0CFFFFFFFF0C090000000C00000000110E03456E640E026F660E0341534D0D0464617461
  0
ACDSRECORD
 90
        1
  2
AcDbDs::ID
280
    10
320
F7
  2
ASM_Data
280
    15
 94
      811
310
414349532042696E61727946696C652855000000000000010000000C00000007214F70656E2044657369676E20416C6C69616E63652041434953204275696C646572070E41434953203231382E3030204E540718467269204175672030322030333A31313A3430203230323406000000000000F03F0648AFBC9AF2D77A3E06
310
BBBDD7D9DF7CDB3D0D04626F64790CFFFFFFFF04FFFFFFFF0CFFFFFFFF0C0A0000000CFFFFFFFF0CFFFFFFFF110D05706F696E740CFFFFFFFF04FFFFFFFF0CFFFFFFFF1363CA8F11B3394640048FB10BED753F400000000000000000110D067665727465780CFFFFFFFF04FFFFFFFF0CFFFFFFFF0C0400000004020000000C
310
01000000110E07656C6C697073650D0563757276650CFFFFFFFF04FFFFFFFF0CFFFFFFFF13EED5E0E07F264640048FB10BED753F4000000000000000001400000000000000000000000000000000000000000000F03F14B174F4AE3033C33F0000000000000000000000000000008006000000000000F03F0B0B110D046564
310
67650CFFFFFFFF04FFFFFFFF0CFFFFFFFF0C020000000600000000000000000C0200000006182D4454FB2119400C050000000C030000000B0707756E6B6E6F776E110D06636F656467650CFFFFFFFF04FFFFFFFF0CFFFFFFFF0C050000000C050000000CFFFFFFFF0C040000000B0C0600000004000000000CFFFFFFFF110D
310
046C6F6F700CFFFFFFFF04FFFFFFFF0CFFFFFFFF0CFFFFFFFF0C050000000C08000000110E05706C616E650D07737572666163650CFFFFFFFF04FFFFFFFF0CFFFFFFFF13B45B8948E61C4640048FB10BED753F4000000000000000001400000000000000800000000000000000000000000000F03F14000000000000F03F00
310
0000000000000000000000000000000B0B0B0B0B110D04666163650CFFFFFFFF04FFFFFFFF0CFFFFFFFF0CFFFFFFFF0C060000000C090000000CFFFFFFFF0C070000000B0A0B110D057368656C6C0CFFFFFFFF04FFFFFFFF0CFFFFFFFF0CFFFFFFFF0CFFFFFFFF0C080000000CFFFFFFFF0C0A000000110D046C756D700CFF
310
FFFFFF04FFFFFFFF0CFFFFFFFF0CFFFFFFFF0C090000000C00000000110E03456E640E026F660E0341534D0D0464617461
  0
ACDSRECORD
 90
        1
  2
AcDbDs::ID
280
    10
320
FA
  2
ASM_Data
280
    15
 94
      811
310
414349532042696E61727946696C652855000000000000010000000C00000007214F70656E2044657369676E20416C6C69616E63652041434953204275696C646572070E41434953203231382E3030204E540718467269204175672030322030333A31313A3430203230323406000000000000F03F0648AFBC9AF2D77A3E06
310
BBBDD7D9DF7CDB3D0D04626F64790CFFFFFFFF04FFFFFFFF0CFFFFFFFF0C0A0000000CFFFFFFFF0CFFFFFFFF110D05706F696E740CFFFFFFFF04FFFFFFFF0CFFFFFFFF13462B52BC25464440D325B1DE87373E400000000000000000110D067665727465780CFFFFFFFF04FFFFFFFF0CFFFFFFFF0C0400000004020000000C
310
01000000110E07656C6C697073650D0563757276650CFFFFFFFF04FFFFFFFF0CFFFFFFFF13D136A38BF2324440D325B1DE87373E4000000000000000001400000000000000000000000000000000000000000000F03F14B174F4AE3033C33F0000000000000000000000000000008006000000000000F03F0B0B110D046564
310
67650CFFFFFFFF04FFFFFFFF0CFFFFFFFF0C020000000600000000000000000C0200000006182D4454FB2119400C050000000C030000000B0707756E6B6E6F776E110D06636F656467650CFFFFFFFF04FFFFFFFF0CFFFFFFFF0C050000000C050000000CFFFFFFFF0C040000000B0C0600000004000000000CFFFFFFFF110D
310
046C6F6F700CFFFFFFFF04FFFFFFFF0CFFFFFFFF0CFFFFFFFF0C050000000C08000000110E05706C616E650D07737572666163650CFFFFFFFF04FFFFFFFF0CFFFFFFFF1397BC4BF358294440D325B1DE87373E4000000000000000001400000000000000800000000000000000000000000000F03F14000000000000F03F00
310
0000000000000000000000000000000B0B0B0B0B110D04666163650CFFFFFFFF04FFFFFFFF0CFFFFFFFF0CFFFFFFFF0C060000000C090000000CFFFFFFFF0C070000000B0A0B110D057368656C6C0CFFFFFFFF04FFFFFFFF0CFFFFFFFF0CFFFFFFFF0CFFFFFFFF0C080000000CFFFFFFFF0C0A000000110D046C756D700CFF
310
FFFFFF04FFFFFFFF0CFFFFFFFF0CFFFFFFFF0C090000000C00000000110E03456E640E026F660E0341534D0D0464617461
  0
ACDSRECORD
 90
        1
  2
AcDbDs::ID
280
    10
320
FD
  2
ASM_Data
280
    15
 94
      811
310
414349532042696E61727946696C652855000000000000010000000C00000007214F70656E2044657369676E20416C6C69616E63652041434953204275696C646572070E41434953203231382E3030204E540718467269204175672030322030333A31313A3430203230323406000000000000F03F0648AFBC9AF2D77A3E06
310
BBBDD7D9DF7CDB3D0D04626F64790CFFFFFFFF04FFFFFFFF0CFFFFFFFF0C0A0000000CFFFFFFFF0CFFFFFFFF110D05706F696E740CFFFFFFFF04FFFFFFFF0CFFFFFFFF13A88CDA58645B5040F3FDD478E98639400000000000000000110D067665727465780CFFFFFFFF04FFFFFFFF0CFFFFFFFF0C0400000004020000000C
310
01000000110E07656C6C697073650D0563757276650CFFFFFFFF04FFFFFFFF0CFFFFFFFF136E1283C0CA515040F3FDD478E986394000000000000000001400000000000000000000000000000000000000000000F03F14B174F4AE3033C33F0000000000000000000000000000008006000000000000F03F0B0B110D046564
310
67650CFFFFFFFF04FFFFFFFF0CFFFFFFFF0C020000000600000000000000000C0200000006182D4454FB2119400C050000000C030000000B0707756E6B6E6F776E110D06636F656467650CFFFFFFFF04FFFFFFFF0CFFFFFFFF0C050000000C050000000CFFFFFFFF0C040000000B0C0600000004000000000CFFFFFFFF110D
310
046C6F6F700CFFFFFFFF04FFFFFFFF0CFFFFFFFF0CFFFFFFFF0C050000000C08000000110E05706C616E650D07737572666163650CFFFFFFFF04FFFFFFFF0CFFFFFFFF13515557F4FD4C5040F3FDD478E986394000000000000000001400000000000000800000000000000000000000000000F03F14000000000000F03F00
310
0000000000000000000000000000000B0B0B0B0B110D04666163650CFFFFFFFF04FFFFFFFF0CFFFFFFFF0CFFFFFFFF0C060000000C090000000CFFFFFFFF0C070000000B0A0B110D057368656C6C0CFFFFFFFF04FFFFFFFF0CFFFFFFFF0CFFFFFFFF0CFFFFFFFF0C080000000CFFFFFFFF0C0A000000110D046C756D700CFF
310
FFFFFF04FFFFFFFF0CFFFFFFFF0CFFFFFFFF0C090000000C00000000110E03456E640E026F660E0341534D0D0464617461
  0
ACDSRECORD
 90
        1
  2
AcDbDs::ID
280
    10
320
100
  2
ASM_Data
280
    15
 94
      811
310
414349532042696E61727946696C652855000000000000010000000C00000007214F70656E2044657369676E20416C6C69616E63652041434953204275696C646572070E41434953203231382E3030204E540718467269204175672030322030333A31313A3430203230323406000000000000F03F0648AFBC9AF2D77A3E06
310
BBBDD7D9DF7CDB3D0D04626F64790CFFFFFFFF04FFFFFFFF0CFFFFFFFF0C0A0000000CFFFFFFFF0CFFFFFFFF110D05706F696E740CFFFFFFFF04FFFFFFFF0CFFFFFFFF13A0945A39C5064D4075E16A110F6437400000000000000000110D067665727465780CFFFFFFFF04FFFFFFFF0CFFFFFFFF0C0400000004020000000C
310
01000000110E07656C6C697073650D0563757276650CFFFFFFFF04FFFFFFFF0CFFFFFFFF132BA0AB0892F34C4075E16A110F64374000000000000000001400000000000000000000000000000000000000000000F03F14B174F4AE3033C33F0000000000000000000000000000008006000000000000F03F0B0B110D046564
310
67650CFFFFFFFF04FFFFFFFF0CFFFFFFFF0C020000000600000000000000000C0200000006182D4454FB2119400C050000000C030000000B0707756E6B6E6F776E110D06636F656467650CFFFFFFFF04FFFFFFFF0CFFFFFFFF0C050000000C050000000CFFFFFFFF0C040000000B0C0600000004000000000CFFFFFFFF110D
310
046C6F6F700CFFFFFFFF04FFFFFFFF0CFFFFFFFF0CFFFFFFFF0C050000000C08000000110E05706C616E650D07737572666163650CFFFFFFFF04FFFFFFFF0CFFFFFFFF13F1255470F8E94C4075E16A110F64374000000000000000001400000000000000800000000000000000000000000000F03F14000000000000F03F00
310
0000000000000000000000000000000B0B0B0B0B110D04666163650CFFFFFFFF04FFFFFFFF0CFFFFFFFF0CFFFFFFFF0C060000000C090000000CFFFFFFFF0C070000000B0A0B110D057368656C6C0CFFFFFFFF04FFFFFFFF0CFFFFFFFF0CFFFFFFFF0CFFFFFFFF0C080000000CFFFFFFFF0C0A000000110D046C756D700CFF
310
FFFFFF04FFFFFFFF0CFFFFFFFF0CFFFFFFFF0C090000000C00000000110E03456E640E026F660E0341534D0D0464617461
  0
ACDSRECORD
 90
        1
  2
AcDbDs::ID
280
    10
320
103
  2
ASM_Data
280
    15
 94
      811
310
414349532042696E61727946696C652855000000000000010000000C00000007214F70656E2044657369676E20416C6C69616E63652041434953204275696C646572070E41434953203231382E3030204E540718467269204175672030322030333A31313A3430203230323406000000000000F03F0648AFBC9AF2D77A3E06
310
BBBDD7D9DF7CDB3D0D04626F64790CFFFFFFFF04FFFFFFFF0CFFFFFFFF0C0A0000000CFFFFFFFF0CFFFFFFFF110D05706F696E740CFFFFFFFF04FFFFFFFF0CFFFFFFFF130A45BA9F535353408E963DE85D6132400000000000000000110D067665727465780CFFFFFFFF04FFFFFFFF0CFFFFFFFF0C0400000004020000000C
310
01000000110E07656C6C697073650D0563757276650CFFFFFFFF04FFFFFFFF0CFFFFFFFF13D0CA6207BA4953408E963DE85D61324000000000000000001400000000000000000000000000000000000000000000F03F14B174F4AE3033C33F0000000000000000000000000000008006000000000000F03F0B0B110D046564
310
67650CFFFFFFFF04FFFFFFFF0CFFFFFFFF0C020000000600000000000000000C0200000006182D4454FB2119400C050000000C030000000B0707756E6B6E6F776E110D06636F656467650CFFFFFFFF04FFFFFFFF0CFFFFFFFF0C050000000C050000000CFFFFFFFF0C040000000B0C0600000004000000000CFFFFFFFF110D
310
046C6F6F700CFFFFFFFF04FFFFFFFF0CFFFFFFFF0CFFFFFFFF0C050000000C08000000110E05706C616E650D07737572666163650CFFFFFFFF04FFFFFFFF0CFFFFFFFF13B30D373BED4453408E963DE85D61324000000000000000001400000000000000800000000000000000000000000000F03F14000000000000F03F00
310
0000000000000000000000000000000B0B0B0B0B110D04666163650CFFFFFFFF04FFFFFFFF0CFFFFFFFF0CFFFFFFFF0C060000000C090000000CFFFFFFFF0C070000000B0A0B110D057368656C6C0CFFFFFFFF04FFFFFFFF0CFFFFFFFF0CFFFFFFFF0CFFFFFFFF0C080000000CFFFFFFFF0C0A000000110D046C756D700CFF
310
FFFFFF04FFFFFFFF0CFFFFFFFF0CFFFFFFFF0C090000000C00000000110E03456E640E026F660E0341534D0D0464617461
  0
ACDSRECORD
 90
        1
  2
AcDbDs::ID
280
    10
320
106
  2
ASM_Data
280
    15
 94
      811
310
414349532042696E61727946696C652855000000000000010000000C00000007214F70656E2044657369676E20416C6C69616E63652041434953204275696C646572070E41434953203231382E3030204E540718467269204175672030322030333A31313A3430203230323406000000000000F03F0648AFBC9AF2D77A3E06
310
BBBDD7D9DF7CDB3D0D04626F64790CFFFFFFFF04FFFFFFFF0CFFFFFFFF0C0A0000000CFFFFFFFF0CFFFFFFFF110D05706F696E740CFFFFFFFF04FFFFFFFF0CFFFFFFFF135F6CE71CB87F5340A738CC9F88402C400000000000000000110D067665727465780CFFFFFFFF04FFFFFFFF0CFFFFFFFF0C0400000004020000000C
310
01000000110E07656C6C697073650D0563757276650CFFFFFFFF04FFFFFFFF0CFFFFFFFF1325F28F841E765340A738CC9F88402C4000000000000000001400000000000000000000000000000000000000000000F03F14B174F4AE3033C33F0000000000000000000000000000008006000000000000F03F0B0B110D046564
310
67650CFFFFFFFF04FFFFFFFF0CFFFFFFFF0C020000000600000000000000000C0200000006182D4454FB2119400C050000000C030000000B0707756E6B6E6F776E110D06636F656467650CFFFFFFFF04FFFFFFFF0CFFFFFFFF0C050000000C050000000CFFFFFFFF0C040000000B0C0600000004000000000CFFFFFFFF110D
310
046C6F6F700CFFFFFFFF04FFFFFFFF0CFFFFFFFF0CFFFFFFFF0C050000000C08000000110E05706C616E650D07737572666163650CFFFFFFFF04FFFFFFFF0CFFFFFFFF13083564B851715340A738CC9F88402C4000000000000000001400000000000000800000000000000000000000000000F03F14000000000000F03F00
310
0000000000000000000000000000000B0B0B0B0B110D04666163650CFFFFFFFF04FFFFFFFF0CFFFFFFFF0CFFFFFFFF0C060000000C090000000CFFFFFFFF0C070000000B0A0B110D057368656C6C0CFFFFFFFF04FFFFFFFF0CFFFFFFFF0CFFFFFFFF0CFFFFFFFF0C080000000CFFFFFFFF0C0A000000110D046C756D700CFF
310
FFFFFF04FFFFFFFF0CFFFFFFFF0CFFFFFFFF0C090000000C00000000110E03456E640E026F660E0341534D0D0464617461
  0
ACDSRECORD
 90
        1
  2
AcDbDs::ID
280
    10
320
109
  2
ASM_Data
280
    15
 94
      811
310
414349532042696E61727946696C652855000000000000010000000C00000007214F70656E2044657369676E20416C6C69616E63652041434953204275696C646572070E41434953203231382E3030204E540718467269204175672030322030333A31313A3430203230323406000000000000F03F0648AFBC9AF2D77A3E06
310
BBBDD7D9DF7CDB3D0D04626F64790CFFFFFFFF04FFFFFFFF0CFFFFFFFF0C0A0000000CFFFFFFFF0CFFFFFFFF110D05706F696E740CFFFFFFFF04FFFFFFFF0CFFFFFFFF13C4F4D62381FD5040ABDB2CA0482E10400000000000000000110D067665727465780CFFFFFFFF04FFFFFFFF0CFFFFFFFF0C0400000004020000000C
310
01000000110E07656C6C697073650D0563757276650CFFFFFFFF04FFFFFFFF0CFFFFFFFF138A7A7F8BE7F35040ABDB2CA0482E104000000000000000001400000000000000000000000000000000000000000000F03F14B174F4AE3033C33F0000000000000000000000000000008006000000000000F03F0B0B110D046564
310
67650CFFFFFFFF04FFFFFFFF0CFFFFFFFF0C020000000600000000000000000C0200000006182D4454FB2119400C050000000C030000000B0707756E6B6E6F776E110D06636F656467650CFFFFFFFF04FFFFFFFF0CFFFFFFFF0C050000000C050000000CFFFFFFFF0C040000000B0C0600000004000000000CFFFFFFFF110D
310
046C6F6F700CFFFFFFFF04FFFFFFFF0CFFFFFFFF0CFFFFFFFF0C050000000C08000000110E05706C616E650D07737572666163650CFFFFFFFF04FFFFFFFF0CFFFFFFFF136DBD53BF1AEF5040ABDB2CA0482E104000000000000000001400000000000000800000000000000000000000000000F03F14000000000000F03F00
310
0000000000000000000000000000000B0B0B0B0B110D04666163650CFFFFFFFF04FFFFFFFF0CFFFFFFFF0CFFFFFFFF0C060000000C090000000CFFFFFFFF0C070000000B0A0B110D057368656C6C0CFFFFFFFF04FFFFFFFF0CFFFFFFFF0CFFFFFFFF0CFFFFFFFF0C080000000CFFFFFFFF0C0A000000110D046C756D700CFF
310
FFFFFF04FFFFFFFF0CFFFFFFFF0CFFFFFFFF0C090000000C00000000110E03456E640E026F660E0341534D0D0464617461
  0
ACDSRECORD
 90
        1
  2
AcDbDs::ID
280
    10
320
10C
  2
ASM_Data
280
    15
 94
      811
310
414349532042696E61727946696C652855000000000000010000000C00000007214F70656E2044657369676E20416C6C69616E63652041434953204275696C646572070E41434953203231382E3030204E540718467269204175672030322030333A31313A3430203230323406000000000000F03F0648AFBC9AF2D77A3E06
310
BBBDD7D9DF7CDB3D0D04626F64790CFFFFFFFF04FFFFFFFF0CFFFFFFFF0C0A0000000CFFFFFFFF0CFFFFFFFF110D05706F696E740CFFFFFFFF04FFFFFFFF0CFFFFFFFF136DB62C3E89902D40C975CF91C7D9F23F0000000000000000110D067665727465780CFFFFFFFF04FFFFFFFF0CFFFFFFFF0C0400000004020000000C
310
01000000110E07656C6C697073650D0563757276650CFFFFFFFF04FFFFFFFF0CFFFFFFFF139AE4707BBC432D40C975CF91C7D9F23F00000000000000001400000000000000000000000000000000000000000000F03F14B174F4AE3033C33F0000000000000000000000000000008006000000000000F03F0B0B110D046564
310
67650CFFFFFFFF04FFFFFFFF0CFFFFFFFF0C020000000600000000000000000C0200000006182D4454FB2119400C050000000C030000000B0707756E6B6E6F776E110D06636F656467650CFFFFFFFF04FFFFFFFF0CFFFFFFFF0C050000000C050000000CFFFFFFFF0C040000000B0C0600000004000000000CFFFFFFFF110D
310
046C6F6F700CFFFFFFFF04FFFFFFFF0CFFFFFFFF0CFFFFFFFF0C050000000C08000000110E05706C616E650D07737572666163650CFFFFFFFF04FFFFFFFF0CFFFFFFFF13B1FB121A561D2D40C975CF91C7D9F23F00000000000000001400000000000000800000000000000000000000000000F03F14000000000000F03F00
310
0000000000000000000000000000000B0B0B0B0B110D04666163650CFFFFFFFF04FFFFFFFF0CFFFFFFFF0CFFFFFFFF0C060000000C090000000CFFFFFFFF0C070000000B0A0B110D057368656C6C0CFFFFFFFF04FFFFFFFF0CFFFFFFFF0CFFFFFFFF0CFFFFFFFF0C080000000CFFFFFFFF0C0A000000110D046C756D700CFF
310
FFFFFF04FFFFFFFF0CFFFFFFFF0CFFFFFFFF0C090000000C00000000110E03456E640E026F660E0341534D0D0464617461
  0
ACDSRECORD
 90
        1
  2
AcDbDs::ID
280
    10
320
10F
  2
ASM_Data
280
    15
 94
      811
310
414349532042696E61727946696C652855000000000000010000000C00000007214F70656E2044657369676E20416C6C69616E63652041434953204275696C646572070E41434953203231382E3030204E540718467269204175672030322030333A31313A3430203230323406000000000000F03F0648AFBC9AF2D77A3E06
310
BBBDD7D9DF7CDB3D0D04626F64790CFFFFFFFF04FFFFFFFF0CFFFFFFFF0C0A0000000CFFFFFFFF0CFFFFFFFF110D05706F696E740CFFFFFFFF04FFFFFFFF0CFFFFFFFF13CE8D44C3BDC931406E51A02ED60006400000000000000000110D067665727465780CFFFFFFFF04FFFFFFFF0CFFFFFFFF0C0400000004020000000C
310
01000000110E07656C6C697073650D0563757276650CFFFFFFFF04FFFFFFFF0CFFFFFFFF13E5A4E66157A331406E51A02ED600064000000000000000001400000000000000000000000000000000000000000000F03F14B174F4AE3033C33F0000000000000000000000000000008006000000000000F03F0B0B110D046564
310
67650CFFFFFFFF04FFFFFFFF0CFFFFFFFF0C020000000600000000000000000C0200000006182D4454FB2119400C050000000C030000000B0707756E6B6E6F776E110D06636F656467650CFFFFFFFF04FFFFFFFF0CFFFFFFFF0C050000000C050000000CFFFFFFFF0C040000000B0C0600000004000000000CFFFFFFFF110D
310
046C6F6F700CFFFFFFFF04FFFFFFFF0CFFFFFFFF0CFFFFFFFF0C050000000C08000000110E05706C616E650D07737572666163650CFFFFFFFF04FFFFFFFF0CFFFFFFFF1370B03731249031406E51A02ED600064000000000000000001400000000000000800000000000000000000000000000F03F14000000000000F03F00
310
0000000000000000000000000000000B0B0B0B0B110D04666163650CFFFFFFFF04FFFFFFFF0CFFFFFFFF0CFFFFFFFF0C060000000C090000000CFFFFFFFF0C070000000B0A0B110D057368656C6C0CFFFFFFFF04FFFFFFFF0CFFFFFFFF0CFFFFFFFF0CFFFFFFFF0C080000000CFFFFFFFF0C0A000000110D046C756D700CFF
310
FFFFFF04FFFFFFFF0CFFFFFFFF0CFFFFFFFF0C090000000C00000000110E03456E640E026F660E0341534D0D0464617461
  0
ACDSRECORD
 90
        1
  2
AcDbDs::ID
280
    10
320
112
  2
ASM_Data
280
    15
 94
      811
310
414349532042696E61727946696C652855000000000000010000000C00000007214F70656E2044657369676E20416C6C69616E63652041434953204275696C646572070E41434953203231382E3030204E540718467269204175672030322030333A31313A3430203230323406000000000000F03F0648AFBC9AF2D77A3E06
310
BBBDD7D9DF7CDB3D0D04626F64790CFFFFFFFF04FFFFFFFF0CFFFFFFFF0C0A0000000CFFFFFFFF0CFFFFFFFF110D05706F696E740CFFFFFFFF04FFFFFFFF0CFFFFFFFF13CF49CE0D76943540B430135EE56D19400000000000000000110D067665727465780CFFFFFFFF04FFFFFFFF0CFFFFFFFF0C0400000004020000000C
310
01000000110E07656C6C697073650D0563757276650CFFFFFFFF04FFFFFFFF0CFFFFFFFF13E66070AC0F6E3540B430135EE56D194000000000000000001400000000000000000000000000000000000000000000F03F14B174F4AE3033C33F0000000000000000000000000000008006000000000000F03F0B0B110D046564
310
67650CFFFFFFFF04FFFFFFFF0CFFFFFFFF0C020000000600000000000000000C0200000006182D4454FB2119400C050000000C030000000B0707756E6B6E6F776E110D06636F656467650CFFFFFFFF04FFFFFFFF0CFFFFFFFF0C050000000C050000000CFFFFFFFF0C040000000B0C0600000004000000000CFFFFFFFF110D
310
046C6F6F700CFFFFFFFF04FFFFFFFF0CFFFFFFFF0CFFFFFFFF0C050000000C08000000110E05706C616E650D07737572666163650CFFFFFFFF04FFFFFFFF0CFFFFFFFF13716CC17BDC5A3540B430135EE56D194000000000000000001400000000000000800000000000000000000000000000F03F14000000000000F03F00
310
0000000000000000000000000000000B0B0B0B0B110D04666163650CFFFFFFFF04FFFFFFFF0CFFFFFFFF0CFFFFFFFF0C060000000C090000000CFFFFFFFF0C070000000B0A0B110D057368656C6C0CFFFFFFFF04FFFFFFFF0CFFFFFFFF0CFFFFFFFF0CFFFFFFFF0C080000000CFFFFFFFF0C0A000000110D046C756D700CFF
310
FFFFFF04FFFFFFFF0CFFFFFFFF0CFFFFFFFF0C090000000C00000000110E03456E640E026F660E0341534D0D0464617461
  0
ACDSRECORD
 90
        1
  2
AcDbDs::ID
280
    10
320
115
  2
ASM_Data
280
    15
 94
      811
310
414349532042696E61727946696C652855000000000000010000000C00000007214F70656E2044657369676E20416C6C69616E63652041434953204275696C646572070E41434953203231382E3030204E540718467269204175672030322030333A31313A3430203230323406000000000000F03F0648AFBC9AF2D77A3E06
310
BBBDD7D9DF7CDB3D0D04626F64790CFFFFFFFF04FFFFFFFF0CFFFFFFFF0C0A0000000CFFFFFFFF0CFFFFFFFF110D05706F696E740CFFFFFFFF04FFFFFFFF0CFFFFFFFF1336EC1062DB782D4001D560964D2B1A400000000000000000110D067665727465780CFFFFFFFF04FFFFFFFF0CFFFFFFFF0C0400000004020000000C
310
01000000110E07656C6C697073650D0563757276650CFFFFFFFF04FFFFFFFF0CFFFFFFFF13631A559F0E2C2D4001D560964D2B1A4000000000000000001400000000000000000000000000000000000000000000F03F14B174F4AE3033C33F0000000000000000000000000000008006000000000000F03F0B0B110D046564
310
67650CFFFFFFFF04FFFFFFFF0CFFFFFFFF0C020000000600000000000000000C0200000006182D4454FB2119400C050000000C030000000B0707756E6B6E6F776E110D06636F656467650CFFFFFFFF04FFFFFFFF0CFFFFFFFF0C050000000C050000000CFFFFFFFF0C040000000B0C0600000004000000000CFFFFFFFF110D
310
046C6F6F700CFFFFFFFF04FFFFFFFF0CFFFFFFFF0CFFFFFFFF0C050000000C08000000110E05706C616E650D07737572666163650CFFFFFFFF04FFFFFFFF0CFFFFFFFF137A31F73DA8052D4001D560964D2B1A4000000000000000001400000000000000800000000000000000000000000000F03F14000000000000F03F00
310
0000000000000000000000000000000B0B0B0B0B110D04666163650CFFFFFFFF04FFFFFFFF0CFFFFFFFF0CFFFFFFFF0C060000000C090000000CFFFFFFFF0C070000000B0A0B110D057368656C6C0CFFFFFFFF04FFFFFFFF0CFFFFFFFF0CFFFFFFFF0CFFFFFFFF0C080000000CFFFFFFFF0C0A000000110D046C756D700CFF
310
FFFFFF04FFFFFFFF0CFFFFFFFF0CFFFFFFFF0C090000000C00000000110E03456E640E026F660E0341534D0D0464617461
  0
ACDSRECORD
 90
        1
  2
AcDbDs::ID
280
    10
320
118
  2
ASM_Data
280
    15
 94
      811
310
414349532042696E61727946696C652855000000000000010000000C00000007214F70656E2044657369676E20416C6C69616E63652041434953204275696C646572070E41434953203231382E3030204E540718467269204175672030322030333A31313A3430203230323406000000000000F03F0648AFBC9AF2D77A3E06
310
BBBDD7D9DF7CDB3D0D04626F64790CFFFFFFFF04FFFFFFFF0CFFFFFFFF0C0A0000000CFFFFFFFF0CFFFFFFFF110D05706F696E740CFFFFFFFF04FFFFFFFF0CFFFFFFFF13ED84F299476112404B378941602529400000000000000000110D067665727465780CFFFFFFFF04FFFFFFFF0CFFFFFFFF0C0400000004020000000C
310
01000000110E07656C6C697073650D0563757276650CFFFFFFFF04FFFFFFFF0CFFFFFFFF1347E17A14AEC711404B3789416025294000000000000000001400000000000000000000000000000000000000000000F03F14B174F4AE3033C33F0000000000000000000000000000008006000000000000F03F0B0B110D046564
310
67650CFFFFFFFF04FFFFFFFF0CFFFFFFFF0C020000000600000000000000000C0200000006182D4454FB2119400C050000000C030000000B0707756E6B6E6F776E110D06636F656467650CFFFFFFFF04FFFFFFFF0CFFFFFFFF0C050000000C050000000CFFFFFFFF0C040000000B0C0600000004000000000CFFFFFFFF110D
310
046C6F6F700CFFFFFFFF04FFFFFFFF0CFFFFFFFF0CFFFFFFFF0C050000000C08000000110E05706C616E650D07737572666163650CFFFFFFFF04FFFFFFFF0CFFFFFFFF13740FBF51E17A11404B3789416025294000000000000000001400000000000000800000000000000000000000000000F03F14000000000000F03F00
310
0000000000000000000000000000000B0B0B0B0B110D04666163650CFFFFFFFF04FFFFFFFF0CFFFFFFFF0CFFFFFFFF0C060000000C090000000CFFFFFFFF0C070000000B0A0B110D057368656C6C0CFFFFFFFF04FFFFFFFF0CFFFFFFFF0CFFFFFFFF0CFFFFFFFF0C080000000CFFFFFFFF0C0A000000110D046C756D700CFF
310
FFFFFF04FFFFFFFF0CFFFFFFFF0CFFFFFFFF0C090000000C00000000110E03456E640E026F660E0341534D0D0464617461
  0
ACDSRECORD
 90
        1
  2
AcDbDs::ID
280
    10
320
11B
  2
ASM_Data
280
    15
 94
      811
310
414349532042696E61727946696C652855000000000000010000000C00000007214F70656E2044657369676E20416C6C69616E63652041434953204275696C646572070E41434953203231382E3030204E540718467269204175672030322030333A31313A3430203230323406000000000000F03F0648AFBC9AF2D77A3E06
310
BBBDD7D9DF7CDB3D0D04626F64790CFFFFFFFF04FFFFFFFF0CFFFFFFFF0C0A0000000CFFFFFFFF0CFFFFFFFF110D05706F696E740CFFFFFFFF04FFFFFFFF0CFFFFFFFF13BA0B395BE5903A40BC749318045625400000000000000000110D067665727465780CFFFFFFFF04FFFFFFFF0CFFFFFFFF0C0400000004020000000C
310
01000000110E07656C6C697073650D0563757276650CFFFFFFFF04FFFFFFFF0CFFFFFFFF13D122DBF97E6A3A40BC7493180456254000000000000000001400000000000000000000000000000000000000000000F03F14B174F4AE3033C33F0000000000000000000000000000008006000000000000F03F0B0B110D046564
310
67650CFFFFFFFF04FFFFFFFF0CFFFFFFFF0C020000000600000000000000000C0200000006182D4454FB2119400C050000000C030000000B0707756E6B6E6F776E110D06636F656467650CFFFFFFFF04FFFFFFFF0CFFFFFFFF0C050000000C050000000CFFFFFFFF0C040000000B0C0600000004000000000CFFFFFFFF110D
310
046C6F6F700CFFFFFFFF04FFFFFFFF0CFFFFFFFF0CFFFFFFFF0C050000000C08000000110E05706C616E650D07737572666163650CFFFFFFFF04FFFFFFFF0CFFFFFFFF135C2E2CC94B573A40BC7493180456254000000000000000001400000000000000800000000000000000000000000000F03F14000000000000F03F00
310
0000000000000000000000000000000B0B0B0B0B110D04666163650CFFFFFFFF04FFFFFFFF0CFFFFFFFF0CFFFFFFFF0C060000000C090000000CFFFFFFFF0C070000000B0A0B110D057368656C6C0CFFFFFFFF04FFFFFFFF0CFFFFFFFF0CFFFFFFFF0CFFFFFFFF0C080000000CFFFFFFFF0C0A000000110D046C756D700CFF
310
FFFFFF04FFFFFFFF0CFFFFFFFF0CFFFFFFFF0C090000000C00000000110E03456E640E026F660E0341534D0D0464617461
  0
ACDSRECORD
 90
        1
  2
AcDbDs::ID
280
    10
320
11E
  2
ASM_Data
280
    15
 94
      811
310
414349532042696E61727946696C652855000000000000010000000C00000007214F70656E2044657369676E20416C6C69616E63652041434953204275696C646572070E41434953203231382E3030204E540718467269204175672030322030333A31313A3430203230323406000000000000F03F0648AFBC9AF2D77A3E06
310
BBBDD7D9DF7CDB3D0D04626F64790CFFFFFFFF04FFFFFFFF0CFFFFFFFF0C0A0000000CFFFFFFFF0CFFFFFFFF110D05706F696E740CFFFFFFFF04FFFFFFFF0CFFFFFFFF130EB10B5064BB2B40D122DBF97E6A2A400000000000000000110D067665727465780CFFFFFFFF04FFFFFFFF0CFFFFFFFF0C0400000004020000000C
310
01000000110E07656C6C697073650D0563757276650CFFFFFFFF04FFFFFFFF0CFFFFFFFF133BDF4F8D976E2B40D122DBF97E6A2A4000000000000000001400000000000000000000000000000000000000000000F03F14B174F4AE3033C33F0000000000000000000000000000008006000000000000F03F0B0B110D046564
310
67650CFFFFFFFF04FFFFFFFF0CFFFFFFFF0C020000000600000000000000000C0200000006182D4454FB2119400C050000000C030000000B0707756E6B6E6F776E110D06636F656467650CFFFFFFFF04FFFFFFFF0CFFFFFFFF0C050000000C050000000CFFFFFFFF0C040000000B0C0600000004000000000CFFFFFFFF110D
310
046C6F6F700CFFFFFFFF04FFFFFFFF0CFFFFFFFF0CFFFFFFFF0C050000000C08000000110E05706C616E650D07737572666163650CFFFFFFFF04FFFFFFFF0CFFFFFFFF1352F6F12B31482B40D122DBF97E6A2A4000000000000000001400000000000000800000000000000000000000000000F03F14000000000000F03F00
310
0000000000000000000000000000000B0B0B0B0B110D04666163650CFFFFFFFF04FFFFFFFF0CFFFFFFFF0CFFFFFFFF0C060000000C090000000CFFFFFFFF0C070000000B0A0B110D057368656C6C0CFFFFFFFF04FFFFFFFF0CFFFFFFFF0CFFFFFFFF0CFFFFFFFF0C080000000CFFFFFFFF0C0A000000110D046C756D700CFF
310
FFFFFF04FFFFFFFF0CFFFFFFFF0CFFFFFFFF0C090000000C00000000110E03456E640E026F660E0341534D0D0464617461
  0
ACDSRECORD
 90
        1
  2
AcDbDs::ID
280
    10
320
121
  2
ASM_Data
280
    15
 94
      811
310
414349532042696E61727946696C652855000000000000010000000C00000007214F70656E2044657369676E20416C6C69616E63652041434953204275696C646572070E41434953203231382E3030204E540718467269204175672030322030333A31313A3430203230323406000000000000F03F0648AFBC9AF2D77A3E06
310
BBBDD7D9DF7CDB3D0D04626F64790CFFFFFFFF04FFFFFFFF0CFFFFFFFF0C0A0000000CFFFFFFFF0CFFFFFFFF110D05706F696E740CFFFFFFFF04FFFFFFFF0CFFFFFFFF131AAB6264A8AA3A400A1D096E83F242400000000000000000110D067665727465780CFFFFFFFF04FFFFFFFF0CFFFFFFFF0C0400000004020000000C
310
01000000110E07656C6C697073650D0563757276650CFFFFFFFF04FFFFFFFF0CFFFFFFFF1331C2040342843A400A1D096E83F2424000000000000000001400000000000000000000000000000000000000000000F03F14B174F4AE3033C33F0000000000000000000000000000008006000000000000F03F0B0B110D046564
310
67650CFFFFFFFF04FFFFFFFF0CFFFFFFFF0C020000000600000000000000000C0200000006182D4454FB2119400C050000000C030000000B0707756E6B6E6F776E110D06636F656467650CFFFFFFFF04FFFFFFFF0CFFFFFFFF0C050000000C050000000CFFFFFFFF0C040000000B0C0600000004000000000CFFFFFFFF110D
310
046C6F6F700CFFFFFFFF04FFFFFFFF0CFFFFFFFF0CFFFFFFFF0C050000000C08000000110E05706C616E650D07737572666163650CFFFFFFFF04FFFFFFFF0CFFFFFFFF13BCCD55D20E713A400A1D096E83F2424000000000000000001400000000000000800000000000000000000000000000F03F14000000000000F03F00
310
0000000000000000000000000000000B0B0B0B0B110D04666163650CFFFFFFFF04FFFFFFFF0CFFFFFFFF0CFFFFFFFF0C060000000C090000000CFFFFFFFF0C070000000B0A0B110D057368656C6C0CFFFFFFFF04FFFFFFFF0CFFFFFFFF0CFFFFFFFF0CFFFFFFFF0C080000000CFFFFFFFF0C0A000000110D046C756D700CFF
310
FFFFFF04FFFFFFFF0CFFFFFFFF0CFFFFFFFF0C090000000C00000000110E03456E640E026F660E0341534D0D0464617461
  0
ACDSRECORD
 90
        1
  2
AcDbDs::ID
280
    10
320
124
  2
ASM_Data
280
    15
 94
      811
310
414349532042696E61727946696C652855000000000000010000000C00000007214F70656E2044657369676E20416C6C69616E63652041434953204275696C646572070E41434953203231382E3030204E540718467269204175672030322030333A31313A3430203230323406000000000000F03F0648AFBC9AF2D77A3E06
310
BBBDD7D9DF7CDB3D0D04626F64790CFFFFFFFF04FFFFFFFF0CFFFFFFFF0C0A0000000CFFFFFFFF0CFFFFFFFF110D05706F696E740CFFFFFFFF04FFFFFFFF0CFFFFFFFF138E03F1B20DFB41408D37019F82303F400000000000000000110D067665727465780CFFFFFFFF04FFFFFFFF0CFFFFFFFF0C0400000004020000000C
310
01000000110E07656C6C697073650D0563757276650CFFFFFFFF04FFFFFFFF0CFFFFFFFF13190F4282DAE741408D37019F82303F4000000000000000001400000000000000000000000000000000000000000000F03F14B174F4AE3033C33F0000000000000000000000000000008006000000000000F03F0B0B110D046564
310
67650CFFFFFFFF04FFFFFFFF0CFFFFFFFF0C020000000600000000000000000C0200000006182D4454FB2119400C050000000C030000000B0707756E6B6E6F776E110D06636F656467650CFFFFFFFF04FFFFFFFF0CFFFFFFFF0C050000000C050000000CFFFFFFFF0C040000000B0C0600000004000000000CFFFFFFFF110D
310
046C6F6F700CFFFFFFFF04FFFFFFFF0CFFFFFFFF0CFFFFFFFF0C050000000C08000000110E05706C616E650D07737572666163650CFFFFFFFF04FFFFFFFF0CFFFFFFFF13DF94EAE940DE41408D37019F82303F4000000000000000001400000000000000800000000000000000000000000000F03F14000000000000F03F00
310
0000000000000000000000000000000B0B0B0B0B110D04666163650CFFFFFFFF04FFFFFFFF0CFFFFFFFF0CFFFFFFFF0C060000000C090000000CFFFFFFFF0C070000000B0A0B110D057368656C6C0CFFFFFFFF04FFFFFFFF0CFFFFFFFF0CFFFFFFFF0CFFFFFFFF0C080000000CFFFFFFFF0C0A000000110D046C756D700CFF
310
FFFFFF04FFFFFFFF0CFFFFFFFF0CFFFFFFFF0C090000000C00000000110E03456E640E026F660E0341534D0D0464617461
  0
ACDSRECORD
 90
        1
  2
AcDbDs::ID
280
    10
320
127
  2
ASM_Data
280
    15
 94
      811
310
414349532042696E61727946696C652855000000000000010000000C00000007214F70656E2044657369676E20416C6C69616E63652041434953204275696C646572070E41434953203231382E3030204E540718467269204175672030322030333A31313A3430203230323406000000000000F03F0648AFBC9AF2D77A3E06
310
BBBDD7D9DF7CDB3D0D04626F64790CFFFFFFFF04FFFFFFFF0CFFFFFFFF0C0A0000000CFFFFFFFF0CFFFFFFFF110D05706F696E740CFFFFFFFF04FFFFFFFF0CFFFFFFFF136145D3FAD7674A407990436914CF41400000000000000000110D067665727465780CFFFFFFFF04FFFFFFFF0CFFFFFFFF0C0400000004020000000C
310
01000000110E07656C6C697073650D0563757276650CFFFFFFFF04FFFFFFFF0CFFFFFFFF13EC5024CAA4544A407990436914CF414000000000000000001400000000000000000000000000000000000000000000F03F14B174F4AE3033C33F0000000000000000000000000000008006000000000000F03F0B0B110D046564
310
67650CFFFFFFFF04FFFFFFFF0CFFFFFFFF0C020000000600000000000000000C0200000006182D4454FB2119400C050000000C030000000B0707756E6B6E6F776E110D06636F656467650CFFFFFFFF04FFFFFFFF0CFFFFFFFF0C050000000C050000000CFFFFFFFF0C040000000B0C0600000004000000000CFFFFFFFF110D
310
046C6F6F700CFFFFFFFF04FFFFFFFF0CFFFFFFFF0CFFFFFFFF0C050000000C08000000110E05706C616E650D07737572666163650CFFFFFFFF04FFFFFFFF0CFFFFFFFF13B2D6CC310B4B4A407990436914CF414000000000000000001400000000000000800000000000000000000000000000F03F14000000000000F03F00
310
0000000000000000000000000000000B0B0B0B0B110D04666163650CFFFFFFFF04FFFFFFFF0CFFFFFFFF0CFFFFFFFF0C060000000C090000000CFFFFFFFF0C070000000B0A0B110D057368656C6C0CFFFFFFFF04FFFFFFFF0CFFFFFFFF0CFFFFFFFF0CFFFFFFFF0C080000000CFFFFFFFF0C0A000000110D046C756D700CFF
310
FFFFFF04FFFFFFFF0CFFFFFFFF0CFFFFFFFF0C090000000C00000000110E03456E640E026F660E0341534D0D0464617461
  0
ACDSRECORD
 90
        1
  2
AcDbDs::ID
280
    10
320
12A
  2
ASM_Data
280
    15
 94
      811
310
414349532042696E61727946696C652855000000000000010000000C00000007214F70656E2044657369676E20416C6C69616E63652041434953204275696C646572070E41434953203231382E3030204E540718467269204175672030322030333A31313A3430203230323406000000000000F03F0648AFBC9AF2D77A3E06
310
BBBDD7D9DF7CDB3D0D04626F64790CFFFFFFFF04FFFFFFFF0CFFFFFFFF0C0A0000000CFFFFFFFF0CFFFFFFFF110D05706F696E740CFFFFFFFF04FFFFFFFF0CFFFFFFFF1329E6E63CDF184A40733D97CA572943400000000000000000110D067665727465780CFFFFFFFF04FFFFFFFF0CFFFFFFFF0C0400000004020000000C
310
01000000110E07656C6C697073650D0563757276650CFFFFFFFF04FFFFFFFF0CFFFFFFFF13B4F1370CAC054A40733D97CA5729434000000000000000001400000000000000000000000000000000000000000000F03F14B174F4AE3033C33F0000000000000000000000000000008006000000000000F03F0B0B110D046564
310
67650CFFFFFFFF04FFFFFFFF0CFFFFFFFF0C020000000600000000000000000C0200000006182D4454FB2119400C050000000C030000000B0707756E6B6E6F776E110D06636F656467650CFFFFFFFF04FFFFFFFF0CFFFFFFFF0C050000000C050000000CFFFFFFFF0C040000000B0C0600000004000000000CFFFFFFFF110D
310
046C6F6F700CFFFFFFFF04FFFFFFFF0CFFFFFFFF0CFFFFFFFF0C050000000C08000000110E05706C616E650D07737572666163650CFFFFFFFF04FFFFFFFF0CFFFFFFFF137A77E07312FC4940733D97CA5729434000000000000000001400000000000000800000000000000000000000000000F03F14000000000000F03F00
310
0000000000000000000000000000000B0B0B0B0B110D04666163650CFFFFFFFF04FFFFFFFF0CFFFFFFFF0CFFFFFFFF0C060000000C090000000CFFFFFFFF0C070000000B0A0B110D057368656C6C0CFFFFFFFF04FFFFFFFF0CFFFFFFFF0CFFFFFFFF0CFFFFFFFF0C080000000CFFFFFFFF0C0A000000110D046C756D700CFF
310
FFFFFF04FFFFFFFF0CFFFFFFFF0CFFFFFFFF0C090000000C00000000110E03456E640E026F660E0341534D0D0464617461
  0
ACDSRECORD
 90
        1
  2
AcDbDs::ID
280
    10
320
12D
  2
ASM_Data
280
    15
 94
      811
310
414349532042696E61727946696C652855000000000000010000000C00000007214F70656E2044657369676E20416C6C69616E63652041434953204275696C646572070E41434953203231382E3030204E540718467269204175672030322030333A31313A3430203230323406000000000000F03F0648AFBC9AF2D77A3E06
310
BBBDD7D9DF7CDB3D0D04626F64790CFFFFFFFF04FFFFFFFF0CFFFFFFFF0C0A0000000CFFFFFFFF0CFFFFFFFF110D05706F696E740CFFFFFFFF04FFFFFFFF0CFFFFFFFF137C63290E77C64D4026D96EABEE0743400000000000000000110D067665727465780CFFFFFFFF04FFFFFFFF0CFFFFFFFF0C0400000004020000000C
310
01000000110E07656C6C697073650D0563757276650CFFFFFFFF04FFFFFFFF0CFFFFFFFF13076F7ADD43B34D4026D96EABEE07434000000000000000001400000000000000000000000000000000000000000000F03F14B174F4AE3033C33F0000000000000000000000000000008006000000000000F03F0B0B110D046564
310
67650CFFFFFFFF04FFFFFFFF0CFFFFFFFF0C020000000600000000000000000C0200000006182D4454FB2119400C050000000C030000000B0707756E6B6E6F776E110D06636F656467650CFFFFFFFF04FFFFFFFF0CFFFFFFFF0C050000000C050000000CFFFFFFFF0C040000000B0C0600000004000000000CFFFFFFFF110D
310
046C6F6F700CFFFFFFFF04FFFFFFFF0CFFFFFFFF0CFFFFFFFF0C050000000C08000000110E05706C616E650D07737572666163650CFFFFFFFF04FFFFFFFF0CFFFFFFFF13CDF42245AAA94D4026D96EABEE07434000000000000000001400000000000000800000000000000000000000000000F03F14000000000000F03F00
310
0000000000000000000000000000000B0B0B0B0B110D04666163650CFFFFFFFF04FFFFFFFF0CFFFFFFFF0CFFFFFFFF0C060000000C090000000CFFFFFFFF0C070000000B0A0B110D057368656C6C0CFFFFFFFF04FFFFFFFF0CFFFFFFFF0CFFFFFFFF0CFFFFFFFF0C080000000CFFFFFFFF0C0A000000110D046C756D700CFF
310
FFFFFF04FFFFFFFF0CFFFFFFFF0CFFFFFFFF0C090000000C00000000110E03456E640E026F660E0341534D0D0464617461
  0
ACDSRECORD
 90
        1
  2
AcDbDs::ID
280
    10
320
130
  2
ASM_Data
280
    15
 94
      811
310
414349532042696E61727946696C652855000000000000010000000C00000007214F70656E2044657369676E20416C6C69616E63652041434953204275696C646572070E41434953203231382E3030204E540718467269204175672030322030333A31313A3430203230323406000000000000F03F0648AFBC9AF2D77A3E06
310
BBBDD7D9DF7CDB3D0D04626F64790CFFFFFFFF04FFFFFFFF0CFFFFFFFF0C0A0000000CFFFFFFFF0CFFFFFFFF110D05706F696E740CFFFFFFFF04FFFFFFFF0CFFFFFFFF13F7283310917D4D400AC22EED483D41400000000000000000110D067665727465780CFFFFFFFF04FFFFFFFF0CFFFFFFFF0C0400000004020000000C
310
01000000110E07656C6C697073650D0563757276650CFFFFFFFF04FFFFFFFF0CFFFFFFFF13823484DF5D6A4D400AC22EED483D414000000000000000001400000000000000000000000000000000000000000000F03F14B174F4AE3033C33F0000000000000000000000000000008006000000000000F03F0B0B110D046564
310
67650CFFFFFFFF04FFFFFFFF0CFFFFFFFF0C020000000600000000000000000C0200000006182D4454FB2119400C050000000C030000000B0707756E6B6E6F776E110D06636F656467650CFFFFFFFF04FFFFFFFF0CFFFFFFFF0C050000000C050000000CFFFFFFFF0C040000000B0C0600000004000000000CFFFFFFFF110D
310
046C6F6F700CFFFFFFFF04FFFFFFFF0CFFFFFFFF0CFFFFFFFF0C050000000C08000000110E05706C616E650D07737572666163650CFFFFFFFF04FFFFFFFF0CFFFFFFFF1348BA2C47C4604D400AC22EED483D414000000000000000001400000000000000800000000000000000000000000000F03F14000000000000F03F00
310
0000000000000000000000000000000B0B0B0B0B110D04666163650CFFFFFFFF04FFFFFFFF0CFFFFFFFF0CFFFFFFFF0C060000000C090000000CFFFFFFFF0C070000000B0A0B110D057368656C6C0CFFFFFFFF04FFFFFFFF0CFFFFFFFF0CFFFFFFFF0CFFFFFFFF0C080000000CFFFFFFFF0C0A000000110D046C756D700CFF
310
FFFFFF04FFFFFFFF0CFFFFFFFF0CFFFFFFFF0C090000000C00000000110E03456E640E026F660E0341534D0D0464617461
  0
ACDSRECORD
 90
        1
  2
AcDbDs::ID
280
    10
320
133
  2
ASM_Data
280
    15
 94
      811
310
414349532042696E61727946696C652855000000000000010000000C00000007214F70656E2044657369676E20416C6C69616E63652041434953204275696C646572070E41434953203231382E3030204E540718467269204175672030322030333A31313A3430203230323406000000000000F03F0648AFBC9AF2D77A3E06
310
BBBDD7D9DF7CDB3D0D04626F64790CFFFFFFFF04FFFFFFFF0CFFFFFFFF0C0A0000000CFFFFFFFF0CFFFFFFFF110D05706F696E740CFFFFFFFF04FFFFFFFF0CFFFFFFFF13E0151CB949945040EFA7C64B372942400000000000000000110D067665727465780CFFFFFFFF04FFFFFFFF0CFFFFFFFF0C0400000004020000000C
310
01000000110E07656C6C697073650D0563757276650CFFFFFFFF04FFFFFFFF0CFFFFFFFF13A69BC420B08A5040EFA7C64B3729424000000000000000001400000000000000000000000000000000000000000000F03F14B174F4AE3033C33F0000000000000000000000000000008006000000000000F03F0B0B110D046564
310
67650CFFFFFFFF04FFFFFFFF0CFFFFFFFF0C020000000600000000000000000C0200000006182D4454FB2119400C050000000C030000000B0707756E6B6E6F776E110D06636F656467650CFFFFFFFF04FFFFFFFF0CFFFFFFFF0C050000000C050000000CFFFFFFFF0C040000000B0C0600000004000000000CFFFFFFFF110D
310
046C6F6F700CFFFFFFFF04FFFFFFFF0CFFFFFFFF0CFFFFFFFF0C050000000C08000000110E05706C616E650D07737572666163650CFFFFFFFF04FFFFFFFF0CFFFFFFFF1389DE9854E3855040EFA7C64B3729424000000000000000001400000000000000800000000000000000000000000000F03F14000000000000F03F00
310
0000000000000000000000000000000B0B0B0B0B110D04666163650CFFFFFFFF04FFFFFFFF0CFFFFFFFF0CFFFFFFFF0C060000000C090000000CFFFFFFFF0C070000000B0A0B110D057368656C6C0CFFFFFFFF04FFFFFFFF0CFFFFFFFF0CFFFFFFFF0CFFFFFFFF0C080000000CFFFFFFFF0C0A000000110D046C756D700CFF
310
FFFFFF04FFFFFFFF0CFFFFFFFF0CFFFFFFFF0C090000000C00000000110E03456E640E026F660E0341534D0D0464617461
  0
ACDSRECORD
 90
        1
  2
AcDbDs::ID
280
    10
320
136
  2
ASM_Data
280
    15
 94
      811
310
414349532042696E61727946696C652855000000000000010000000C00000007214F70656E2044657369676E20416C6C69616E63652041434953204275696C646572070E41434953203231382E3030204E540718467269204175672030322030333A31313A3430203230323406000000000000F03F0648AFBC9AF2D77A3E06
310
BBBDD7D9DF7CDB3D0D04626F64790CFFFFFFFF04FFFFFFFF0CFFFFFFFF0C0A0000000CFFFFFFFF0CFFFFFFFF110D05706F696E740CFFFFFFFF04FFFFFFFF0CFFFFFFFF138C32761D85635040C2F5285C8F8240400000000000000000110D067665727465780CFFFFFFFF04FFFFFFFF0CFFFFFFFF0C0400000004020000000C
310
01000000110E07656C6C697073650D0563757276650CFFFFFFFF04FFFFFFFF0CFFFFFFFF1352B81E85EB595040C2F5285C8F82404000000000000000001400000000000000000000000000000000000000000000F03F14B174F4AE3033C33F0000000000000000000000000000008006000000000000F03F0B0B110D046564
310
67650CFFFFFFFF04FFFFFFFF0CFFFFFFFF0C020000000600000000000000000C0200000006182D4454FB2119400C050000000C030000000B0707756E6B6E6F776E110D06636F656467650CFFFFFFFF04FFFFFFFF0CFFFFFFFF0C050000000C050000000CFFFFFFFF0C040000000B0C0600000004000000000CFFFFFFFF110D
310
046C6F6F700CFFFFFFFF04FFFFFFFF0CFFFFFFFF0CFFFFFFFF0C050000000C08000000110E05706C616E650D07737572666163650CFFFFFFFF04FFFFFFFF0CFFFFFFFF1335FBF2B81E555040C2F5285C8F82404000000000000000001400000000000000800000000000000000000000000000F03F14000000000000F03F00
310
0000000000000000000000000000000B0B0B0B0B110D04666163650CFFFFFFFF04FFFFFFFF0CFFFFFFFF0CFFFFFFFF0C060000000C090000000CFFFFFFFF0C070000000B0A0B110D057368656C6C0CFFFFFFFF04FFFFFFFF0CFFFFFFFF0CFFFFFFFF0CFFFFFFFF0C080000000CFFFFFFFF0C0A000000110D046C756D700CFF
310
FFFFFF04FFFFFFFF0CFFFFFFFF0CFFFFFFFF0C090000000C00000000110E03456E640E026F660E0341534D0D0464617461
  0
ACDSRECORD
 90
        1
  2
AcDbDs::ID
280
    10
320
139
  2
ASM_Data
280
    15
 94
      811
310
414349532042696E61727946696C652855000000000000010000000C00000007214F70656E2044657369676E20416C6C69616E63652041434953204275696C646572070E41434953203231382E3030204E540718467269204175672030322030333A31313A3430203230323406000000000000F03F0648AFBC9AF2D77A3E06
310
BBBDD7D9DF7CDB3D0D04626F64790CFFFFFFFF04FFFFFFFF0CFFFFFFFF0C0A0000000CFFFFFFFF0CFFFFFFFF110D05706F696E740CFFFFFFFF04FFFFFFFF0CFFFFFFFF13D313F131334B52403108AC1C5AF440400000000000000000110D067665727465780CFFFFFFFF04FFFFFFFF0CFFFFFFFF0C0400000004020000000C
310
01000000110E07656C6C697073650D0563757276650CFFFFFFFF04FFFFFFFF0CFFFFFFFF1399999999994152403108AC1C5AF4404000000000000000001400000000000000000000000000000000000000000000F03F14B174F4AE3033C33F0000000000000000000000000000008006000000000000F03F0B0B110D046564
310
67650CFFFFFFFF04FFFFFFFF0CFFFFFFFF0C020000000600000000000000000C0200000006182D4454FB2119400C050000000C030000000B0707756E6B6E6F776E110D06636F656467650CFFFFFFFF04FFFFFFFF0CFFFFFFFF0C050000000C050000000CFFFFFFFF0C040000000B0C0600000004000000000CFFFFFFFF110D
310
046C6F6F700CFFFFFFFF04FFFFFFFF0CFFFFFFFF0CFFFFFFFF0C050000000C08000000110E05706C616E650D07737572666163650CFFFFFFFF04FFFFFFFF0CFFFFFFFF137CDC6DCDCC3C52403108AC1C5AF4404000000000000000001400000000000000800000000000000000000000000000F03F14000000000000F03F00
310
0000000000000000000000000000000B0B0B0B0B110D04666163650CFFFFFFFF04FFFFFFFF0CFFFFFFFF0CFFFFFFFF0C060000000C090000000CFFFFFFFF0C070000000B0A0B110D057368656C6C0CFFFFFFFF04FFFFFFFF0CFFFFFFFF0CFFFFFFFF0CFFFFFFFF0C080000000CFFFFFFFF0C0A000000110D046C756D700CFF
310
FFFFFF04FFFFFFFF0CFFFFFFFF0CFFFFFFFF0C090000000C00000000110E03456E640E026F660E0341534D0D0464617461
  0
ACDSRECORD
 90
        1
  2
AcDbDs::ID
280
    10
320
13C
  2
ASM_Data
280
    15
 94
      811
310
414349532042696E61727946696C652855000000000000010000000C00000007214F70656E2044657369676E20416C6C69616E63652041434953204275696C646572070E41434953203231382E3030204E540718467269204175672030322030333A31313A3430203230323406000000000000F03F0648AFBC9AF2D77A3E06
310
BBBDD7D9DF7CDB3D0D04626F64790CFFFFFFFF04FFFFFFFF0CFFFFFFFF0C0A0000000CFFFFFFFF0CFFFFFFFF110D05706F696E740CFFFFFFFF04FFFFFFFF0CFFFFFFFF13B9E4130D2D0A524021B07268912D3B400000000000000000110D067665727465780CFFFFFFFF04FFFFFFFF0CFFFFFFFF0C0400000004020000000C
310
01000000110E07656C6C697073650D0563757276650CFFFFFFFF04FFFFFFFF0CFFFFFFFF137F6ABC749300524021B07268912D3B4000000000000000001400000000000000000000000000000000000000000000F03F14B174F4AE3033C33F0000000000000000000000000000008006000000000000F03F0B0B110D046564
310
67650CFFFFFFFF04FFFFFFFF0CFFFFFFFF0C020000000600000000000000000C0200000006182D4454FB2119400C050000000C030000000B0707756E6B6E6F776E110D06636F656467650CFFFFFFFF04FFFFFFFF0CFFFFFFFF0C050000000C050000000CFFFFFFFF0C040000000B0C0600000004000000000CFFFFFFFF110D
310
046C6F6F700CFFFFFFFF04FFFFFFFF0CFFFFFFFF0CFFFFFFFF0C050000000C08000000110E05706C616E650D07737572666163650CFFFFFFFF04FFFFFFFF0CFFFFFFFF1362AD90A8C6FB514021B07268912D3B4000000000000000001400000000000000800000000000000000000000000000F03F14000000000000F03F00
310
0000000000000000000000000000000B0B0B0B0B110D04666163650CFFFFFFFF04FFFFFFFF0CFFFFFFFF0CFFFFFFFF0C060000000C090000000CFFFFFFFF0C070000000B0A0B110D057368656C6C0CFFFFFFFF04FFFFFFFF0CFFFFFFFF0CFFFFFFFF0CFFFFFFFF0C080000000CFFFFFFFF0C0A000000110D046C756D700CFF
310
FFFFFF04FFFFFFFF0CFFFFFFFF0CFFFFFFFF0C090000000C00000000110E03456E640E026F660E0341534D0D0464617461
  0
ACDSRECORD
 90
        1
  2
AcDbDs::ID
280
    10
320
13F
  2
ASM_Data
280
    15
 94
      811
310
414349532042696E61727946696C652855000000000000010000000C00000007214F70656E2044657369676E20416C6C69616E63652041434953204275696C646572070E41434953203231382E3030204E540718467269204175672030322030333A31313A3430203230323406000000000000F03F0648AFBC9AF2D77A3E06
310
BBBDD7D9DF7CDB3D0D04626F64790CFFFFFFFF04FFFFFFFF0CFFFFFFFF0C0A0000000CFFFFFFFF0CFFFFFFFF110D05706F696E740CFFFFFFFF04FFFFFFFF0CFFFFFFFF13662CF587419051403BDF4F8D976E2B400000000000000000110D067665727465780CFFFFFFFF04FFFFFFFF0CFFFFFFFF0C0400000004020000000C
310
01000000110E07656C6C697073650D0563757276650CFFFFFFFF04FFFFFFFF0CFFFFFFFF132CB29DEFA78651403BDF4F8D976E2B4000000000000000001400000000000000000000000000000000000000000000F03F14B174F4AE3033C33F0000000000000000000000000000008006000000000000F03F0B0B110D046564
310
67650CFFFFFFFF04FFFFFFFF0CFFFFFFFF0C020000000600000000000000000C0200000006182D4454FB2119400C050000000C030000000B0707756E6B6E6F776E110D06636F656467650CFFFFFFFF04FFFFFFFF0CFFFFFFFF0C050000000C050000000CFFFFFFFF0C040000000B0C0600000004000000000CFFFFFFFF110D
310
046C6F6F700CFFFFFFFF04FFFFFFFF0CFFFFFFFF0CFFFFFFFF0C050000000C08000000110E05706C616E650D07737572666163650CFFFFFFFF04FFFFFFFF0CFFFFFFFF130FF57123DB8151403BDF4F8D976E2B4000000000000000001400000000000000800000000000000000000000000000F03F14000000000000F03F00
310
0000000000000000000000000000000B0B0B0B0B110D04666163650CFFFFFFFF04FFFFFFFF0CFFFFFFFF0CFFFFFFFF0C060000000C090000000CFFFFFFFF0C070000000B0A0B110D057368656C6C0CFFFFFFFF04FFFFFFFF0CFFFFFFFF0CFFFFFFFF0CFFFFFFFF0C080000000CFFFFFFFF0C0A000000110D046C756D700CFF
310
FFFFFF04FFFFFFFF0CFFFFFFFF0CFFFFFFFF0C090000000C00000000110E03456E640E026F660E0341534D0D0464617461
  0
ACDSRECORD
 90
        1
  2
AcDbDs::ID
280
    10
320
142
  2
ASM_Data
280
    15
 94
      811
310
414349532042696E61727946696C652855000000000000010000000C00000007214F70656E2044657369676E20416C6C69616E63652041434953204275696C646572070E41434953203231382E3030204E540718467269204175672030322030333A31313A3430203230323406000000000000F03F0648AFBC9AF2D77A3E06
310
BBBDD7D9DF7CDB3D0D04626F64790CFFFFFFFF04FFFFFFFF0CFFFFFFFF0C0A0000000CFFFFFFFF0CFFFFFFFF110D05706F696E740CFFFFFFFF04FFFFFFFF0CFFFFFFFF13B5549401569E4E40AF726891EDFC1E400000000000000000110D067665727465780CFFFFFFFF04FFFFFFFF0CFFFFFFFF0C0400000004020000000C
310
01000000110E07656C6C697073650D0563757276650CFFFFFFFF04FFFFFFFF0CFFFFFFFF134060E5D0228B4E40AF726891EDFC1E4000000000000000001400000000000000000000000000000000000000000000F03F14B174F4AE3033C33F0000000000000000000000000000008006000000000000F03F0B0B110D046564
310
67650CFFFFFFFF04FFFFFFFF0CFFFFFFFF0C020000000600000000000000000C0200000006182D4454FB2119400C050000000C030000000B0707756E6B6E6F776E110D06636F656467650CFFFFFFFF04FFFFFFFF0CFFFFFFFF0C050000000C050000000CFFFFFFFF0C040000000B0C0600000004000000000CFFFFFFFF110D
310
046C6F6F700CFFFFFFFF04FFFFFFFF0CFFFFFFFF0CFFFFFFFF0C050000000C08000000110E05706C616E650D07737572666163650CFFFFFFFF04FFFFFFFF0CFFFFFFFF1306E68D3889814E40AF726891EDFC1E4000000000000000001400000000000000800000000000000000000000000000F03F14000000000000F03F00
310
0000000000000000000000000000000B0B0B0B0B110D04666163650CFFFFFFFF04FFFFFFFF0CFFFFFFFF0CFFFFFFFF0C060000000C090000000CFFFFFFFF0C070000000B0A0B110D057368656C6C0CFFFFFFFF04FFFFFFFF0CFFFFFFFF0CFFFFFFFF0CFFFFFFFF0C080000000CFFFFFFFF0C0A000000110D046C756D700CFF
310
FFFFFF04FFFFFFFF0CFFFFFFFF0CFFFFFFFF0C090000000C00000000110E03456E640E026F660E0341534D0D0464617461
  0
ACDSRECORD
 90
        1
  2
AcDbDs::ID
280
    10
320
145
  2
ASM_Data
280
    15
 94
      811
310
414349532042696E61727946696C652855000000000000010000000C00000007214F70656E2044657369676E20416C6C69616E63652041434953204275696C646572070E41434953203231382E3030204E540718467269204175672030322030333A31313A3430203230323406000000000000F03F0648AFBC9AF2D77A3E06
310
BBBDD7D9DF7CDB3D0D04626F64790CFFFFFFFF04FFFFFFFF0CFFFFFFFF0C0A0000000CFFFFFFFF0CFFFFFFFF110D05706F696E740CFFFFFFFF04FFFFFFFF0CFFFFFFFF13EF085D78148E4E4052B81E85EB5124400000000000000000110D067665727465780CFFFFFFFF04FFFFFFFF0CFFFFFFFF0C0400000004020000000C
310
01000000110E07656C6C697073650D0563757276650CFFFFFFFF04FFFFFFFF0CFFFFFFFF137A14AE47E17A4E4052B81E85EB51244000000000000000001400000000000000000000000000000000000000000000F03F14B174F4AE3033C33F0000000000000000000000000000008006000000000000F03F0B0B110D046564
310
67650CFFFFFFFF04FFFFFFFF0CFFFFFFFF0C020000000600000000000000000C0200000006182D4454FB2119400C050000000C030000000B0707756E6B6E6F776E110D06636F656467650CFFFFFFFF04FFFFFFFF0CFFFFFFFF0C050000000C050000000CFFFFFFFF0C040000000B0C0600000004000000000CFFFFFFFF110D
310
046C6F6F700CFFFFFFFF04FFFFFFFF0CFFFFFFFF0CFFFFFFFF0C050000000C08000000110E05706C616E650D07737572666163650CFFFFFFFF04FFFFFFFF0CFFFFFFFF13409A56AF47714E4052B81E85EB51244000000000000000001400000000000000800000000000000000000000000000F03F14000000000000F03F00
310
0000000000000000000000000000000B0B0B0B0B110D04666163650CFFFFFFFF04FFFFFFFF0CFFFFFFFF0CFFFFFFFF0C060000000C090000000CFFFFFFFF0C070000000B0A0B110D057368656C6C0CFFFFFFFF04FFFFFFFF0CFFFFFFFF0CFFFFFFFF0CFFFFFFFF0C080000000CFFFFFFFF0C0A000000110D046C756D700CFF
310
FFFFFF04FFFFFFFF0CFFFFFFFF0CFFFFFFFF0C090000000C00000000110E03456E640E026F660E0341534D0D0464617461
  0
ACDSRECORD
 90
        1
  2
AcDbDs::ID
280
    10
320
148
  2
ASM_Data
280
    15
 94
      811
310
414349532042696E61727946696C652855000000000000010000000C00000007214F70656E2044657369676E20416C6C69616E63652041434953204275696C646572070E41434953203231382E3030204E540718467269204175672030322030333A31313A3430203230323406000000000000F03F0648AFBC9AF2D77A3E06
310
BBBDD7D9DF7CDB3D0D04626F64790CFFFFFFFF04FFFFFFFF0CFFFFFFFF0C0A0000000CFFFFFFFF0CFFFFFFFF110D05706F696E740CFFFFFFFF04FFFFFFFF0CFFFFFFFF1329BD25EFD27D4E40FBA9F1D24D6228400000000000000000110D067665727465780CFFFFFFFF04FFFFFFFF0CFFFFFFFF0C0400000004020000000C
310
01000000110E07656C6C697073650D0563757276650CFFFFFFFF04FFFFFFFF0CFFFFFFFF13B4C876BE9F6A4E40FBA9F1D24D62284000000000000000001400000000000000000000000000000000000000000000F03F14B174F4AE3033C33F0000000000000000000000000000008006000000000000F03F0B0B110D046564
310
67650CFFFFFFFF04FFFFFFFF0CFFFFFFFF0C020000000600000000000000000C0200000006182D4454FB2119400C050000000C030000000B0707756E6B6E6F776E110D06636F656467650CFFFFFFFF04FFFFFFFF0CFFFFFFFF0C050000000C050000000CFFFFFFFF0C040000000B0C0600000004000000000CFFFFFFFF110D
310
046C6F6F700CFFFFFFFF04FFFFFFFF0CFFFFFFFF0CFFFFFFFF0C050000000C08000000110E05706C616E650D07737572666163650CFFFFFFFF04FFFFFFFF0CFFFFFFFF137A4E1F2606614E40FBA9F1D24D62284000000000000000001400000000000000800000000000000000000000000000F03F14000000000000F03F00
310
0000000000000000000000000000000B0B0B0B0B110D04666163650CFFFFFFFF04FFFFFFFF0CFFFFFFFF0CFFFFFFFF0C060000000C090000000CFFFFFFFF0C070000000B0A0B110D057368656C6C0CFFFFFFFF04FFFFFFFF0CFFFFFFFF0CFFFFFFFF0CFFFFFFFF0C080000000CFFFFFFFF0C0A000000110D046C756D700CFF
310
FFFFFF04FFFFFFFF0CFFFFFFFF0CFFFFFFFF0C090000000C00000000110E03456E640E026F660E0341534D0D0464617461
  0
ACDSRECORD
 90
        1
  2
AcDbDs::ID
280
    10
320
14B
  2
ASM_Data
280
    15
 94
      811
310
414349532042696E61727946696C652855000000000000010000000C00000007214F70656E2044657369676E20416C6C69616E63652041434953204275696C646572070E41434953203231382E3030204E540718467269204175672030322030333A31313A3430203230323406000000000000F03F0648AFBC9AF2D77A3E06
310
BBBDD7D9DF7CDB3D0D04626F64790CFFFFFFFF04FFFFFFFF0CFFFFFFFF0C0A0000000CFFFFFFFF0CFFFFFFFF110D05706F696E740CFFFFFFFF04FFFFFFFF0CFFFFFFFF1350EE2D9BEF174540A8C64B37894120400000000000000000110D067665727465780CFFFFFFFF04FFFFFFFF0CFFFFFFFF0C0400000004020000000C
310
01000000110E07656C6C697073650D0563757276650CFFFFFFFF04FFFFFFFF0CFFFFFFFF13DBF97E6ABC044540A8C64B378941204000000000000000001400000000000000000000000000000000000000000000F03F14B174F4AE3033C33F0000000000000000000000000000008006000000000000F03F0B0B110D046564
310
67650CFFFFFFFF04FFFFFFFF0CFFFFFFFF0C020000000600000000000000000C0200000006182D4454FB2119400C050000000C030000000B0707756E6B6E6F776E110D06636F656467650CFFFFFFFF04FFFFFFFF0CFFFFFFFF0C050000000C050000000CFFFFFFFF0C040000000B0C0600000004000000000CFFFFFFFF110D
310
046C6F6F700CFFFFFFFF04FFFFFFFF0CFFFFFFFF0CFFFFFFFF0C050000000C08000000110E05706C616E650D07737572666163650CFFFFFFFF04FFFFFFFF0CFFFFFFFF13A17F27D222FB4440A8C64B378941204000000000000000001400000000000000800000000000000000000000000000F03F14000000000000F03F00
310
0000000000000000000000000000000B0B0B0B0B110D04666163650CFFFFFFFF04FFFFFFFF0CFFFFFFFF0CFFFFFFFF0C060000000C090000000CFFFFFFFF0C070000000B0A0B110D057368656C6C0CFFFFFFFF04FFFFFFFF0CFFFFFFFF0CFFFFFFFF0CFFFFFFFF0C080000000CFFFFFFFF0C0A000000110D046C756D700CFF
310
FFFFFF04FFFFFFFF0CFFFFFFFF0CFFFFFFFF0C090000000C00000000110E03456E640E026F660E0341534D0D0464617461
  0
ACDSRECORD
 90
        1
  2
AcDbDs::ID
280
    10
320
14E
  2
ASM_Data
280
    15
 94
      811
310
414349532042696E61727946696C652855000000000000010000000C00000007214F70656E2044657369676E20416C6C69616E63652041434953204275696C646572070E41434953203231382E3030204E540718467269204175672030322030333A31313A3430203230323406000000000000F03F0648AFBC9AF2D77A3E06
310
BBBDD7D9DF7CDB3D0D04626F64790CFFFFFFFF04FFFFFFFF0CFFFFFFFF0C0A0000000CFFFFFFFF0CFFFFFFFF110D05706F696E740CFFFFFFFF04FFFFFFFF0CFFFFFFFF13BE00B15BBA894540E7FBA9F1D24D23400000000000000000110D067665727465780CFFFFFFFF04FFFFFFFF0CFFFFFFFF0C0400000004020000000C
310
01000000110E07656C6C697073650D0563757276650CFFFFFFFF04FFFFFFFF0CFFFFFFFF13490C022B87764540E7FBA9F1D24D234000000000000000001400000000000000000000000000000000000000000000F03F14B174F4AE3033C33F0000000000000000000000000000008006000000000000F03F0B0B110D046564
310
67650CFFFFFFFF04FFFFFFFF0CFFFFFFFF0C020000000600000000000000000C0200000006182D4454FB2119400C050000000C030000000B0707756E6B6E6F776E110D06636F656467650CFFFFFFFF04FFFFFFFF0CFFFFFFFF0C050000000C050000000CFFFFFFFF0C040000000B0C0600000004000000000CFFFFFFFF110D
310
046C6F6F700CFFFFFFFF04FFFFFFFF0CFFFFFFFF0CFFFFFFFF0C050000000C08000000110E05706C616E650D07737572666163650CFFFFFFFF04FFFFFFFF0CFFFFFFFF130F92AA92ED6C4540E7FBA9F1D24D234000000000000000001400000000000000800000000000000000000000000000F03F14000000000000F03F00
310
0000000000000000000000000000000B0B0B0B0B110D04666163650CFFFFFFFF04FFFFFFFF0CFFFFFFFF0CFFFFFFFF0C060000000C090000000CFFFFFFFF0C070000000B0A0B110D057368656C6C0CFFFFFFFF04FFFFFFFF0CFFFFFFFF0CFFFFFFFF0CFFFFFFFF0C080000000CFFFFFFFF0C0A000000110D046C756D700CFF
310
FFFFFF04FFFFFFFF0CFFFFFFFF0CFFFFFFFF0C090000000C00000000110E03456E640E026F660E0341534D0D0464617461
  0
ACDSRECORD
 90
        1
  2
AcDbDs::ID
280
    10
320
151
  2
ASM_Data
280
    15
 94
      811
310
414349532042696E61727946696C652855000000000000010000000C00000007214F70656E2044657369676E20416C6C69616E63652041434953204275696C646572070E41434953203231382E3030204E540718467269204175672030322030333A31313A3430203230323406000000000000F03F0648AFBC9AF2D77A3E06
310
BBBDD7D9DF7CDB3D0D04626F64790CFFFFFFFF04FFFFFFFF0CFFFFFFFF0C0A0000000CFFFFFFFF0CFFFFFFFF110D05706F696E740CFFFFFFFF04FFFFFFFF0CFFFFFFFF132D13341C85FB4540273108AC1C5A26400000000000000000110D067665727465780CFFFFFFFF04FFFFFFFF0CFFFFFFFF0C0400000004020000000C
310
01000000110E07656C6C697073650D0563757276650CFFFFFFFF04FFFFFFFF0CFFFFFFFF13B81E85EB51E84540273108AC1C5A264000000000000000001400000000000000000000000000000000000000000000F03F14B174F4AE3033C33F0000000000000000000000000000008006000000000000F03F0B0B110D046564
310
67650CFFFFFFFF04FFFFFFFF0CFFFFFFFF0C020000000600000000000000000C0200000006182D4454FB2119400C050000000C030000000B0707756E6B6E6F776E110D06636F656467650CFFFFFFFF04FFFFFFFF0CFFFFFFFF0C050000000C050000000CFFFFFFFF0C040000000B0C0600000004000000000CFFFFFFFF110D
310
046C6F6F700CFFFFFFFF04FFFFFFFF0CFFFFFFFF0CFFFFFFFF0C050000000C08000000110E05706C616E650D07737572666163650CFFFFFFFF04FFFFFFFF0CFFFFFFFF137EA42D53B8DE4540273108AC1C5A264000000000000000001400000000000000800000000000000000000000000000F03F14000000000000F03F00
310
0000000000000000000000000000000B0B0B0B0B110D04666163650CFFFFFFFF04FFFFFFFF0CFFFFFFFF0CFFFFFFFF0C060000000C090000000CFFFFFFFF0C070000000B0A0B110D057368656C6C0CFFFFFFFF04FFFFFFFF0CFFFFFFFF0CFFFFFFFF0CFFFFFFFF0C080000000CFFFFFFFF0C0A000000110D046C756D700CFF
310
FFFFFF04FFFFFFFF0CFFFFFFFF0CFFFFFFFF0C090000000C00000000110E03456E640E026F660E0341534D0D0464617461
  0
ACDSRECORD
 90
        1
  2
AcDbDs::ID
280
    10
320
154
  2
ASM_Data
280
    15
 94
      811
310
414349532042696E61727946696C652855000000000000010000000C00000007214F70656E2044657369676E20416C6C69616E63652041434953204275696C646572070E41434953203231382E3030204E540718467269204175672030322030333A31313A3430203230323406000000000000F03F0648AFBC9AF2D77A3E06
310
BBBDD7D9DF7CDB3D0D04626F64790CFFFFFFFF04FFFFFFFF0CFFFFFFFF0C0A0000000CFFFFFFFF0CFFFFFFFF110D05706F696E740CFFFFFFFF04FFFFFFFF0CFFFFFFFF13EF085D78149E464066666666666629400000000000000000110D067665727465780CFFFFFFFF04FFFFFFFF0CFFFFFFFF0C0400000004020000000C
310
01000000110E07656C6C697073650D0563757276650CFFFFFFFF04FFFFFFFF0CFFFFFFFF137A14AE47E18A4640666666666666294000000000000000001400000000000000000000000000000000000000000000F03F14B174F4AE3033C33F0000000000000000000000000000008006000000000000F03F0B0B110D046564
310
67650CFFFFFFFF04FFFFFFFF0CFFFFFFFF0C020000000600000000000000000C0200000006182D4454FB2119400C050000000C030000000B0707756E6B6E6F776E110D06636F656467650CFFFFFFFF04FFFFFFFF0CFFFFFFFF0C050000000C050000000CFFFFFFFF0C040000000B0C0600000004000000000CFFFFFFFF110D
310
046C6F6F700CFFFFFFFF04FFFFFFFF0CFFFFFFFF0CFFFFFFFF0C050000000C08000000110E05706C616E650D07737572666163650CFFFFFFFF04FFFFFFFF0CFFFFFFFF13409A56AF47814640666666666666294000000000000000001400000000000000800000000000000000000000000000F03F14000000000000F03F00
310
0000000000000000000000000000000B0B0B0B0B110D04666163650CFFFFFFFF04FFFFFFFF0CFFFFFFFF0CFFFFFFFF0C060000000C090000000CFFFFFFFF0C070000000B0A0B110D057368656C6C0CFFFFFFFF04FFFFFFFF0CFFFFFFFF0CFFFFFFFF0CFFFFFFFF0C080000000CFFFFFFFF0C0A000000110D046C756D700CFF
310
FFFFFF04FFFFFFFF0CFFFFFFFF0CFFFFFFFF0C090000000C00000000110E03456E640E026F660E0341534D0D0464617461
  0
ACDSRECORD
 90
        1
  2
AcDbDs::ID
280
    10
320
157
  2
ASM_Data
280
    15
 94
      811
310
414349532042696E61727946696C652855000000000000010000000C00000007214F70656E2044657369676E20416C6C69616E63652041434953204275696C646572070E41434953203231382E3030204E540718467269204175672030322030333A31313A3430203230323406000000000000F03F0648AFBC9AF2D77A3E06
310
BBBDD7D9DF7CDB3D0D04626F64790CFFFFFFFF04FFFFFFFF0CFFFFFFFF0C0A0000000CFFFFFFFF0CFFFFFFFF110D05706F696E740CFFFFFFFF04FFFFFFFF0CFFFFFFFF13D18371265CEF4640A69BC420B0722C400000000000000000110D067665727465780CFFFFFFFF04FFFFFFFF0CFFFFFFFF0C0400000004020000000C
310
01000000110E07656C6C697073650D0563757276650CFFFFFFFF04FFFFFFFF0CFFFFFFFF135C8FC2F528DC4640A69BC420B0722C4000000000000000001400000000000000000000000000000000000000000000F03F14B174F4AE3033C33F0000000000000000000000000000008006000000000000F03F0B0B110D046564
310
67650CFFFFFFFF04FFFFFFFF0CFFFFFFFF0C020000000600000000000000000C0200000006182D4454FB2119400C050000000C030000000B0707756E6B6E6F776E110D06636F656467650CFFFFFFFF04FFFFFFFF0CFFFFFFFF0C050000000C050000000CFFFFFFFF0C040000000B0C0600000004000000000CFFFFFFFF110D
310
046C6F6F700CFFFFFFFF04FFFFFFFF0CFFFFFFFF0CFFFFFFFF0C050000000C08000000110E05706C616E650D07737572666163650CFFFFFFFF04FFFFFFFF0CFFFFFFFF1322156B5D8FD24640A69BC420B0722C4000000000000000001400000000000000800000000000000000000000000000F03F14000000000000F03F00
310
0000000000000000000000000000000B0B0B0B0B110D04666163650CFFFFFFFF04FFFFFFFF0CFFFFFFFF0CFFFFFFFF0C060000000C090000000CFFFFFFFF0C070000000B0A0B110D057368656C6C0CFFFFFFFF04FFFFFFFF0CFFFFFFFF0CFFFFFFFF0CFFFFFFFF0C080000000CFFFFFFFF0C0A000000110D046C756D700CFF
310
FFFFFF04FFFFFFFF0CFFFFFFFF0CFFFFFFFF0C090000000C00000000110E03456E640E026F660E0341534D0D0464617461
  0
ACDSRECORD
 90
        1
  2
AcDbDs::ID
280
    10
320
15A
  2
ASM_Data
280
    15
 94
      811
310
414349532042696E61727946696C652855000000000000010000000C00000007214F70656E2044657369676E20416C6C69616E63652041434953204275696C646572070E41434953203231382E3030204E540718467269204175672030322030333A31313A3430203230323406000000000000F03F0648AFBC9AF2D77A3E06
310
BBBDD7D9DF7CDB3D0D04626F64790CFFFFFFFF04FFFFFFFF0CFFFFFFFF0C0A0000000CFFFFFFFF0CFFFFFFFF110D05706F696E740CFFFFFFFF04FFFFFFFF0CFFFFFFFF13659C757C6A2C4A40273108AC1C5A26400000000000000000110D067665727465780CFFFFFFFF04FFFFFFFF0CFFFFFFFF0C0400000004020000000C
310
01000000110E07656C6C697073650D0563757276650CFFFFFFFF04FFFFFFFF0CFFFFFFFF13F0A7C64B37194A40273108AC1C5A264000000000000000001400000000000000000000000000000000000000000000F03F14B174F4AE3033C33F0000000000000000000000000000008006000000000000F03F0B0B110D046564
310
67650CFFFFFFFF04FFFFFFFF0CFFFFFFFF0C020000000600000000000000000C0200000006182D4454FB2119400C050000000C030000000B0707756E6B6E6F776E110D06636F656467650CFFFFFFFF04FFFFFFFF0CFFFFFFFF0C050000000C050000000CFFFFFFFF0C040000000B0C0600000004000000000CFFFFFFFF110D
310
046C6F6F700CFFFFFFFF04FFFFFFFF0CFFFFFFFF0CFFFFFFFF0C050000000C08000000110E05706C616E650D07737572666163650CFFFFFFFF04FFFFFFFF0CFFFFFFFF13B62D6FB39D0F4A40273108AC1C5A264000000000000000001400000000000000800000000000000000000000000000F03F14000000000000F03F00
310
0000000000000000000000000000000B0B0B0B0B110D04666163650CFFFFFFFF04FFFFFFFF0CFFFFFFFF0CFFFFFFFF0C060000000C090000000CFFFFFFFF0C070000000B0A0B110D057368656C6C0CFFFFFFFF04FFFFFFFF0CFFFFFFFF0CFFFFFFFF0CFFFFFFFF0C080000000CFFFFFFFF0C0A000000110D046C756D700CFF
310
FFFFFF04FFFFFFFF0CFFFFFFFF0CFFFFFFFF0C090000000C00000000110E03456E640E026F660E0341534D0D0464617461
  0
ACDSRECORD
 90
        1
  2
AcDbDs::ID
280
    10
320
15D
  2
ASM_Data
280
    15
 94
      811
310
414349532042696E61727946696C652855000000000000010000000C00000007214F70656E2044657369676E20416C6C69616E63652041434953204275696C646572070E41434953203231382E3030204E540718467269204175672030322030333A31313A3430203230323406000000000000F03F0648AFBC9AF2D77A3E06
310
BBBDD7D9DF7CDB3D0D04626F64790CFFFFFFFF04FFFFFFFF0CFFFFFFFF0C0A0000000CFFFFFFFF0CFFFFFFFF110D05706F696E740CFFFFFFFF04FFFFFFFF0CFFFFFFFF13659C757C6A2C4A4066666666666629400000000000000000110D067665727465780CFFFFFFFF04FFFFFFFF0CFFFFFFFF0C0400000004020000000C
310
01000000110E07656C6C697073650D0563757276650CFFFFFFFF04FFFFFFFF0CFFFFFFFF13F0A7C64B37194A40666666666666294000000000000000001400000000000000000000000000000000000000000000F03F14B174F4AE3033C33F0000000000000000000000000000008006000000000000F03F0B0B110D046564
310
67650CFFFFFFFF04FFFFFFFF0CFFFFFFFF0C020000000600000000000000000C0200000006182D4454FB2119400C050000000C030000000B0707756E6B6E6F776E110D06636F656467650CFFFFFFFF04FFFFFFFF0CFFFFFFFF0C050000000C050000000CFFFFFFFF0C040000000B0C0600000004000000000CFFFFFFFF110D
310
046C6F6F700CFFFFFFFF04FFFFFFFF0CFFFFFFFF0CFFFFFFFF0C050000000C08000000110E05706C616E650D07737572666163650CFFFFFFFF04FFFFFFFF0CFFFFFFFF13B62D6FB39D0F4A40666666666666294000000000000000001400000000000000800000000000000000000000000000F03F14000000000000F03F00
310
0000000000000000000000000000000B0B0B0B0B110D04666163650CFFFFFFFF04FFFFFFFF0CFFFFFFFF0CFFFFFFFF0C060000000C090000000CFFFFFFFF0C070000000B0A0B110D057368656C6C0CFFFFFFFF04FFFFFFFF0CFFFFFFFF0CFFFFFFFF0CFFFFFFFF0C080000000CFFFFFFFF0C0A000000110D046C756D700CFF
310
FFFFFF04FFFFFFFF0CFFFFFFFF0CFFFFFFFF0C090000000C00000000110E03456E640E026F660E0341534D0D0464617461
  0
ACDSRECORD
 90
        1
  2
AcDbDs::ID
280
    10
320
160
  2
ASM_Data
280
    15
 94
      811
310
414349532042696E61727946696C652855000000000000010000000C00000007214F70656E2044657369676E20416C6C69616E63652041434953204275696C646572070E41434953203231382E3030204E540718467269204175672030322030333A31313A3430203230323406000000000000F03F0648AFBC9AF2D77A3E06
310
BBBDD7D9DF7CDB3D0D04626F64790CFFFFFFFF04FFFFFFFF0CFFFFFFFF0C0A0000000CFFFFFFFF0CFFFFFFFF110D05706F696E740CFFFFFFFF04FFFFFFFF0CFFFFFFFF13659C757C6A2C4A40A69BC420B0722C400000000000000000110D067665727465780CFFFFFFFF04FFFFFFFF0CFFFFFFFF0C0400000004020000000C
310
01000000110E07656C6C697073650D0563757276650CFFFFFFFF04FFFFFFFF0CFFFFFFFF13F0A7C64B37194A40A69BC420B0722C4000000000000000001400000000000000000000000000000000000000000000F03F14B174F4AE3033C33F0000000000000000000000000000008006000000000000F03F0B0B110D046564
310
67650CFFFFFFFF04FFFFFFFF0CFFFFFFFF0C020000000600000000000000000C0200000006182D4454FB2119400C050000000C030000000B0707756E6B6E6F776E110D06636F656467650CFFFFFFFF04FFFFFFFF0CFFFFFFFF0C050000000C050000000CFFFFFFFF0C040000000B0C0600000004000000000CFFFFFFFF110D
310
046C6F6F700CFFFFFFFF04FFFFFFFF0CFFFFFFFF0CFFFFFFFF0C050000000C08000000110E05706C616E650D07737572666163650CFFFFFFFF04FFFFFFFF0CFFFFFFFF13B62D6FB39D0F4A40A69BC420B0722C4000000000000000001400000000000000800000000000000000000000000000F03F14000000000000F03F00
310
0000000000000000000000000000000B0B0B0B0B110D04666163650CFFFFFFFF04FFFFFFFF0CFFFFFFFF0CFFFFFFFF0C060000000C090000000CFFFFFFFF0C070000000B0A0B110D057368656C6C0CFFFFFFFF04FFFFFFFF0CFFFFFFFF0CFFFFFFFF0CFFFFFFFF0C080000000CFFFFFFFF0C0A000000110D046C756D700CFF
310
FFFFFF04FFFFFFFF0CFFFFFFFF0CFFFFFFFF0C090000000C00000000110E03456E640E026F660E0341534D0D0464617461
  0
ACDSRECORD
 90
        1
  2
AcDbDs::ID
280
    10
320
163
  2
ASM_Data
280
    15
 94
      811
310
414349532042696E61727946696C652855000000000000010000000C00000007214F70656E2044657369676E20416C6C69616E63652041434953204275696C646572070E41434953203231382E3030204E540718467269204175672030322030333A31313A3430203230323406000000000000F03F0648AFBC9AF2D77A3E06
310
BBBDD7D9DF7CDB3D0D04626F64790CFFFFFFFF04FFFFFFFF0CFFFFFFFF0C0A0000000CFFFFFFFF0CFFFFFFFF110D05706F696E740CFFFFFFFF04FFFFFFFF0CFFFFFFFF1339155FA39B344C4062105839B40822400000000000000000110D067665727465780CFFFFFFFF04FFFFFFFF0CFFFFFFFF0C0400000004020000000C
310
01000000110E07656C6C697073650D0563757276650CFFFFFFFF04FFFFFFFF0CFFFFFFFF13C420B07268214C4062105839B408224000000000000000001400000000000000000000000000000000000000000000F03F14B174F4AE3033C33F0000000000000000000000000000008006000000000000F03F0B0B110D046564
310
67650CFFFFFFFF04FFFFFFFF0CFFFFFFFF0C020000000600000000000000000C0200000006182D4454FB2119400C050000000C030000000B0707756E6B6E6F776E110D06636F656467650CFFFFFFFF04FFFFFFFF0CFFFFFFFF0C050000000C050000000CFFFFFFFF0C040000000B0C0600000004000000000CFFFFFFFF110D
310
046C6F6F700CFFFFFFFF04FFFFFFFF0CFFFFFFFF0CFFFFFFFF0C050000000C08000000110E05706C616E650D07737572666163650CFFFFFFFF04FFFFFFFF0CFFFFFFFF138AA658DACE174C4062105839B408224000000000000000001400000000000000800000000000000000000000000000F03F14000000000000F03F00
310
0000000000000000000000000000000B0B0B0B0B110D04666163650CFFFFFFFF04FFFFFFFF0CFFFFFFFF0CFFFFFFFF0C060000000C090000000CFFFFFFFF0C070000000B0A0B110D057368656C6C0CFFFFFFFF04FFFFFFFF0CFFFFFFFF0CFFFFFFFF0CFFFFFFFF0C080000000CFFFFFFFF0C0A000000110D046C756D700CFF
310
FFFFFF04FFFFFFFF0CFFFFFFFF0CFFFFFFFF0C090000000C00000000110E03456E640E026F660E0341534D0D0464617461
  0
ACDSRECORD
 90
        1
  2
AcDbDs::ID
280
    10
320
166
  2
ASM_Data
280
    15
 94
      811
310
414349532042696E61727946696C652855000000000000010000000C00000007214F70656E2044657369676E20416C6C69616E63652041434953204275696C646572070E41434953203231382E3030204E540718467269204175672030322030333A31313A3430203230323406000000000000F03F0648AFBC9AF2D77A3E06
310
BBBDD7D9DF7CDB3D0D04626F64790CFFFFFFFF04FFFFFFFF0CFFFFFFFF0C0A0000000CFFFFFFFF0CFFFFFFFF110D05706F696E740CFFFFFFFF04FFFFFFFF0CFFFFFFFF13DB5A159799794940DD24068195C310400000000000000000110D067665727465780CFFFFFFFF04FFFFFFFF0CFFFFFFFF0C0400000004020000000C
310
01000000110E07656C6C697073650D0563757276650CFFFFFFFF04FFFFFFFF0CFFFFFFFF136666666666664940DD24068195C3104000000000000000001400000000000000000000000000000000000000000000F03F14B174F4AE3033C33F0000000000000000000000000000008006000000000000F03F0B0B110D046564
310
67650CFFFFFFFF04FFFFFFFF0CFFFFFFFF0C020000000600000000000000000C0200000006182D4454FB2119400C050000000C030000000B0707756E6B6E6F776E110D06636F656467650CFFFFFFFF04FFFFFFFF0CFFFFFFFF0C050000000C050000000CFFFFFFFF0C040000000B0C0600000004000000000CFFFFFFFF110D
310
046C6F6F700CFFFFFFFF04FFFFFFFF0CFFFFFFFF0CFFFFFFFF0C050000000C08000000110E05706C616E650D07737572666163650CFFFFFFFF04FFFFFFFF0CFFFFFFFF132CEC0ECECC5C4940DD24068195C3104000000000000000001400000000000000800000000000000000000000000000F03F14000000000000F03F00
310
0000000000000000000000000000000B0B0B0B0B110D04666163650CFFFFFFFF04FFFFFFFF0CFFFFFFFF0CFFFFFFFF0C060000000C090000000CFFFFFFFF0C070000000B0A0B110D057368656C6C0CFFFFFFFF04FFFFFFFF0CFFFFFFFF0CFFFFFFFF0CFFFFFFFF0C080000000CFFFFFFFF0C0A000000110D046C756D700CFF
310
FFFFFF04FFFFFFFF0CFFFFFFFF0CFFFFFFFF0C090000000C00000000110E03456E640E026F660E0341534D0D0464617461
  0
ACDSRECORD
 90
        1
  2
AcDbDs::ID
280
    10
320
169
  2
ASM_Data
280
    15
 94
      811
310
414349532042696E61727946696C652855000000000000010000000C00000007214F70656E2044657369676E20416C6C69616E63652041434953204275696C646572070E41434953203231382E3030204E540718467269204175672030322030333A31313A3430203230323406000000000000F03F0648AFBC9AF2D77A3E06
310
BBBDD7D9DF7CDB3D0D04626F64790CFFFFFFFF04FFFFFFFF0CFFFFFFFF0C0A0000000CFFFFFFFF0CFFFFFFFF110D05706F696E740CFFFFFFFF04FFFFFFFF0CFFFFFFFF13BAAAA22E080C4E407C3F355EBA4912400000000000000000110D067665727465780CFFFFFFFF04FFFFFFFF0CFFFFFFFF0C0400000004020000000C
310
01000000110E07656C6C697073650D0563757276650CFFFFFFFF04FFFFFFFF0CFFFFFFFF1345B6F3FDD4F84D407C3F355EBA49124000000000000000001400000000000000000000000000000000000000000000F03F14B174F4AE3033C33F0000000000000000000000000000008006000000000000F03F0B0B110D046564
310
67650CFFFFFFFF04FFFFFFFF0CFFFFFFFF0C020000000600000000000000000C0200000006182D4454FB2119400C050000000C030000000B0707756E6B6E6F776E110D06636F656467650CFFFFFFFF04FFFFFFFF0CFFFFFFFF0C050000000C050000000CFFFFFFFF0C040000000B0C0600000004000000000CFFFFFFFF110D
310
046C6F6F700CFFFFFFFF04FFFFFFFF0CFFFFFFFF0CFFFFFFFF0C050000000C08000000110E05706C616E650D07737572666163650CFFFFFFFF04FFFFFFFF0CFFFFFFFF130B3C9C653BEF4D407C3F355EBA49124000000000000000001400000000000000800000000000000000000000000000F03F14000000000000F03F00
310
0000000000000000000000000000000B0B0B0B0B110D04666163650CFFFFFFFF04FFFFFFFF0CFFFFFFFF0CFFFFFFFF0C060000000C090000000CFFFFFFFF0C070000000B0A0B110D057368656C6C0CFFFFFFFF04FFFFFFFF0CFFFFFFFF0CFFFFFFFF0CFFFFFFFF0C080000000CFFFFFFFF0C0A000000110D046C756D700CFF
310
FFFFFF04FFFFFFFF0CFFFFFFFF0CFFFFFFFF0C090000000C00000000110E03456E640E026F660E0341534D0D0464617461
  0
ACDSRECORD
 90
        1
  2
AcDbDs::ID
280
    10
320
16C
  2
ASM_Data
280
    15
 94
      811
310
414349532042696E61727946696C652855000000000000010000000C00000007214F70656E2044657369676E20416C6C69616E63652041434953204275696C646572070E41434953203231382E3030204E540718467269204175672030322030333A31313A3430203230323406000000000000F03F0648AFBC9AF2D77A3E06
310
BBBDD7D9DF7CDB3D0D04626F64790CFFFFFFFF04FFFFFFFF0CFFFFFFFF0C0A0000000CFFFFFFFF0CFFFFFFFF110D05706F696E740CFFFFFFFF04FFFFFFFF0CFFFFFFFF1381F6D9B7492C46403108AC1C5AE418400000000000000000110D067665727465780CFFFFFFFF04FFFFFFFF0CFFFFFFFF0C0400000004020000000C
310
01000000110E07656C6C697073650D0563757276650CFFFFFFFF04FFFFFFFF0CFFFFFFFF130C022B87161946403108AC1C5AE4184000000000000000001400000000000000000000000000000000000000000000F03F14B174F4AE3033C33F0000000000000000000000000000008006000000000000F03F0B0B110D046564
310
67650CFFFFFFFF04FFFFFFFF0CFFFFFFFF0C020000000600000000000000000C0200000006182D4454FB2119400C050000000C030000000B0707756E6B6E6F776E110D06636F656467650CFFFFFFFF04FFFFFFFF0CFFFFFFFF0C050000000C050000000CFFFFFFFF0C040000000B0C0600000004000000000CFFFFFFFF110D
310
046C6F6F700CFFFFFFFF04FFFFFFFF0CFFFFFFFF0CFFFFFFFF0C050000000C08000000110E05706C616E650D07737572666163650CFFFFFFFF04FFFFFFFF0CFFFFFFFF13D287D3EE7C0F46403108AC1C5AE4184000000000000000001400000000000000800000000000000000000000000000F03F14000000000000F03F00
310
0000000000000000000000000000000B0B0B0B0B110D04666163650CFFFFFFFF04FFFFFFFF0CFFFFFFFF0CFFFFFFFF0C060000000C090000000CFFFFFFFF0C070000000B0A0B110D057368656C6C0CFFFFFFFF04FFFFFFFF0CFFFFFFFF0CFFFFFFFF0CFFFFFFFF0C080000000CFFFFFFFF0C0A000000110D046C756D700CFF
310
FFFFFF04FFFFFFFF0CFFFFFFFF0CFFFFFFFF0C090000000C00000000110E03456E640E026F660E0341534D0D0464617461
  0
ACDSRECORD
 90
        1
  2
AcDbDs::ID
280
    10
320
16F
  2
ASM_Data
280
    15
 94
      811
310
414349532042696E61727946696C652855000000000000010000000C00000007214F70656E2044657369676E20416C6C69616E63652041434953204275696C646572070E41434953203231382E3030204E540718467269204175672030322030333A31313A3430203230323406000000000000F03F0648AFBC9AF2D77A3E06
310
BBBDD7D9DF7CDB3D0D04626F64790CFFFFFFFF04FFFFFFFF0CFFFFFFFF0C0A0000000CFFFFFFFF0CFFFFFFFF110D05706F696E740CFFFFFFFF04FFFFFFFF0CFFFFFFFF139E503EF3282C4240713D0AD7A3F01B400000000000000000110D067665727465780CFFFFFFFF04FFFFFFFF0CFFFFFFFF0C0400000004020000000C
310
01000000110E07656C6C697073650D0563757276650CFFFFFFFF04FFFFFFFF0CFFFFFFFF13295C8FC2F5184240713D0AD7A3F01B4000000000000000001400000000000000000000000000000000000000000000F03F14B174F4AE3033C33F0000000000000000000000000000008006000000000000F03F0B0B110D046564
310
67650CFFFFFFFF04FFFFFFFF0CFFFFFFFF0C020000000600000000000000000C0200000006182D4454FB2119400C050000000C030000000B0707756E6B6E6F776E110D06636F656467650CFFFFFFFF04FFFFFFFF0CFFFFFFFF0C050000000C050000000CFFFFFFFF0C040000000B0C0600000004000000000CFFFFFFFF110D
310
046C6F6F700CFFFFFFFF04FFFFFFFF0CFFFFFFFF0CFFFFFFFF0C050000000C08000000110E05706C616E650D07737572666163650CFFFFFFFF04FFFFFFFF0CFFFFFFFF13EFE1372A5C0F4240713D0AD7A3F01B4000000000000000001400000000000000800000000000000000000000000000F03F14000000000000F03F00
310
0000000000000000000000000000000B0B0B0B0B110D04666163650CFFFFFFFF04FFFFFFFF0CFFFFFFFF0CFFFFFFFF0C060000000C090000000CFFFFFFFF0C070000000B0A0B110D057368656C6C0CFFFFFFFF04FFFFFFFF0CFFFFFFFF0CFFFFFFFF0CFFFFFFFF0C080000000CFFFFFFFF0C0A000000110D046C756D700CFF
310
FFFFFF04FFFFFFFF0CFFFFFFFF0CFFFFFFFF0C090000000C00000000110E03456E640E026F660E0341534D0D0464617461
  0
ACDSRECORD
 90
        1
  2
AcDbDs::ID
280
    10
320
172
  2
ASM_Data
280
    15
 94
      811
310
414349532042696E61727946696C652855000000000000010000000C00000007214F70656E2044657369676E20416C6C69616E63652041434953204275696C646572070E41434953203231382E3030204E540718467269204175672030322030333A31313A3430203230323406000000000000F03F0648AFBC9AF2D77A3E06
310
BBBDD7D9DF7CDB3D0D04626F64790CFFFFFFFF04FFFFFFFF0CFFFFFFFF0C0A0000000CFFFFFFFF0CFFFFFFFF110D05706F696E740CFFFFFFFF04FFFFFFFF0CFFFFFFFF1368F283A91CAA4140DD24068195C310400000000000000000110D067665727465780CFFFFFFFF04FFFFFFFF0CFFFFFFFF0C0400000004020000000C
310
01000000110E07656C6C697073650D0563757276650CFFFFFFFF04FFFFFFFF0CFFFFFFFF13F3FDD478E9964140DD24068195C3104000000000000000001400000000000000000000000000000000000000000000F03F14B174F4AE3033C33F0000000000000000000000000000008006000000000000F03F0B0B110D046564
310
67650CFFFFFFFF04FFFFFFFF0CFFFFFFFF0C020000000600000000000000000C0200000006182D4454FB2119400C050000000C030000000B0707756E6B6E6F776E110D06636F656467650CFFFFFFFF04FFFFFFFF0CFFFFFFFF0C050000000C050000000CFFFFFFFF0C040000000B0C0600000004000000000CFFFFFFFF110D
310
046C6F6F700CFFFFFFFF04FFFFFFFF0CFFFFFFFF0CFFFFFFFF0C050000000C08000000110E05706C616E650D07737572666163650CFFFFFFFF04FFFFFFFF0CFFFFFFFF13B9837DE04F8D4140DD24068195C3104000000000000000001400000000000000800000000000000000000000000000F03F14000000000000F03F00
310
0000000000000000000000000000000B0B0B0B0B110D04666163650CFFFFFFFF04FFFFFFFF0CFFFFFFFF0CFFFFFFFF0C060000000C090000000CFFFFFFFF0C070000000B0A0B110D057368656C6C0CFFFFFFFF04FFFFFFFF0CFFFFFFFF0CFFFFFFFF0CFFFFFFFF0C080000000CFFFFFFFF0C0A000000110D046C756D700CFF
310
FFFFFF04FFFFFFFF0CFFFFFFFF0CFFFFFFFF0C090000000C00000000110E03456E640E026F660E0341534D0D0464617461
  0
ACDSRECORD
 90
        1
  2
AcDbDs::ID
280
    10
320
175
  2
ASM_Data
280
    15
 94
      811
310
414349532042696E61727946696C652855000000000000010000000C00000007214F70656E2044657369676E20416C6C69616E63652041434953204275696C646572070E41434953203231382E3030204E540718467269204175672030322030333A31313A3430203230323406000000000000F03F0648AFBC9AF2D77A3E06
310
BBBDD7D9DF7CDB3D0D04626F64790CFFFFFFFF04FFFFFFFF0CFFFFFFFF0C0A0000000CFFFFFFFF0CFFFFFFFF110D05706F696E740CFFFFFFFF04FFFFFFFF0CFFFFFFFF1384AD7E11D90E3A407C3F355EBA4912400000000000000000110D067665727465780CFFFFFFFF04FFFFFFFF0CFFFFFFFF0C0400000004020000000C
310
01000000110E07656C6C697073650D0563757276650CFFFFFFFF04FFFFFFFF0CFFFFFFFF139BC420B072E839407C3F355EBA49124000000000000000001400000000000000000000000000000000000000000000F03F14B174F4AE3033C33F0000000000000000000000000000008006000000000000F03F0B0B110D046564
310
67650CFFFFFFFF04FFFFFFFF0CFFFFFFFF0C020000000600000000000000000C0200000006182D4454FB2119400C050000000C030000000B0707756E6B6E6F776E110D06636F656467650CFFFFFFFF04FFFFFFFF0CFFFFFFFF0C050000000C050000000CFFFFFFFF0C040000000B0C0600000004000000000CFFFFFFFF110D
310
046C6F6F700CFFFFFFFF04FFFFFFFF0CFFFFFFFF0CFFFFFFFF0C050000000C08000000110E05706C616E650D07737572666163650CFFFFFFFF04FFFFFFFF0CFFFFFFFF1326D0717F3FD539407C3F355EBA49124000000000000000001400000000000000800000000000000000000000000000F03F14000000000000F03F00
310
0000000000000000000000000000000B0B0B0B0B110D04666163650CFFFFFFFF04FFFFFFFF0CFFFFFFFF0CFFFFFFFF0C060000000C090000000CFFFFFFFF0C070000000B0A0B110D057368656C6C0CFFFFFFFF04FFFFFFFF0CFFFFFFFF0CFFFFFFFF0CFFFFFFFF0C080000000CFFFFFFFF0C0A000000110D046C756D700CFF
310
FFFFFF04FFFFFFFF0CFFFFFFFF0CFFFFFFFF0C090000000C00000000110E03456E640E026F660E0341534D0D0464617461
  0
ACDSRECORD
 90
        1
  2
AcDbDs::ID
280
    10
320
178
  2
ASM_Data
280
    15
 94
      811
310
414349532042696E61727946696C652855000000000000010000000C00000007214F70656E2044657369676E20416C6C69616E63652041434953204275696C646572070E41434953203231382E3030204E540718467269204175672030322030333A31313A3430203230323406000000000000F03F0648AFBC9AF2D77A3E06
310
BBBDD7D9DF7CDB3D0D04626F64790CFFFFFFFF04FFFFFFFF0CFFFFFFFF0C0A0000000CFFFFFFFF0CFFFFFFFF110D05706F696E740CFFFFFFFF04FFFFFFFF0CFFFFFFFF1348CE2E8441603E4045B6F3FDD4F81D400000000000000000110D067665727465780CFFFFFFFF04FFFFFFFF0CFFFFFFFF0C0400000004020000000C
310
01000000110E07656C6C697073650D0563757276650CFFFFFFFF04FFFFFFFF0CFFFFFFFF135FE5D022DB393E4045B6F3FDD4F81D4000000000000000001400000000000000000000000000000000000000000000F03F14B174F4AE3033C33F0000000000000000000000000000008006000000000000F03F0B0B110D046564
310
67650CFFFFFFFF04FFFFFFFF0CFFFFFFFF0C020000000600000000000000000C0200000006182D4454FB2119400C050000000C030000000B0707756E6B6E6F776E110D06636F656467650CFFFFFFFF04FFFFFFFF0CFFFFFFFF0C050000000C050000000CFFFFFFFF0C040000000B0C0600000004000000000CFFFFFFFF110D
310
046C6F6F700CFFFFFFFF04FFFFFFFF0CFFFFFFFF0CFFFFFFFF0C050000000C08000000110E05706C616E650D07737572666163650CFFFFFFFF04FFFFFFFF0CFFFFFFFF13EAF021F2A7263E4045B6F3FDD4F81D4000000000000000001400000000000000800000000000000000000000000000F03F14000000000000F03F00
310
0000000000000000000000000000000B0B0B0B0B110D04666163650CFFFFFFFF04FFFFFFFF0CFFFFFFFF0CFFFFFFFF0C060000000C090000000CFFFFFFFF0C070000000B0A0B110D057368656C6C0CFFFFFFFF04FFFFFFFF0CFFFFFFFF0CFFFFFFFF0CFFFFFFFF0C080000000CFFFFFFFF0C0A000000110D046C756D700CFF
310
FFFFFF04FFFFFFFF0CFFFFFFFF0CFFFFFFFF0C090000000C00000000110E03456E640E026F660E0341534D0D0464617461
  0
ACDSRECORD
 90
        1
  2
AcDbDs::ID
280
    10
320
17B
  2
ASM_Data
280
    15
 94
      811
310
414349532042696E61727946696C652855000000000000010000000C00000007214F70656E2044657369676E20416C6C69616E63652041434953204275696C646572070E41434953203231382E3030204E540718467269204175672030322030333A31313A3430203230323406000000000000F03F0648AFBC9AF2D77A3E06
310
BBBDD7D9DF7CDB3D0D04626F64790CFFFFFFFF04FFFFFFFF0CFFFFFFFF0C0A0000000CFFFFFFFF0CFFFFFFFF110D05706F696E740CFFFFFFFF04FFFFFFFF0CFFFFFFFF134AD2904C62985140894160E5D09230400000000000000000110D067665727465780CFFFFFFFF04FFFFFFFF0CFFFFFFFF0C0400000004020000000C
310
01000000110E07656C6C697073650D0563757276650CFFFFFFFF04FFFFFFFF0CFFFFFFFF13105839B4C88E5140894160E5D092304000000000000000001400000000000000000000000000000000000000000000F03F14B174F4AE3033C33F0000000000000000000000000000008006000000000000F03F0B0B110D046564
310
67650CFFFFFFFF04FFFFFFFF0CFFFFFFFF0C020000000600000000000000000C0200000006182D4454FB2119400C050000000C030000000B0707756E6B6E6F776E110D06636F656467650CFFFFFFFF04FFFFFFFF0CFFFFFFFF0C050000000C050000000CFFFFFFFF0C040000000B0C0600000004000000000CFFFFFFFF110D
310
046C6F6F700CFFFFFFFF04FFFFFFFF0CFFFFFFFF0CFFFFFFFF0C050000000C08000000110E05706C616E650D07737572666163650CFFFFFFFF04FFFFFFFF0CFFFFFFFF13F39A0DE8FB895140894160E5D092304000000000000000001400000000000000800000000000000000000000000000F03F14000000000000F03F00
310
0000000000000000000000000000000B0B0B0B0B110D04666163650CFFFFFFFF04FFFFFFFF0CFFFFFFFF0CFFFFFFFF0C060000000C090000000CFFFFFFFF0C070000000B0A0B110D057368656C6C0CFFFFFFFF04FFFFFFFF0CFFFFFFFF0CFFFFFFFF0CFFFFFFFF0C080000000CFFFFFFFF0C0A000000110D046C756D700CFF
310
FFFFFF04FFFFFFFF0CFFFFFFFF0CFFFFFFFF0C090000000C00000000110E03456E640E026F660E0341534D0D0464617461
  0
ACDSRECORD
 90
        1
  2
AcDbDs::ID
280
    10
320
17E
  2
ASM_Data
280
    15
 94
      811
310
414349532042696E61727946696C652855000000000000010000000C00000007214F70656E2044657369676E20416C6C69616E63652041434953204275696C646572070E41434953203231382E3030204E540718467269204175672030322030333A31313A3430203230323406000000000000F03F0648AFBC9AF2D77A3E06
310
BBBDD7D9DF7CDB3D0D04626F64790CFFFFFFFF04FFFFFFFF0CFFFFFFFF0C0A0000000CFFFFFFFF0CFFFFFFFF110D05706F696E740CFFFFFFFF04FFFFFFFF0CFFFFFFFF132B4DA5FAA9E951405FE5D022DB392E400000000000000000110D067665727465780CFFFFFFFF04FFFFFFFF0CFFFFFFFF0C0400000004020000000C
310
01000000110E07656C6C697073650D0563757276650CFFFFFFFF04FFFFFFFF0CFFFFFFFF13F1D24D6210E051405FE5D022DB392E4000000000000000001400000000000000000000000000000000000000000000F03F14B174F4AE3033C33F0000000000000000000000000000008006000000000000F03F0B0B110D046564
310
67650CFFFFFFFF04FFFFFFFF0CFFFFFFFF0C020000000600000000000000000C0200000006182D4454FB2119400C050000000C030000000B0707756E6B6E6F776E110D06636F656467650CFFFFFFFF04FFFFFFFF0CFFFFFFFF0C050000000C050000000CFFFFFFFF0C040000000B0C0600000004000000000CFFFFFFFF110D
310
046C6F6F700CFFFFFFFF04FFFFFFFF0CFFFFFFFF0CFFFFFFFF0C050000000C08000000110E05706C616E650D07737572666163650CFFFFFFFF04FFFFFFFF0CFFFFFFFF13D415229643DB51405FE5D022DB392E4000000000000000001400000000000000800000000000000000000000000000F03F14000000000000F03F00
310
0000000000000000000000000000000B0B0B0B0B110D04666163650CFFFFFFFF04FFFFFFFF0CFFFFFFFF0CFFFFFFFF0C060000000C090000000CFFFFFFFF0C070000000B0A0B110D057368656C6C0CFFFFFFFF04FFFFFFFF0CFFFFFFFF0CFFFFFFFF0CFFFFFFFF0C080000000CFFFFFFFF0C0A000000110D046C756D700CFF
310
FFFFFF04FFFFFFFF0CFFFFFFFF0CFFFFFFFF0C090000000C00000000110E03456E640E026F660E0341534D0D0464617461
  0
ACDSRECORD
 90
        1
  2
AcDbDs::ID
280
    10
320
181
  2
ASM_Data
280
    15
 94
      811
310
414349532042696E61727946696C652855000000000000010000000C00000007214F70656E2044657369676E20416C6C69616E63652041434953204275696C646572070E41434953203231382E3030204E540718467269204175672030322030333A31313A3430203230323406000000000000F03F0648AFBC9AF2D77A3E06
310
BBBDD7D9DF7CDB3D0D04626F64790CFFFFFFFF04FFFFFFFF0CFFFFFFFF0C0A0000000CFFFFFFFF0CFFFFFFFF110D05706F696E740CFFFFFFFF04FFFFFFFF0CFFFFFFFF1329BD25EFD27D4E40CCCCCCCCCC0C33400000000000000000110D067665727465780CFFFFFFFF04FFFFFFFF0CFFFFFFFF0C0400000004020000000C
310
01000000110E07656C6C697073650D0563757276650CFFFFFFFF04FFFFFFFF0CFFFFFFFF13B4C876BE9F6A4E40CCCCCCCCCC0C334000000000000000001400000000000000000000000000000000000000000000F03F14B174F4AE3033C33F0000000000000000000000000000008006000000000000F03F0B0B110D046564
310
67650CFFFFFFFF04FFFFFFFF0CFFFFFFFF0C020000000600000000000000000C0200000006182D4454FB2119400C050000000C030000000B0707756E6B6E6F776E110D06636F656467650CFFFFFFFF04FFFFFFFF0CFFFFFFFF0C050000000C050000000CFFFFFFFF0C040000000B0C0600000004000000000CFFFFFFFF110D
310
046C6F6F700CFFFFFFFF04FFFFFFFF0CFFFFFFFF0CFFFFFFFF0C050000000C08000000110E05706C616E650D07737572666163650CFFFFFFFF04FFFFFFFF0CFFFFFFFF137A4E1F2606614E40CCCCCCCCCC0C334000000000000000001400000000000000800000000000000000000000000000F03F14000000000000F03F00
310
0000000000000000000000000000000B0B0B0B0B110D04666163650CFFFFFFFF04FFFFFFFF0CFFFFFFFF0CFFFFFFFF0C060000000C090000000CFFFFFFFF0C070000000B0A0B110D057368656C6C0CFFFFFFFF04FFFFFFFF0CFFFFFFFF0CFFFFFFFF0CFFFFFFFF0C080000000CFFFFFFFF0C0A000000110D046C756D700CFF
310
FFFFFF04FFFFFFFF0CFFFFFFFF0CFFFFFFFF0C090000000C00000000110E03456E640E026F660E0341534D0D0464617461
  0
ACDSRECORD
 90
        1
  2
AcDbDs::ID
280
    10
320
184
  2
ASM_Data
280
    15
 94
      811
310
414349532042696E61727946696C652855000000000000010000000C00000007214F70656E2044657369676E20416C6C69616E63652041434953204275696C646572070E41434953203231382E3030204E540718467269204175672030322030333A31313A3430203230323406000000000000F03F0648AFBC9AF2D77A3E06
310
BBBDD7D9DF7CDB3D0D04626F64790CFFFFFFFF04FFFFFFFF0CFFFFFFFF0C0A0000000CFFFFFFFF0CFFFFFFFF110D05706F696E740CFFFFFFFF04FFFFFFFF0CFFFFFFFF137D4B10E0BA764F4034E76C43BDC533400000000000000000110D067665727465780CFFFFFFFF04FFFFFFFF0CFFFFFFFF0C0400000004020000000C
310
01000000110E07656C6C697073650D0563757276650CFFFFFFFF04FFFFFFFF0CFFFFFFFF13085761AF87634F4034E76C43BDC5334000000000000000001400000000000000000000000000000000000000000000F03F14B174F4AE3033C33F0000000000000000000000000000008006000000000000F03F0B0B110D046564
310
67650CFFFFFFFF04FFFFFFFF0CFFFFFFFF0C020000000600000000000000000C0200000006182D4454FB2119400C050000000C030000000B0707756E6B6E6F776E110D06636F656467650CFFFFFFFF04FFFFFFFF0CFFFFFFFF0C050000000C050000000CFFFFFFFF0C040000000B0C0600000004000000000CFFFFFFFF110D
310
046C6F6F700CFFFFFFFF04FFFFFFFF0CFFFFFFFF0CFFFFFFFF0C050000000C08000000110E05706C616E650D07737572666163650CFFFFFFFF04FFFFFFFF0CFFFFFFFF13CEDC0917EE594F4034E76C43BDC5334000000000000000001400000000000000800000000000000000000000000000F03F14000000000000F03F00
310
0000000000000000000000000000000B0B0B0B0B110D04666163650CFFFFFFFF04FFFFFFFF0CFFFFFFFF0CFFFFFFFF0C060000000C090000000CFFFFFFFF0C070000000B0A0B110D057368656C6C0CFFFFFFFF04FFFFFFFF0CFFFFFFFF0CFFFFFFFF0CFFFFFFFF0C080000000CFFFFFFFF0C0A000000110D046C756D700CFF
310
FFFFFF04FFFFFFFF0CFFFFFFFF0CFFFFFFFF0C090000000C00000000110E03456E640E026F660E0341534D0D0464617461
  0
ACDSRECORD
 90
        1
  2
AcDbDs::ID
280
    10
320
187
  2
ASM_Data
280
    15
 94
      811
310
414349532042696E61727946696C652855000000000000010000000C00000007214F70656E2044657369676E20416C6C69616E63652041434953204275696C646572070E41434953203231382E3030204E540718467269204175672030322030333A31313A3430203230323406000000000000F03F0648AFBC9AF2D77A3E06
310
BBBDD7D9DF7CDB3D0D04626F64790CFFFFFFFF04FFFFFFFF0CFFFFFFFF0C0A0000000CFFFFFFFF0CFFFFFFFF110D05706F696E740CFFFFFFFF04FFFFFFFF0CFFFFFFFF135CF0582206514B402FDD2406813535400000000000000000110D067665727465780CFFFFFFFF04FFFFFFFF0CFFFFFFFF0C0400000004020000000C
310
01000000110E07656C6C697073650D0563757276650CFFFFFFFF04FFFFFFFF0CFFFFFFFF13E7FBA9F1D23D4B402FDD24068135354000000000000000001400000000000000000000000000000000000000000000F03F14B174F4AE3033C33F0000000000000000000000000000008006000000000000F03F0B0B110D046564
310
67650CFFFFFFFF04FFFFFFFF0CFFFFFFFF0C020000000600000000000000000C0200000006182D4454FB2119400C050000000C030000000B0707756E6B6E6F776E110D06636F656467650CFFFFFFFF04FFFFFFFF0CFFFFFFFF0C050000000C050000000CFFFFFFFF0C040000000B0C0600000004000000000CFFFFFFFF110D
310
046C6F6F700CFFFFFFFF04FFFFFFFF0CFFFFFFFF0CFFFFFFFF0C050000000C08000000110E05706C616E650D07737572666163650CFFFFFFFF04FFFFFFFF0CFFFFFFFF13AD81525939344B402FDD24068135354000000000000000001400000000000000800000000000000000000000000000F03F14000000000000F03F00
310
0000000000000000000000000000000B0B0B0B0B110D04666163650CFFFFFFFF04FFFFFFFF0CFFFFFFFF0CFFFFFFFF0C060000000C090000000CFFFFFFFF0C070000000B0A0B110D057368656C6C0CFFFFFFFF04FFFFFFFF0CFFFFFFFF0CFFFFFFFF0CFFFFFFFF0C080000000CFFFFFFFF0C0A000000110D046C756D700CFF
310
FFFFFF04FFFFFFFF0CFFFFFFFF0CFFFFFFFF0C090000000C00000000110E03456E640E026F660E0341534D0D0464617461
  0
ACDSRECORD
 90
        1
  2
AcDbDs::ID
280
    10
320
18A
  2
ASM_Data
280
    15
 94
      811
310
414349532042696E61727946696C652855000000000000010000000C00000007214F70656E2044657369676E20416C6C69616E63652041434953204275696C646572070E41434953203231382E3030204E540718467269204175672030322030333A31313A3430203230323406000000000000F03F0648AFBC9AF2D77A3E06
310
BBBDD7D9DF7CDB3D0D04626F64790CFFFFFFFF04FFFFFFFF0CFFFFFFFF0C0A0000000CFFFFFFFF0CFFFFFFFF110D05706F696E740CFFFFFFFF04FFFFFFFF0CFFFFFFFF134A6D985764EB49402FDD2406813535400000000000000000110D067665727465780CFFFFFFFF04FFFFFFFF0CFFFFFFFF0C0400000004020000000C
310
01000000110E07656C6C697073650D0563757276650CFFFFFFFF04FFFFFFFF0CFFFFFFFF13D578E92631D849402FDD24068135354000000000000000001400000000000000000000000000000000000000000000F03F14B174F4AE3033C33F0000000000000000000000000000008006000000000000F03F0B0B110D046564
310
67650CFFFFFFFF04FFFFFFFF0CFFFFFFFF0C020000000600000000000000000C0200000006182D4454FB2119400C050000000C030000000B0707756E6B6E6F776E110D06636F656467650CFFFFFFFF04FFFFFFFF0CFFFFFFFF0C050000000C050000000CFFFFFFFF0C040000000B0C0600000004000000000CFFFFFFFF110D
310
046C6F6F700CFFFFFFFF04FFFFFFFF0CFFFFFFFF0CFFFFFFFF0C050000000C08000000110E05706C616E650D07737572666163650CFFFFFFFF04FFFFFFFF0CFFFFFFFF139BFE918E97CE49402FDD24068135354000000000000000001400000000000000800000000000000000000000000000F03F14000000000000F03F00
310
0000000000000000000000000000000B0B0B0B0B110D04666163650CFFFFFFFF04FFFFFFFF0CFFFFFFFF0CFFFFFFFF0C060000000C090000000CFFFFFFFF0C070000000B0A0B110D057368656C6C0CFFFFFFFF04FFFFFFFF0CFFFFFFFF0CFFFFFFFF0CFFFFFFFF0C080000000CFFFFFFFF0C0A000000110D046C756D700CFF
310
FFFFFF04FFFFFFFF0CFFFFFFFF0CFFFFFFFF0C090000000C00000000110E03456E640E026F660E0341534D0D0464617461
  0
ACDSRECORD
 90
        1
  2
AcDbDs::ID
280
    10
320
18D
  2
ASM_Data
280
    15
 94
      811
310
414349532042696E61727946696C652855000000000000010000000C00000007214F70656E2044657369676E20416C6C69616E63652041434953204275696C646572070E41434953203231382E3030204E540718467269204175672030322030333A31313A3430203230323406000000000000F03F0648AFBC9AF2D77A3E06
310
BBBDD7D9DF7CDB3D0D04626F64790CFFFFFFFF04FFFFFFFF0CFFFFFFFF0C0A0000000CFFFFFFFF0CFFFFFFFF110D05706F696E740CFFFFFFFF04FFFFFFFF0CFFFFFFFF139F7BC50902CB4D40E9263108ACFC36400000000000000000110D067665727465780CFFFFFFFF04FFFFFFFF0CFFFFFFFF0C0400000004020000000C
310
01000000110E07656C6C697073650D0563757276650CFFFFFFFF04FFFFFFFF0CFFFFFFFF132A8716D9CEB74D40E9263108ACFC364000000000000000001400000000000000000000000000000000000000000000F03F14B174F4AE3033C33F0000000000000000000000000000008006000000000000F03F0B0B110D046564
310
67650CFFFFFFFF04FFFFFFFF0CFFFFFFFF0C020000000600000000000000000C0200000006182D4454FB2119400C050000000C030000000B0707756E6B6E6F776E110D06636F656467650CFFFFFFFF04FFFFFFFF0CFFFFFFFF0C050000000C050000000CFFFFFFFF0C040000000B0C0600000004000000000CFFFFFFFF110D
310
046C6F6F700CFFFFFFFF04FFFFFFFF0CFFFFFFFF0CFFFFFFFF0C050000000C08000000110E05706C616E650D07737572666163650CFFFFFFFF04FFFFFFFF0CFFFFFFFF13F00CBF4035AE4D40E9263108ACFC364000000000000000001400000000000000800000000000000000000000000000F03F14000000000000F03F00
310
0000000000000000000000000000000B0B0B0B0B110D04666163650CFFFFFFFF04FFFFFFFF0CFFFFFFFF0CFFFFFFFF0C060000000C090000000CFFFFFFFF0C070000000B0A0B110D057368656C6C0CFFFFFFFF04FFFFFFFF0CFFFFFFFF0CFFFFFFFF0CFFFFFFFF0C080000000CFFFFFFFF0C0A000000110D046C756D700CFF
310
FFFFFF04FFFFFFFF0CFFFFFFFF0CFFFFFFFF0C090000000C00000000110E03456E640E026F660E0341534D0D0464617461
  0
ACDSRECORD
 90
        1
  2
AcDbDs::ID
280
    10
320
190
  2
ASM_Data
280
    15
 94
      811
310
414349532042696E61727946696C652855000000000000010000000C00000007214F70656E2044657369676E20416C6C69616E63652041434953204275696C646572070E41434953203231382E3030204E540718467269204175672030322030333A31313A3430203230323406000000000000F03F0648AFBC9AF2D77A3E06
310
BBBDD7D9DF7CDB3D0D04626F64790CFFFFFFFF04FFFFFFFF0CFFFFFFFF0C0A0000000CFFFFFFFF0CFFFFFFFF110D05706F696E740CFFFFFFFF04FFFFFFFF0CFFFFFFFF13E53D526D05754D40338CF5EC3D4735400000000000000000110D067665727465780CFFFFFFFF04FFFFFFFF0CFFFFFFFF0C0400000004020000000C
310
01000000110E07656C6C697073650D0563757276650CFFFFFFFF04FFFFFFFF0CFFFFFFFF137049A33CD2614D40338CF5EC3D47354000000000000000001400000000000000000000000000000000000000000000F03F14B174F4AE3033C33F0000000000000000000000000000008006000000000000F03F0B0B110D046564
310
67650CFFFFFFFF04FFFFFFFF0CFFFFFFFF0C020000000600000000000000000C0200000006182D4454FB2119400C050000000C030000000B0707756E6B6E6F776E110D06636F656467650CFFFFFFFF04FFFFFFFF0CFFFFFFFF0C050000000C050000000CFFFFFFFF0C040000000B0C0600000004000000000CFFFFFFFF110D
310
046C6F6F700CFFFFFFFF04FFFFFFFF0CFFFFFFFF0CFFFFFFFF0C050000000C08000000110E05706C616E650D07737572666163650CFFFFFFFF04FFFFFFFF0CFFFFFFFF1336CF4BA438584D40338CF5EC3D47354000000000000000001400000000000000800000000000000000000000000000F03F14000000000000F03F00
310
0000000000000000000000000000000B0B0B0B0B110D04666163650CFFFFFFFF04FFFFFFFF0CFFFFFFFF0CFFFFFFFF0C060000000C090000000CFFFFFFFF0C070000000B0A0B110D057368656C6C0CFFFFFFFF04FFFFFFFF0CFFFFFFFF0CFFFFFFFF0CFFFFFFFF0C080000000CFFFFFFFF0C0A000000110D046C756D700CFF
310
FFFFFF04FFFFFFFF0CFFFFFFFF0CFFFFFFFF0C090000000C00000000110E03456E640E026F660E0341534D0D0464617461
  0
ACDSRECORD
 90
        1
  2
AcDbDs::ID
280
    10
320
193
  2
ASM_Data
280
    15
 94
      811
310
414349532042696E61727946696C652855000000000000010000000C00000007214F70656E2044657369676E20416C6C69616E63652041434953204275696C646572070E41434953203231382E3030204E540718467269204175672030322030333A31313A3430203230323406000000000000F03F0648AFBC9AF2D77A3E06
310
BBBDD7D9DF7CDB3D0D04626F64790CFFFFFFFF04FFFFFFFF0CFFFFFFFF0C0A0000000CFFFFFFFF0CFFFFFFFF110D05706F696E740CFFFFFFFF04FFFFFFFF0CFFFFFFFF1337672BCCCE774D40E9269432673B36400000000000000000110D067665727465780CFFFFFFFF04FFFFFFFF0CFFFFFFFF0C0400000004020000000C
310
01000000110E07656C6C697073650D0563757276650CFFFFFFFF04FFFFFFFF0CFFFFFFFF13C2727C9B9B644D40E9269432673B364000000000000000001400000000000000000000000000000000000000000000F03F14B174F4AE3033C33F0000000000000000000000000000008006000000000000F03F0B0B110D046564
310
67650CFFFFFFFF04FFFFFFFF0CFFFFFFFF0C020000000600000000000000000C0200000006182D4454FB2119400C050000000C030000000B0707756E6B6E6F776E110D06636F656467650CFFFFFFFF04FFFFFFFF0CFFFFFFFF0C050000000C050000000CFFFFFFFF0C040000000B0C0600000004000000000CFFFFFFFF110D
310
046C6F6F700CFFFFFFFF04FFFFFFFF0CFFFFFFFF0CFFFFFFFF0C050000000C08000000110E05706C616E650D07737572666163650CFFFFFFFF04FFFFFFFF0CFFFFFFFF1388F82403025B4D40E9269432673B364000000000000000001400000000000000800000000000000000000000000000F03F14000000000000F03F00
310
0000000000000000000000000000000B0B0B0B0B110D04666163650CFFFFFFFF04FFFFFFFF0CFFFFFFFF0CFFFFFFFF0C060000000C090000000CFFFFFFFF0C070000000B0A0B110D057368656C6C0CFFFFFFFF04FFFFFFFF0CFFFFFFFF0CFFFFFFFF0CFFFFFFFF0C080000000CFFFFFFFF0C0A000000110D046C756D700CFF
310
FFFFFF04FFFFFFFF0CFFFFFFFF0CFFFFFFFF0C090000000C00000000110E03456E640E026F660E0341534D0D0464617461
  0
ACDSRECORD
 90
        1
  2
AcDbDs::ID
280
    10
320
196
  2
ASM_Data
280
    15
 94
      811
310
414349532042696E61727946696C652855000000000000010000000C00000007214F70656E2044657369676E20416C6C69616E63652041434953204275696C646572070E41434953203231382E3030204E540718467269204175672030322030333A31313A3430203230323406000000000000F03F0648AFBC9AF2D77A3E06
310
BBBDD7D9DF7CDB3D0D04626F64790CFFFFFFFF04FFFFFFFF0CFFFFFFFF0C0A0000000CFFFFFFFF0CFFFFFFFF110D05706F696E740CFFFFFFFF04FFFFFFFF0CFFFFFFFF13D92F8E80C0BA4D403BDF4F8D976E3B400000000000000000110D067665727465780CFFFFFFFF04FFFFFFFF0CFFFFFFFF0C0400000004020000000C
310
01000000110E07656C6C697073650D0563757276650CFFFFFFFF04FFFFFFFF0CFFFFFFFF13643BDF4F8DA74D403BDF4F8D976E3B4000000000000000001400000000000000000000000000000000000000000000F03F14B174F4AE3033C33F0000000000000000000000000000008006000000000000F03F0B0B110D046564
310
67650CFFFFFFFF04FFFFFFFF0CFFFFFFFF0C020000000600000000000000000C0200000006182D4454FB2119400C050000000C030000000B0707756E6B6E6F776E110D06636F656467650CFFFFFFFF04FFFFFFFF0CFFFFFFFF0C050000000C050000000CFFFFFFFF0C040000000B0C0600000004000000000CFFFFFFFF110D
310
046C6F6F700CFFFFFFFF04FFFFFFFF0CFFFFFFFF0CFFFFFFFF0C050000000C08000000110E05706C616E650D07737572666163650CFFFFFFFF04FFFFFFFF0CFFFFFFFF132AC187B7F39D4D403BDF4F8D976E3B4000000000000000001400000000000000800000000000000000000000000000F03F14000000000000F03F00
310
0000000000000000000000000000000B0B0B0B0B110D04666163650CFFFFFFFF04FFFFFFFF0CFFFFFFFF0CFFFFFFFF0C060000000C090000000CFFFFFFFF0C070000000B0A0B110D057368656C6C0CFFFFFFFF04FFFFFFFF0CFFFFFFFF0CFFFFFFFF0CFFFFFFFF0C080000000CFFFFFFFF0C0A000000110D046C756D700CFF
310
FFFFFF04FFFFFFFF0CFFFFFFFF0CFFFFFFFF0C090000000C00000000110E03456E640E026F660E0341534D0D0464617461
  0
ACDSRECORD
 90
        1
  2
AcDbDs::ID
280
    10
320
199
  2
ASM_Data
280
    15
 94
      811
310
414349532042696E61727946696C652855000000000000010000000C00000007214F70656E2044657369676E20416C6C69616E63652041434953204275696C646572070E41434953203231382E3030204E540718467269204175672030322030333A31313A3430203230323406000000000000F03F0648AFBC9AF2D77A3E06
310
BBBDD7D9DF7CDB3D0D04626F64790CFFFFFFFF04FFFFFFFF0CFFFFFFFF0C0A0000000CFFFFFFFF0CFFFFFFFF110D05706F696E740CFFFFFFFF04FFFFFFFF0CFFFFFFFF134C32175D830C4E40C153E9A363A334400000000000000000110D067665727465780CFFFFFFFF04FFFFFFFF0CFFFFFFFF0C0400000004020000000C
310
01000000110E07656C6C697073650D0563757276650CFFFFFFFF04FFFFFFFF0CFFFFFFFF13D73D682C50F94D40C153E9A363A3344000000000000000001400000000000000000000000000000000000000000000F03F14B174F4AE3033C33F0000000000000000000000000000008006000000000000F03F0B0B110D046564
310
67650CFFFFFFFF04FFFFFFFF0CFFFFFFFF0C020000000600000000000000000C0200000006182D4454FB2119400C050000000C030000000B0707756E6B6E6F776E110D06636F656467650CFFFFFFFF04FFFFFFFF0CFFFFFFFF0C050000000C050000000CFFFFFFFF0C040000000B0C0600000004000000000CFFFFFFFF110D
310
046C6F6F700CFFFFFFFF04FFFFFFFF0CFFFFFFFF0CFFFFFFFF0C050000000C08000000110E05706C616E650D07737572666163650CFFFFFFFF04FFFFFFFF0CFFFFFFFF139DC31094B6EF4D40C153E9A363A3344000000000000000001400000000000000800000000000000000000000000000F03F14000000000000F03F00
310
0000000000000000000000000000000B0B0B0B0B110D04666163650CFFFFFFFF04FFFFFFFF0CFFFFFFFF0CFFFFFFFF0C060000000C090000000CFFFFFFFF0C070000000B0A0B110D057368656C6C0CFFFFFFFF04FFFFFFFF0CFFFFFFFF0CFFFFFFFF0CFFFFFFFF0C080000000CFFFFFFFF0C0A000000110D046C756D700CFF
310
FFFFFF04FFFFFFFF0CFFFFFFFF0CFFFFFFFF0C090000000C00000000110E03456E640E026F660E0341534D0D0464617461
  0
ACDSRECORD
 90
        1
  2
AcDbDs::ID
280
    10
320
19C
  2
ASM_Data
280
    15
 94
      811
310
414349532042696E61727946696C652855000000000000010000000C00000007214F70656E2044657369676E20416C6C69616E63652041434953204275696C646572070E41434953203231382E3030204E540718467269204175672030322030333A31313A3430203230323406000000000000F03F0648AFBC9AF2D77A3E06
310
BBBDD7D9DF7CDB3D0D04626F64790CFFFFFFFF04FFFFFFFF0CFFFFFFFF0C0A0000000CFFFFFFFF0CFFFFFFFF110D05706F696E740CFFFFFFFF04FFFFFFFF0CFFFFFFFF138BD0F8531D0F4F40800A689E336435400000000000000000110D067665727465780CFFFFFFFF04FFFFFFFF0CFFFFFFFF0C0400000004020000000C
310
01000000110E07656C6C697073650D0563757276650CFFFFFFFF04FFFFFFFF0CFFFFFFFF1316DC4923EAFB4E40800A689E3364354000000000000000001400000000000000000000000000000000000000000000F03F14B174F4AE3033C33F0000000000000000000000000000008006000000000000F03F0B0B110D046564
310
67650CFFFFFFFF04FFFFFFFF0CFFFFFFFF0C020000000600000000000000000C0200000006182D4454FB2119400C050000000C030000000B0707756E6B6E6F776E110D06636F656467650CFFFFFFFF04FFFFFFFF0CFFFFFFFF0C050000000C050000000CFFFFFFFF0C040000000B0C0600000004000000000CFFFFFFFF110D
310
046C6F6F700CFFFFFFFF04FFFFFFFF0CFFFFFFFF0CFFFFFFFF0C050000000C08000000110E05706C616E650D07737572666163650CFFFFFFFF04FFFFFFFF0CFFFFFFFF13DC61F28A50F24E40800A689E3364354000000000000000001400000000000000800000000000000000000000000000F03F14000000000000F03F00
310
0000000000000000000000000000000B0B0B0B0B110D04666163650CFFFFFFFF04FFFFFFFF0CFFFFFFFF0CFFFFFFFF0C060000000C090000000CFFFFFFFF0C070000000B0A0B110D057368656C6C0CFFFFFFFF04FFFFFFFF0CFFFFFFFF0CFFFFFFFF0CFFFFFFFF0C080000000CFFFFFFFF0C0A000000110D046C756D700CFF
310
FFFFFF04FFFFFFFF0CFFFFFFFF0CFFFFFFFF0C090000000C00000000110E03456E640E026F660E0341534D0D0464617461
  0
ACDSRECORD
 90
        1
  2
AcDbDs::ID
280
    10
320
19F
  2
ASM_Data
280
    15
 94
      811
310
414349532042696E61727946696C652855000000000000010000000C00000007214F70656E2044657369676E20416C6C69616E63652041434953204275696C646572070E41434953203231382E3030204E540718467269204175672030322030333A31313A3430203230323406000000000000F03F0648AFBC9AF2D77A3E06
310
BBBDD7D9DF7CDB3D0D04626F64790CFFFFFFFF04FFFFFFFF0CFFFFFFFF0C0A0000000CFFFFFFFF0CFFFFFFFF110D05706F696E740CFFFFFFFF04FFFFFFFF0CFFFFFFFF13EBB24E4B62204F40DF4F8D976E7234400000000000000000110D067665727465780CFFFFFFFF04FFFFFFFF0CFFFFFFFF0C0400000004020000000C
310
01000000110E07656C6C697073650D0563757276650CFFFFFFFF04FFFFFFFF0CFFFFFFFF1376BE9F1A2F0D4F40DF4F8D976E72344000000000000000001400000000000000000000000000000000000000000000F03F14B174F4AE3033C33F0000000000000000000000000000008006000000000000F03F0B0B110D046564
310
67650CFFFFFFFF04FFFFFFFF0CFFFFFFFF0C020000000600000000000000000C0200000006182D4454FB2119400C050000000C030000000B0707756E6B6E6F776E110D06636F656467650CFFFFFFFF04FFFFFFFF0CFFFFFFFF0C050000000C050000000CFFFFFFFF0C040000000B0C0600000004000000000CFFFFFFFF110D
310
046C6F6F700CFFFFFFFF04FFFFFFFF0CFFFFFFFF0CFFFFFFFF0C050000000C08000000110E05706C616E650D07737572666163650CFFFFFFFF04FFFFFFFF0CFFFFFFFF133C44488295034F40DF4F8D976E72344000000000000000001400000000000000800000000000000000000000000000F03F14000000000000F03F00
310
0000000000000000000000000000000B0B0B0B0B110D04666163650CFFFFFFFF04FFFFFFFF0CFFFFFFFF0CFFFFFFFF0C060000000C090000000CFFFFFFFF0C070000000B0A0B110D057368656C6C0CFFFFFFFF04FFFFFFFF0CFFFFFFFF0CFFFFFFFF0CFFFFFFFF0C080000000CFFFFFFFF0C0A000000110D046C756D700CFF
310
FFFFFF04FFFFFFFF0CFFFFFFFF0CFFFFFFFF0C090000000C00000000110E03456E640E026F660E0341534D0D0464617461
  0
ACDSRECORD
 90
        1
  2
AcDbDs::ID
280
    10
320
1A2
  2
ASM_Data
280
    15
 94
      811
310
414349532042696E61727946696C652855000000000000010000000C00000007214F70656E2044657369676E20416C6C69616E63652041434953204275696C646572070E41434953203231382E3030204E540718467269204175672030322030333A31313A3430203230323406000000000000F03F0648AFBC9AF2D77A3E06
310
BBBDD7D9DF7CDB3D0D04626F64790CFFFFFFFF04FFFFFFFF0CFFFFFFFF0C0A0000000CFFFFFFFF0CFFFFFFFF110D05706F696E740CFFFFFFFF04FFFFFFFF0CFFFFFFFF136D4892D6CE07494095438B6CE7BB3E400000000000000000110D067665727465780CFFFFFFFF04FFFFFFFF0CFFFFFFFF0C0400000004020000000C
310
01000000110E07656C6C697073650D0563757276650CFFFFFFFF04FFFFFFFF0CFFFFFFFF13F853E3A59BF4484095438B6CE7BB3E4000000000000000001400000000000000000000000000000000000000000000F03F14B174F4AE3033C33F0000000000000000000000000000008006000000000000F03F0B0B110D046564
310
67650CFFFFFFFF04FFFFFFFF0CFFFFFFFF0C020000000600000000000000000C0200000006182D4454FB2119400C050000000C030000000B0707756E6B6E6F776E110D06636F656467650CFFFFFFFF04FFFFFFFF0CFFFFFFFF0C050000000C050000000CFFFFFFFF0C040000000B0C0600000004000000000CFFFFFFFF110D
310
046C6F6F700CFFFFFFFF04FFFFFFFF0CFFFFFFFF0CFFFFFFFF0C050000000C08000000110E05706C616E650D07737572666163650CFFFFFFFF04FFFFFFFF0CFFFFFFFF13BED98B0D02EB484095438B6CE7BB3E4000000000000000001400000000000000800000000000000000000000000000F03F14000000000000F03F00
310
0000000000000000000000000000000B0B0B0B0B110D04666163650CFFFFFFFF04FFFFFFFF0CFFFFFFFF0CFFFFFFFF0C060000000C090000000CFFFFFFFF0C070000000B0A0B110D057368656C6C0CFFFFFFFF04FFFFFFFF0CFFFFFFFF0CFFFFFFFF0CFFFFFFFF0C080000000CFFFFFFFF0C0A000000110D046C756D700CFF
310
FFFFFF04FFFFFFFF0CFFFFFFFF0CFFFFFFFF0C090000000C00000000110E03456E640E026F660E0341534D0D0464617461
  0
ACDSRECORD
 90
        1
  2
AcDbDs::ID
280
    10
320
1A5
  2
ASM_Data
280
    15
 94
      811
310
414349532042696E61727946696C652855000000000000010000000C00000007214F70656E2044657369676E20416C6C69616E63652041434953204275696C646572070E41434953203231382E3030204E540718467269204175672030322030333A31313A3430203230323406000000000000F03F0648AFBC9AF2D77A3E06
310
BBBDD7D9DF7CDB3D0D04626F64790CFFFFFFFF04FFFFFFFF0CFFFFFFFF0C0A0000000CFFFFFFFF0CFFFFFFFF110D05706F696E740CFFFFFFFF04FFFFFFFF0CFFFFFFFF133D6B6DD04DA24B40FBA9F1D24D7240400000000000000000110D067665727465780CFFFFFFFF04FFFFFFFF0CFFFFFFFF0C0400000004020000000C
310
01000000110E07656C6C697073650D0563757276650CFFFFFFFF04FFFFFFFF0CFFFFFFFF13C876BE9F1A8F4B40FBA9F1D24D72404000000000000000001400000000000000000000000000000000000000000000F03F14B174F4AE3033C33F0000000000000000000000000000008006000000000000F03F0B0B110D046564
310
67650CFFFFFFFF04FFFFFFFF0CFFFFFFFF0C020000000600000000000000000C0200000006182D4454FB2119400C050000000C030000000B0707756E6B6E6F776E110D06636F656467650CFFFFFFFF04FFFFFFFF0CFFFFFFFF0C050000000C050000000CFFFFFFFF0C040000000B0C0600000004000000000CFFFFFFFF110D
310
046C6F6F700CFFFFFFFF04FFFFFFFF0CFFFFFFFF0CFFFFFFFF0C050000000C08000000110E05706C616E650D07737572666163650CFFFFFFFF04FFFFFFFF0CFFFFFFFF138EFC660781854B40FBA9F1D24D72404000000000000000001400000000000000800000000000000000000000000000F03F14000000000000F03F00
310
0000000000000000000000000000000B0B0B0B0B110D04666163650CFFFFFFFF04FFFFFFFF0CFFFFFFFF0CFFFFFFFF0C060000000C090000000CFFFFFFFF0C070000000B0A0B110D057368656C6C0CFFFFFFFF04FFFFFFFF0CFFFFFFFF0CFFFFFFFF0CFFFFFFFF0C080000000CFFFFFFFF0C0A000000110D046C756D700CFF
310
FFFFFF04FFFFFFFF0CFFFFFFFF0CFFFFFFFF0C090000000C00000000110E03456E640E026F660E0341534D0D0464617461
  0
ACDSRECORD
 90
        1
  2
AcDbDs::ID
280
    10
320
1A8
  2
ASM_Data
280
    15
 94
      811
310
414349532042696E61727946696C652855000000000000010000000C00000007214F70656E2044657369676E20416C6C69616E63652041434953204275696C646572070E41434953203231382E3030204E540718467269204175672030322030333A31313A3430203230323406000000000000F03F0648AFBC9AF2D77A3E06
310
BBBDD7D9DF7CDB3D0D04626F64790CFFFFFFFF04FFFFFFFF0CFFFFFFFF0C0A0000000CFFFFFFFF0CFFFFFFFF110D05706F696E740CFFFFFFFF04FFFFFFFF0CFFFFFFFF13420ABF5097B84C4008F55FADFB6340400000000000000000110D067665727465780CFFFFFFFF04FFFFFFFF0CFFFFFFFF0C0400000004020000000C
310
01000000110E07656C6C697073650D0563757276650CFFFFFFFF04FFFFFFFF0CFFFFFFFF13CD15102064A54C4008F55FADFB63404000000000000000001400000000000000000000000000000000000000000000F03F14B174F4AE3033C33F0000000000000000000000000000008006000000000000F03F0B0B110D046564
310
67650CFFFFFFFF04FFFFFFFF0CFFFFFFFF0C020000000600000000000000000C0200000006182D4454FB2119400C050000000C030000000B0707756E6B6E6F776E110D06636F656467650CFFFFFFFF04FFFFFFFF0CFFFFFFFF0C050000000C050000000CFFFFFFFF0C040000000B0C0600000004000000000CFFFFFFFF110D
310
046C6F6F700CFFFFFFFF04FFFFFFFF0CFFFFFFFF0CFFFFFFFF0C050000000C08000000110E05706C616E650D07737572666163650CFFFFFFFF04FFFFFFFF0CFFFFFFFF13939BB887CA9B4C4008F55FADFB63404000000000000000001400000000000000800000000000000000000000000000F03F14000000000000F03F00
310
0000000000000000000000000000000B0B0B0B0B110D04666163650CFFFFFFFF04FFFFFFFF0CFFFFFFFF0CFFFFFFFF0C060000000C090000000CFFFFFFFF0C070000000B0A0B110D057368656C6C0CFFFFFFFF04FFFFFFFF0CFFFFFFFF0CFFFFFFFF0CFFFFFFFF0C080000000CFFFFFFFF0C0A000000110D046C756D700CFF
310
FFFFFF04FFFFFFFF0CFFFFFFFF0CFFFFFFFF0C090000000C00000000110E03456E640E026F660E0341534D0D0464617461
  0
ACDSRECORD
 90
        1
  2
AcDbDs::ID
280
    10
320
1AB
  2
ASM_Data
280
    15
 94
      811
310
414349532042696E61727946696C652855000000000000010000000C00000007214F70656E2044657369676E20416C6C69616E63652041434953204275696C646572070E41434953203231382E3030204E540718467269204175672030322030333A31313A3430203230323406000000000000F03F0648AFBC9AF2D77A3E06
310
BBBDD7D9DF7CDB3D0D04626F64790CFFFFFFFF04FFFFFFFF0CFFFFFFFF0C0A0000000CFFFFFFFF0CFFFFFFFF110D05706F696E740CFFFFFFFF04FFFFFFFF0CFFFFFFFF13A604C4245CBF4B40F5285C8FC2353D400000000000000000110D067665727465780CFFFFFFFF04FFFFFFFF0CFFFFFFFF0C0400000004020000000C
310
01000000110E07656C6C697073650D0563757276650CFFFFFFFF04FFFFFFFF0CFFFFFFFF138EC2F5285C9F4B40F5285C8FC2353D4000000000000000001400000000000000000000000000000000000000000000F03F14D31742CEFBFFCF3F0000000000000000000000000000008006000000000000F03F0B0B110D046564
310
67650CFFFFFFFF04FFFFFFFF0CFFFFFFFF0C020000000600000000000000000C0200000006182D4454FB2119400C050000000C030000000B0707756E6B6E6F776E110D06636F656467650CFFFFFFFF04FFFFFFFF0CFFFFFFFF0C050000000C050000000CFFFFFFFF0C040000000B0C0600000004000000000CFFFFFFFF110D
310
046C6F6F700CFFFFFFFF04FFFFFFFF0CFFFFFFFF0CFFFFFFFF0C050000000C08000000110E05706C616E650D07737572666163650CFFFFFFFF04FFFFFFFF0CFFFFFFFF1382A10E2B5C8F4B40F5285C8FC2353D4000000000000000001400000000000000800000000000000000000000000000F03F14000000000000F03F00
310
0000000000000000000000000000000B0B0B0B0B110D04666163650CFFFFFFFF04FFFFFFFF0CFFFFFFFF0CFFFFFFFF0C060000000C090000000CFFFFFFFF0C070000000B0A0B110D057368656C6C0CFFFFFFFF04FFFFFFFF0CFFFFFFFF0CFFFFFFFF0CFFFFFFFF0C080000000CFFFFFFFF0C0A000000110D046C756D700CFF
310
FFFFFF04FFFFFFFF0CFFFFFFFF0CFFFFFFFF0C090000000C00000000110E03456E640E026F660E0341534D0D0464617461
  0
ACDSRECORD
 90
        1
  2
AcDbDs::ID
280
    10
320
1AE
  2
ASM_Data
280
    15
 94
      811
310
414349532042696E61727946696C652855000000000000010000000C00000007214F70656E2044657369676E20416C6C69616E63652041434953204275696C646572070E41434953203231382E3030204E540718467269204175672030322030333A31313A3430203230323406000000000000F03F0648AFBC9AF2D77A3E06
310
BBBDD7D9DF7CDB3D0D04626F64790CFFFFFFFF04FFFFFFFF0CFFFFFFFF0C0A0000000CFFFFFFFF0CFFFFFFFF110D05706F696E740CFFFFFFFF04FFFFFFFF0CFFFFFFFF13494A7A185A044940F3FDD478E99641400000000000000000110D067665727465780CFFFFFFFF04FFFFFFFF0CFFFFFFFF0C0400000004020000000C
310
01000000110E07656C6C697073650D0563757276650CFFFFFFFF04FFFFFFFF0CFFFFFFFF133108AC1C5AE44840F3FDD478E996414000000000000000001400000000000000000000000000000000000000000000F03F14D31742CEFBFFCF3F0000000000000000000000000000008006000000000000F03F0B0B110D046564
310
67650CFFFFFFFF04FFFFFFFF0CFFFFFFFF0C020000000600000000000000000C0200000006182D4454FB2119400C050000000C030000000B0707756E6B6E6F776E110D06636F656467650CFFFFFFFF04FFFFFFFF0CFFFFFFFF0C050000000C050000000CFFFFFFFF0C040000000B0C0600000004000000000CFFFFFFFF110D
310
046C6F6F700CFFFFFFFF04FFFFFFFF0CFFFFFFFF0CFFFFFFFF0C050000000C08000000110E05706C616E650D07737572666163650CFFFFFFFF04FFFFFFFF0CFFFFFFFF1325E7C41E5AD44840F3FDD478E996414000000000000000001400000000000000800000000000000000000000000000F03F14000000000000F03F00
310
0000000000000000000000000000000B0B0B0B0B110D04666163650CFFFFFFFF04FFFFFFFF0CFFFFFFFF0CFFFFFFFF0C060000000C090000000CFFFFFFFF0C070000000B0A0B110D057368656C6C0CFFFFFFFF04FFFFFFFF0CFFFFFFFF0CFFFFFFFF0CFFFFFFFF0C080000000CFFFFFFFF0C0A000000110D046C756D700CFF
310
FFFFFF04FFFFFFFF0CFFFFFFFF0CFFFFFFFF0C090000000C00000000110E03456E640E026F660E0341534D0D0464617461
  0
ACDSRECORD
 90
        1
  2
AcDbDs::ID
280
    10
320
1B1
  2
ASM_Data
280
    15
 94
      811
310
414349532042696E61727946696C652855000000000000010000000C00000007214F70656E2044657369676E20416C6C69616E63652041434953204275696C646572070E41434953203231382E3030204E540718467269204175672030322030333A31313A3430203230323406000000000000F03F0648AFBC9AF2D77A3E06
310
BBBDD7D9DF7CDB3D0D04626F64790CFFFFFFFF04FFFFFFFF0CFFFFFFFF0C0A0000000CFFFFFFFF0CFFFFFFFF110D05706F696E740CFFFFFFFF04FFFFFFFF0CFFFFFFFF135219B5B1C8D64040D122DBF97E6A3A400000000000000000110D067665727465780CFFFFFFFF04FFFFFFFF0CFFFFFFFF0C0400000004020000000C
310
01000000110E07656C6C697073650D0563757276650CFFFFFFFF04FFFFFFFF0CFFFFFFFF13DD24068195C34040D122DBF97E6A3A4000000000000000001400000000000000000000000000000000000000000000F03F14B174F4AE3033C33F0000000000000000000000000000008006000000000000F03F0B0B110D046564
310
67650CFFFFFFFF04FFFFFFFF0CFFFFFFFF0C020000000600000000000000000C0200000006182D4454FB2119400C050000000C030000000B0707756E6B6E6F776E110D06636F656467650CFFFFFFFF04FFFFFFFF0CFFFFFFFF0C050000000C050000000CFFFFFFFF0C040000000B0C0600000004000000000CFFFFFFFF110D
310
046C6F6F700CFFFFFFFF04FFFFFFFF0CFFFFFFFF0CFFFFFFFF0C050000000C08000000110E05706C616E650D07737572666163650CFFFFFFFF04FFFFFFFF0CFFFFFFFF13A3AAAEE8FBB94040D122DBF97E6A3A4000000000000000001400000000000000800000000000000000000000000000F03F14000000000000F03F00
310
0000000000000000000000000000000B0B0B0B0B110D04666163650CFFFFFFFF04FFFFFFFF0CFFFFFFFF0CFFFFFFFF0C060000000C090000000CFFFFFFFF0C070000000B0A0B110D057368656C6C0CFFFFFFFF04FFFFFFFF0CFFFFFFFF0CFFFFFFFF0CFFFFFFFF0C080000000CFFFFFFFF0C0A000000110D046C756D700CFF
310
FFFFFF04FFFFFFFF0CFFFFFFFF0CFFFFFFFF0C090000000C00000000110E03456E640E026F660E0341534D0D0464617461
  0
ACDSRECORD
 90
        1
  2
AcDbDs::ID
280
    10
320
1B4
  2
ASM_Data
280
    15
 94
      811
310
414349532042696E61727946696C652855000000000000010000000C00000007214F70656E2044657369676E20416C6C69616E63652041434953204275696C646572070E41434953203231382E3030204E540718467269204175672030322030333A31313A3430203230323406000000000000F03F0648AFBC9AF2D77A3E06
310
BBBDD7D9DF7CDB3D0D04626F64790CFFFFFFFF04FFFFFFFF0CFFFFFFFF0C0A0000000CFFFFFFFF0CFFFFFFFF110D05706F696E740CFFFFFFFF04FFFFFFFF0CFFFFFFFF13D313F131334B524014AE47E17AF434400000000000000000110D067665727465780CFFFFFFFF04FFFFFFFF0CFFFFFFFF0C0400000004020000000C
310
01000000110E07656C6C697073650D0563757276650CFFFFFFFF04FFFFFFFF0CFFFFFFFF13999999999941524014AE47E17AF4344000000000000000001400000000000000000000000000000000000000000000F03F14B174F4AE3033C33F0000000000000000000000000000008006000000000000F03F0B0B110D046564
310
67650CFFFFFFFF04FFFFFFFF0CFFFFFFFF0C020000000600000000000000000C0200000006182D4454FB2119400C050000000C030000000B0707756E6B6E6F776E110D06636F656467650CFFFFFFFF04FFFFFFFF0CFFFFFFFF0C050000000C050000000CFFFFFFFF0C040000000B0C0600000004000000000CFFFFFFFF110D
310
046C6F6F700CFFFFFFFF04FFFFFFFF0CFFFFFFFF0CFFFFFFFF0C050000000C08000000110E05706C616E650D07737572666163650CFFFFFFFF04FFFFFFFF0CFFFFFFFF137CDC6DCDCC3C524014AE47E17AF4344000000000000000001400000000000000800000000000000000000000000000F03F14000000000000F03F00
310
0000000000000000000000000000000B0B0B0B0B110D04666163650CFFFFFFFF04FFFFFFFF0CFFFFFFFF0CFFFFFFFF0C060000000C090000000CFFFFFFFF0C070000000B0A0B110D057368656C6C0CFFFFFFFF04FFFFFFFF0CFFFFFFFF0CFFFFFFFF0CFFFFFFFF0C080000000CFFFFFFFF0C0A000000110D046C756D700CFF
310
FFFFFF04FFFFFFFF0CFFFFFFFF0CFFFFFFFF0C090000000C00000000110E03456E640E026F660E0341534D0D0464617461
  0
ACDSRECORD
 90
        1
  2
AcDbDs::ID
280
    10
320
1B7
  2
ASM_Data
280
    15
 94
      811
310
414349532042696E61727946696C652855000000000000010000000C00000007214F70656E2044657369676E20416C6C69616E63652041434953204275696C646572070E41434953203231382E3030204E540718467269204175672030322030333A31313A3430203230323406000000000000F03F0648AFBC9AF2D77A3E06
310
BBBDD7D9DF7CDB3D0D04626F64790CFFFFFFFF04FFFFFFFF0CFFFFFFFF0C0A0000000CFFFFFFFF0CFFFFFFFF110D05706F696E740CFFFFFFFF04FFFFFFFF0CFFFFFFFF1346178A2AB27D4A401383C0CAA14531400000000000000000110D067665727465780CFFFFFFFF04FFFFFFFF0CFFFFFFFF0C0400000004020000000C
310
01000000110E07656C6C697073650D0563757276650CFFFFFFFF04FFFFFFFF0CFFFFFFFF13D122DBF97E6A4A401383C0CAA145314000000000000000001400000000000000000000000000000000000000000000F03F14B174F4AE3033C33F0000000000000000000000000000008006000000000000F03F0B0B110D046564
310
67650CFFFFFFFF04FFFFFFFF0CFFFFFFFF0C020000000600000000000000000C0200000006182D4454FB2119400C050000000C030000000B0707756E6B6E6F776E110D06636F656467650CFFFFFFFF04FFFFFFFF0CFFFFFFFF0C050000000C050000000CFFFFFFFF0C040000000B0C0600000004000000000CFFFFFFFF110D
310
046C6F6F700CFFFFFFFF04FFFFFFFF0CFFFFFFFF0CFFFFFFFF0C050000000C08000000110E05706C616E650D07737572666163650CFFFFFFFF04FFFFFFFF0CFFFFFFFF1397A88361E5604A401383C0CAA145314000000000000000001400000000000000800000000000000000000000000000F03F14000000000000F03F00
310
0000000000000000000000000000000B0B0B0B0B110D04666163650CFFFFFFFF04FFFFFFFF0CFFFFFFFF0CFFFFFFFF0C060000000C090000000CFFFFFFFF0C070000000B0A0B110D057368656C6C0CFFFFFFFF04FFFFFFFF0CFFFFFFFF0CFFFFFFFF0CFFFFFFFF0C080000000CFFFFFFFF0C0A000000110D046C756D700CFF
310
FFFFFF04FFFFFFFF0CFFFFFFFF0CFFFFFFFF0C090000000C00000000110E03456E640E026F660E0341534D0D0464617461
  0
ACDSRECORD
 90
        1
  2
AcDbDs::ID
280
    10
320
1BA
  2
ASM_Data
280
    15
 94
      811
310
414349532042696E61727946696C652855000000000000010000000C00000007214F70656E2044657369676E20416C6C69616E63652041434953204275696C646572070E41434953203231382E3030204E540718467269204175672030322030333A31313A3430203230323406000000000000F03F0648AFBC9AF2D77A3E06
310
BBBDD7D9DF7CDB3D0D04626F64790CFFFFFFFF04FFFFFFFF0CFFFFFFFF0C0A0000000CFFFFFFFF0CFFFFFFFF110D05706F696E740CFFFFFFFF04FFFFFFFF0CFFFFFFFF13B0D3FEBDCA814B4045B6F3FDD4F82D400000000000000000110D067665727465780CFFFFFFFF04FFFFFFFF0CFFFFFFFF0C0400000004020000000C
310
01000000110E07656C6C697073650D0563757276650CFFFFFFFF04FFFFFFFF0CFFFFFFFF133BDF4F8D976E4B4045B6F3FDD4F82D4000000000000000001400000000000000000000000000000000000000000000F03F14B174F4AE3033C33F0000000000000000000000000000008006000000000000F03F0B0B110D046564
310
67650CFFFFFFFF04FFFFFFFF0CFFFFFFFF0C020000000600000000000000000C0200000006182D4454FB2119400C050000000C030000000B0707756E6B6E6F776E110D06636F656467650CFFFFFFFF04FFFFFFFF0CFFFFFFFF0C050000000C050000000CFFFFFFFF0C040000000B0C0600000004000000000CFFFFFFFF110D
310
046C6F6F700CFFFFFFFF04FFFFFFFF0CFFFFFFFF0CFFFFFFFF0C050000000C08000000110E05706C616E650D07737572666163650CFFFFFFFF04FFFFFFFF0CFFFFFFFF130165F8F4FD644B4045B6F3FDD4F82D4000000000000000001400000000000000800000000000000000000000000000F03F14000000000000F03F00
310
0000000000000000000000000000000B0B0B0B0B110D04666163650CFFFFFFFF04FFFFFFFF0CFFFFFFFF0CFFFFFFFF0C060000000C090000000CFFFFFFFF0C070000000B0A0B110D057368656C6C0CFFFFFFFF04FFFFFFFF0CFFFFFFFF0CFFFFFFFF0CFFFFFFFF0C080000000CFFFFFFFF0C0A000000110D046C756D700CFF
310
FFFFFF04FFFFFFFF0CFFFFFFFF0CFFFFFFFF0C090000000C00000000110E03456E640E026F660E0341534D0D0464617461
  0
ACDSRECORD
 90
        1
  2
AcDbDs::ID
280
    10
320
1BD
  2
ASM_Data
280
    15
 94
      811
310
414349532042696E61727946696C652855000000000000010000000C00000007214F70656E2044657369676E20416C6C69616E63652041434953204275696C646572070E41434953203231382E3030204E540718467269204175672030322030333A31313A3430203230323406000000000000F03F0648AFBC9AF2D77A3E06
310
BBBDD7D9DF7CDB3D0D04626F64790CFFFFFFFF04FFFFFFFF0CFFFFFFFF0C0A0000000CFFFFFFFF0CFFFFFFFF110D05706F696E740CFFFFFFFF04FFFFFFFF0CFFFFFFFF138BCD7D2887C640408D976E12830030400000000000000000110D067665727465780CFFFFFFFF04FFFFFFFF0CFFFFFFFF0C0400000004020000000C
310
01000000110E07656C6C697073650D0563757276650CFFFFFFFF04FFFFFFFF0CFFFFFFFF1316D9CEF753B340408D976E128300304000000000000000001400000000000000000000000000000000000000000000F03F14B174F4AE3033C33F0000000000000000000000000000008006000000000000F03F0B0B110D046564
310
67650CFFFFFFFF04FFFFFFFF0CFFFFFFFF0C020000000600000000000000000C0200000006182D4454FB2119400C050000000C030000000B0707756E6B6E6F776E110D06636F656467650CFFFFFFFF04FFFFFFFF0CFFFFFFFF0C050000000C050000000CFFFFFFFF0C040000000B0C0600000004000000000CFFFFFFFF110D
310
046C6F6F700CFFFFFFFF04FFFFFFFF0CFFFFFFFF0CFFFFFFFF0C050000000C08000000110E05706C616E650D07737572666163650CFFFFFFFF04FFFFFFFF0CFFFFFFFF13DC5E775FBAA940408D976E128300304000000000000000001400000000000000800000000000000000000000000000F03F14000000000000F03F00
310
0000000000000000000000000000000B0B0B0B0B110D04666163650CFFFFFFFF04FFFFFFFF0CFFFFFFFF0CFFFFFFFF0C060000000C090000000CFFFFFFFF0C070000000B0A0B110D057368656C6C0CFFFFFFFF04FFFFFFFF0CFFFFFFFF0CFFFFFFFF0CFFFFFFFF0C080000000CFFFFFFFF0C0A000000110D046C756D700CFF
310
FFFFFF04FFFFFFFF0CFFFFFFFF0CFFFFFFFF0C090000000C00000000110E03456E640E026F660E0341534D0D0464617461
  0
ACDSRECORD
 90
        1
  2
AcDbDs::ID
280
    10
320
1C0
  2
ASM_Data
280
    15
 94
      811
310
414349532042696E61727946696C652855000000000000010000000C00000007214F70656E2044657369676E20416C6C69616E63652041434953204275696C646572070E41434953203231382E3030204E540718467269204175672030322030333A31313A3430203230323406000000000000F03F0648AFBC9AF2D77A3E06
310
BBBDD7D9DF7CDB3D0D04626F64790CFFFFFFFF04FFFFFFFF0CFFFFFFFF0C0A0000000CFFFFFFFF0CFFFFFFFF110D05706F696E740CFFFFFFFF04FFFFFFFF0CFFFFFFFF13DFB023C44BF7404045B6F3FDD4F82D400000000000000000110D067665727465780CFFFFFFFF04FFFFFFFF0CFFFFFFFF0C0400000004020000000C
310
01000000110E07656C6C697073650D0563757276650CFFFFFFFF04FFFFFFFF0CFFFFFFFF136ABC749318E4404045B6F3FDD4F82D4000000000000000001400000000000000000000000000000000000000000000F03F14B174F4AE3033C33F0000000000000000000000000000008006000000000000F03F0B0B110D046564
310
67650CFFFFFFFF04FFFFFFFF0CFFFFFFFF0C020000000600000000000000000C0200000006182D4454FB2119400C050000000C030000000B0707756E6B6E6F776E110D06636F656467650CFFFFFFFF04FFFFFFFF0CFFFFFFFF0C050000000C050000000CFFFFFFFF0C040000000B0C0600000004000000000CFFFFFFFF110D
310
046C6F6F700CFFFFFFFF04FFFFFFFF0CFFFFFFFF0CFFFFFFFF0C050000000C08000000110E05706C616E650D07737572666163650CFFFFFFFF04FFFFFFFF0CFFFFFFFF1330421DFB7EDA404045B6F3FDD4F82D4000000000000000001400000000000000800000000000000000000000000000F03F14000000000000F03F00
310
0000000000000000000000000000000B0B0B0B0B110D04666163650CFFFFFFFF04FFFFFFFF0CFFFFFFFF0CFFFFFFFF0C060000000C090000000CFFFFFFFF0C070000000B0A0B110D057368656C6C0CFFFFFFFF04FFFFFFFF0CFFFFFFFF0CFFFFFFFF0CFFFFFFFF0C080000000CFFFFFFFF0C0A000000110D046C756D700CFF
310
FFFFFF04FFFFFFFF0CFFFFFFFF0CFFFFFFFF0C090000000C00000000110E03456E640E026F660E0341534D0D0464617461
  0
ACDSRECORD
 90
        1
  2
AcDbDs::ID
280
    10
320
1C3
  2
ASM_Data
280
    15
 94
      811
310
414349532042696E61727946696C652855000000000000010000000C00000007214F70656E2044657369676E20416C6C69616E63652041434953204275696C646572070E41434953203231382E3030204E540718467269204175672030322030333A31313A3430203230323406000000000000F03F0648AFBC9AF2D77A3E06
310
BBBDD7D9DF7CDB3D0D04626F64790CFFFFFFFF04FFFFFFFF0CFFFFFFFF0C0A0000000CFFFFFFFF0CFFFFFFFF110D05706F696E740CFFFFFFFF04FFFFFFFF0CFFFFFFFF133902B859BC742D406ABC749318E440400000000000000000110D067665727465780CFFFFFFFF04FFFFFFFF0CFFFFFFFF0C0400000004020000000C
310
01000000110E07656C6C697073650D0563757276650CFFFFFFFF04FFFFFFFF0CFFFFFFFF13DAF97E6ABCF42C406ABC749318E4404000000000000000001400000000000000000000000000000000000000000000F03F14D31742CEFBFFCF3F0000000000000000000000000000008006000000000000F03F0B0B110D046564
310
67650CFFFFFFFF04FFFFFFFF0CFFFFFFFF0C020000000600000000000000000C0200000006182D4454FB2119400C050000000C030000000B0707756E6B6E6F776E110D06636F656467650CFFFFFFFF04FFFFFFFF0CFFFFFFFF0C050000000C050000000CFFFFFFFF0C040000000B0C0600000004000000000CFFFFFFFF110D
310
046C6F6F700CFFFFFFFF04FFFFFFFF0CFFFFFFFF0CFFFFFFFF0C050000000C08000000110E05706C616E650D07737572666163650CFFFFFFFF04FFFFFFFF0CFFFFFFFF13AA75E272BCB42C406ABC749318E4404000000000000000001400000000000000800000000000000000000000000000F03F14000000000000F03F00
310
0000000000000000000000000000000B0B0B0B0B110D04666163650CFFFFFFFF04FFFFFFFF0CFFFFFFFF0CFFFFFFFF0C060000000C090000000CFFFFFFFF0C070000000B0A0B110D057368656C6C0CFFFFFFFF04FFFFFFFF0CFFFFFFFF0CFFFFFFFF0CFFFFFFFF0C080000000CFFFFFFFF0C0A000000110D046C756D700CFF
310
FFFFFF04FFFFFFFF0CFFFFFFFF0CFFFFFFFF0C090000000C00000000110E03456E640E026F660E0341534D0D0464617461
  0
ACDSRECORD
 90
        1
  2
AcDbDs::ID
280
    10
320
1C6
  2
ASM_Data
280
    15
 94
      811
310
414349532042696E61727946696C652855000000000000010000000C00000007214F70656E2044657369676E20416C6C69616E63652041434953204275696C646572070E41434953203231382E3030204E540718467269204175672030322030333A31313A3430203230323406000000000000F03F0648AFBC9AF2D77A3E06
310
BBBDD7D9DF7CDB3D0D04626F64790CFFFFFFFF04FFFFFFFF0CFFFFFFFF0C0A0000000CFFFFFFFF0CFFFFFFFF110D05706F696E740CFFFFFFFF04FFFFFFFF0CFFFFFFFF13D6C6D8092F9D2740B6E21399560E1B400000000000000000110D067665727465780CFFFFFFFF04FFFFFFFF0CFFFFFFFF0C0400000004020000000C
310
01000000110E07656C6C697073650D0563757276650CFFFFFFFF04FFFFFFFF0CFFFFFFFF1377BE9F1A2F1D2740B6E21399560E1B4000000000000000001400000000000000000000000000000000000000000000F03F14D31742CEFBFFCF3F0000000000000000000000000000008006000000000000F03F0B0B110D046564
310
67650CFFFFFFFF04FFFFFFFF0CFFFFFFFF0C020000000600000000000000000C0200000006182D4454FB2119400C050000000C030000000B0707756E6B6E6F776E110D06636F656467650CFFFFFFFF04FFFFFFFF0CFFFFFFFF0C050000000C050000000CFFFFFFFF0C040000000B0C0600000004000000000CFFFFFFFF110D
310
046C6F6F700CFFFFFFFF04FFFFFFFF0CFFFFFFFF0CFFFFFFFF0C050000000C08000000110E05706C616E650D07737572666163650CFFFFFFFF04FFFFFFFF0CFFFFFFFF13473A03232FDD2640B6E21399560E1B4000000000000000001400000000000000800000000000000000000000000000F03F14000000000000F03F00
310
0000000000000000000000000000000B0B0B0B0B110D04666163650CFFFFFFFF04FFFFFFFF0CFFFFFFFF0CFFFFFFFF0C060000000C090000000CFFFFFFFF0C070000000B0A0B110D057368656C6C0CFFFFFFFF04FFFFFFFF0CFFFFFFFF0CFFFFFFFF0CFFFFFFFF0C080000000CFFFFFFFF0C0A000000110D046C756D700CFF
310
FFFFFF04FFFFFFFF0CFFFFFFFF0CFFFFFFFF0C090000000C00000000110E03456E640E026F660E0341534D0D0464617461
  0
ACDSRECORD
 90
        1
  2
AcDbDs::ID
280
    10
320
1C9
  2
ASM_Data
280
    15
 94
      811
310
414349532042696E61727946696C652855000000000000010000000C00000007214F70656E2044657369676E20416C6C69616E63652041434953204275696C646572070E41434953203231382E3030204E540718467269204175672030322030333A31313A3430203230323406000000000000F03F0648AFBC9AF2D77A3E06
310
BBBDD7D9DF7CDB3D0D04626F64790CFFFFFFFF04FFFFFFFF0CFFFFFFFF0C0A0000000CFFFFFFFF0CFFFFFFFF110D05706F696E740CFFFFFFFF04FFFFFFFF0CFFFFFFFF139505B8C5A1C53740068195438BFC42400000000000000000110D067665727465780CFFFFFFFF04FFFFFFFF0CFFFFFFFF0C0400000004020000000C
310
01000000110E07656C6C697073650D0563757276650CFFFFFFFF04FFFFFFFF0CFFFFFFFF13AC1C5A643B9F3740068195438BFC424000000000000000001400000000000000000000000000000000000000000000F03F14B174F4AE3033C33F0000000000000000000000000000008006000000000000F03F0B0B110D046564
310
67650CFFFFFFFF04FFFFFFFF0CFFFFFFFF0C020000000600000000000000000C0200000006182D4454FB2119400C050000000C030000000B0707756E6B6E6F776E110D06636F656467650CFFFFFFFF04FFFFFFFF0CFFFFFFFF0C050000000C050000000CFFFFFFFF0C040000000B0C0600000004000000000CFFFFFFFF110D
310
046C6F6F700CFFFFFFFF04FFFFFFFF0CFFFFFFFF0CFFFFFFFF0C050000000C08000000110E05706C616E650D07737572666163650CFFFFFFFF04FFFFFFFF0CFFFFFFFF133728AB33088C3740068195438BFC424000000000000000001400000000000000800000000000000000000000000000F03F14000000000000F03F00
310
0000000000000000000000000000000B0B0B0B0B110D04666163650CFFFFFFFF04FFFFFFFF0CFFFFFFFF0CFFFFFFFF0C060000000C090000000CFFFFFFFF0C070000000B0A0B110D057368656C6C0CFFFFFFFF04FFFFFFFF0CFFFFFFFF0CFFFFFFFF0CFFFFFFFF0C080000000CFFFFFFFF0C0A000000110D046C756D700CFF
310
FFFFFF04FFFFFFFF0CFFFFFFFF0CFFFFFFFF0C090000000C00000000110E03456E640E026F660E0341534D0D0464617461
  0
ACDSRECORD
 90
        1
  2
AcDbDs::ID
280
    10
320
1CC
  2
ASM_Data
280
    15
 94
      811
310
414349532042696E61727946696C652855000000000000010000000C00000007214F70656E2044657369676E20416C6C69616E63652041434953204275696C646572070E41434953203231382E3030204E540718467269204175672030322030333A31313A3430203230323406000000000000F03F0648AFBC9AF2D77A3E06
310
BBBDD7D9DF7CDB3D0D04626F64790CFFFFFFFF04FFFFFFFF0CFFFFFFFF0C0A0000000CFFFFFFFF0CFFFFFFFF110D05706F696E740CFFFFFFFF04FFFFFFFF0CFFFFFFFF13517A4BDEA53B3D40C2F5285C8F8230400000000000000000110D067665727465780CFFFFFFFF04FFFFFFFF0CFFFFFFFF0C0400000004020000000C
310
01000000110E07656C6C697073650D0563757276650CFFFFFFFF04FFFFFFFF0CFFFFFFFF136891ED7C3F153D40C2F5285C8F82304000000000000000001400000000000000000000000000000000000000000000F03F14B174F4AE3033C33F0000000000000000000000000000008006000000000000F03F0B0B110D046564
310
67650CFFFFFFFF04FFFFFFFF0CFFFFFFFF0C020000000600000000000000000C0200000006182D4454FB2119400C050000000C030000000B0707756E6B6E6F776E110D06636F656467650CFFFFFFFF04FFFFFFFF0CFFFFFFFF0C050000000C050000000CFFFFFFFF0C040000000B0C0600000004000000000CFFFFFFFF110D
310
046C6F6F700CFFFFFFFF04FFFFFFFF0CFFFFFFFF0CFFFFFFFF0C050000000C08000000110E05706C616E650D07737572666163650CFFFFFFFF04FFFFFFFF0CFFFFFFFF13F39C3E4C0C023D40C2F5285C8F82304000000000000000001400000000000000800000000000000000000000000000F03F14000000000000F03F00
310
0000000000000000000000000000000B0B0B0B0B110D04666163650CFFFFFFFF04FFFFFFFF0CFFFFFFFF0CFFFFFFFF0C060000000C090000000CFFFFFFFF0C070000000B0A0B110D057368656C6C0CFFFFFFFF04FFFFFFFF0CFFFFFFFF0CFFFFFFFF0CFFFFFFFF0C080000000CFFFFFFFF0C0A000000110D046C756D700CFF
310
FFFFFF04FFFFFFFF0CFFFFFFFF0CFFFFFFFF0C090000000C00000000110E03456E640E026F660E0341534D0D0464617461
  0
ACDSRECORD
 90
        1
  2
AcDbDs::ID
280
    10
320
1CF
  2
ASM_Data
280
    15
 94
      811
310
414349532042696E61727946696C652855000000000000010000000C00000007214F70656E2044657369676E20416C6C69616E63652041434953204275696C646572070E41434953203231382E3030204E540718467269204175672030322030333A31313A3430203230323406000000000000F03F0648AFBC9AF2D77A3E06
310
BBBDD7D9DF7CDB3D0D04626F64790CFFFFFFFF04FFFFFFFF0CFFFFFFFF0C0A0000000CFFFFFFFF0CFFFFFFFF110D05706F696E740CFFFFFFFF04FFFFFFFF0CFFFFFFFF13C3E2DCCB221B3D4066666666666619400000000000000000110D067665727465780CFFFFFFFF04FFFFFFFF0CFFFFFFFF0C0400000004020000000C
310
01000000110E07656C6C697073650D0563757276650CFFFFFFFF04FFFFFFFF0CFFFFFFFF13DAF97E6ABCF43C40666666666666194000000000000000001400000000000000000000000000000000000000000000F03F14B174F4AE3033C33F0000000000000000000000000000008006000000000000F03F0B0B110D046564
310
67650CFFFFFFFF04FFFFFFFF0CFFFFFFFF0C020000000600000000000000000C0200000006182D4454FB2119400C050000000C030000000B0707756E6B6E6F776E110D06636F656467650CFFFFFFFF04FFFFFFFF0CFFFFFFFF0C050000000C050000000CFFFFFFFF0C040000000B0C0600000004000000000CFFFFFFFF110D
310
046C6F6F700CFFFFFFFF04FFFFFFFF0CFFFFFFFF0CFFFFFFFF0C050000000C08000000110E05706C616E650D07737572666163650CFFFFFFFF04FFFFFFFF0CFFFFFFFF136505D03989E13C40666666666666194000000000000000001400000000000000800000000000000000000000000000F03F14000000000000F03F00
310
0000000000000000000000000000000B0B0B0B0B110D04666163650CFFFFFFFF04FFFFFFFF0CFFFFFFFF0CFFFFFFFF0C060000000C090000000CFFFFFFFF0C070000000B0A0B110D057368656C6C0CFFFFFFFF04FFFFFFFF0CFFFFFFFF0CFFFFFFFF0CFFFFFFFF0C080000000CFFFFFFFF0C0A000000110D046C756D700CFF
310
FFFFFF04FFFFFFFF0CFFFFFFFF0CFFFFFFFF0C090000000C00000000110E03456E640E026F660E0341534D0D0464617461
  0
ACDSRECORD
 90
        1
  2
AcDbDs::ID
280
    10
320
1D2
  2
ASM_Data
280
    15
 94
      811
310
414349532042696E61727946696C652855000000000000010000000C00000007214F70656E2044657369676E20416C6C69616E63652041434953204275696C646572070E41434953203231382E3030204E540718467269204175672030322030333A31313A3430203230323406000000000000F03F0648AFBC9AF2D77A3E06
310
BBBDD7D9DF7CDB3D0D04626F64790CFFFFFFFF04FFFFFFFF0CFFFFFFFF0C0A0000000CFFFFFFFF0CFFFFFFFF110D05706F696E740CFFFFFFFF04FFFFFFFF0CFFFFFFFF13CC8EF92587F63B4045B6F3FDD4F81D400000000000000000110D067665727465780CFFFFFFFF04FFFFFFFF0CFFFFFFFF0C0400000004020000000C
310
01000000110E07656C6C697073650D0563757276650CFFFFFFFF04FFFFFFFF0CFFFFFFFF13E3A59BC420D03B4045B6F3FDD4F81D4000000000000000001400000000000000000000000000000000000000000000F03F14B174F4AE3033C33F0000000000000000000000000000008006000000000000F03F0B0B110D046564
310
67650CFFFFFFFF04FFFFFFFF0CFFFFFFFF0C020000000600000000000000000C0200000006182D4454FB2119400C050000000C030000000B0707756E6B6E6F776E110D06636F656467650CFFFFFFFF04FFFFFFFF0CFFFFFFFF0C050000000C050000000CFFFFFFFF0C040000000B0C0600000004000000000CFFFFFFFF110D
310
046C6F6F700CFFFFFFFF04FFFFFFFF0CFFFFFFFF0CFFFFFFFF0C050000000C08000000110E05706C616E650D07737572666163650CFFFFFFFF04FFFFFFFF0CFFFFFFFF136EB1EC93EDBC3B4045B6F3FDD4F81D4000000000000000001400000000000000800000000000000000000000000000F03F14000000000000F03F00
310
0000000000000000000000000000000B0B0B0B0B110D04666163650CFFFFFFFF04FFFFFFFF0CFFFFFFFF0CFFFFFFFF0C060000000C090000000CFFFFFFFF0C070000000B0A0B110D057368656C6C0CFFFFFFFF04FFFFFFFF0CFFFFFFFF0CFFFFFFFF0CFFFFFFFF0C080000000CFFFFFFFF0C0A000000110D046C756D700CFF
310
FFFFFF04FFFFFFFF0CFFFFFFFF0CFFFFFFFF0C090000000C00000000110E03456E640E026F660E0341534D0D0464617461
  0
ACDSRECORD
 90
        1
  2
AcDbDs::ID
280
    10
320
1D5
  2
ASM_Data
280
    15
 94
      811
310
414349532042696E61727946696C652855000000000000010000000C00000007214F70656E2044657369676E20416C6C69616E63652041434953204275696C646572070E41434953203231382E3030204E540718467269204175672030322030333A31313A3430203230323406000000000000F03F0648AFBC9AF2D77A3E06
310
BBBDD7D9DF7CDB3D0D04626F64790CFFFFFFFF04FFFFFFFF0CFFFFFFFF0C0A0000000CFFFFFFFF0CFFFFFFFF110D05706F696E740CFFFFFFFF04FFFFFFFF0CFFFFFFFF13F813B61B54033C40B29DEFA7C6CB22400000000000000000110D067665727465780CFFFFFFFF04FFFFFFFF0CFFFFFFFF0C0400000004020000000C
310
01000000110E07656C6C697073650D0563757276650CFFFFFFFF04FFFFFFFF0CFFFFFFFF130F2B58BAEDDC3B40B29DEFA7C6CB224000000000000000001400000000000000000000000000000000000000000000F03F14B174F4AE3033C33F0000000000000000000000000000008006000000000000F03F0B0B110D046564
310
67650CFFFFFFFF04FFFFFFFF0CFFFFFFFF0C020000000600000000000000000C0200000006182D4454FB2119400C050000000C030000000B0707756E6B6E6F776E110D06636F656467650CFFFFFFFF04FFFFFFFF0CFFFFFFFF0C050000000C050000000CFFFFFFFF0C040000000B0C0600000004000000000CFFFFFFFF110D
310
046C6F6F700CFFFFFFFF04FFFFFFFF0CFFFFFFFF0CFFFFFFFF0C050000000C08000000110E05706C616E650D07737572666163650CFFFFFFFF04FFFFFFFF0CFFFFFFFF139A36A989BAC93B40B29DEFA7C6CB224000000000000000001400000000000000800000000000000000000000000000F03F14000000000000F03F00
310
0000000000000000000000000000000B0B0B0B0B110D04666163650CFFFFFFFF04FFFFFFFF0CFFFFFFFF0CFFFFFFFF0C060000000C090000000CFFFFFFFF0C070000000B0A0B110D057368656C6C0CFFFFFFFF04FFFFFFFF0CFFFFFFFF0CFFFFFFFF0CFFFFFFFF0C080000000CFFFFFFFF0C0A000000110D046C756D700CFF
310
FFFFFF04FFFFFFFF0CFFFFFFFF0CFFFFFFFF0C090000000C00000000110E03456E640E026F660E0341534D0D0464617461
  0
ACDSRECORD
 90
        1
  2
AcDbDs::ID
280
    10
320
1D8
  2
ASM_Data
280
    15
 94
      811
310
414349532042696E61727946696C652855000000000000010000000C00000007214F70656E2044657369676E20416C6C69616E63652041434953204275696C646572070E41434953203231382E3030204E540718467269204175672030322030333A31313A3430203230323406000000000000F03F0648AFBC9AF2D77A3E06
310
BBBDD7D9DF7CDB3D0D04626F64790CFFFFFFFF04FFFFFFFF0CFFFFFFFF0C0A0000000CFFFFFFFF0CFFFFFFFF110D05706F696E740CFFFFFFFF04FFFFFFFF0CFFFFFFFF1327F33405D7433F401383C0CAA14531400000000000000000110D067665727465780CFFFFFFFF04FFFFFFFF0CFFFFFFFF0C0400000004020000000C
310
01000000110E07656C6C697073650D0563757276650CFFFFFFFF04FFFFFFFF0CFFFFFFFF133E0AD7A3701D3F401383C0CAA145314000000000000000001400000000000000000000000000000000000000000000F03F14B174F4AE3033C33F0000000000000000000000000000008006000000000000F03F0B0B110D046564
310
67650CFFFFFFFF04FFFFFFFF0CFFFFFFFF0C020000000600000000000000000C0200000006182D4454FB2119400C050000000C030000000B0707756E6B6E6F776E110D06636F656467650CFFFFFFFF04FFFFFFFF0CFFFFFFFF0C050000000C050000000CFFFFFFFF0C040000000B0C0600000004000000000CFFFFFFFF110D
310
046C6F6F700CFFFFFFFF04FFFFFFFF0CFFFFFFFF0CFFFFFFFF0C050000000C08000000110E05706C616E650D07737572666163650CFFFFFFFF04FFFFFFFF0CFFFFFFFF13C91528733D0A3F401383C0CAA145314000000000000000001400000000000000800000000000000000000000000000F03F14000000000000F03F00
310
0000000000000000000000000000000B0B0B0B0B110D04666163650CFFFFFFFF04FFFFFFFF0CFFFFFFFF0CFFFFFFFF0C060000000C090000000CFFFFFFFF0C070000000B0A0B110D057368656C6C0CFFFFFFFF04FFFFFFFF0CFFFFFFFF0CFFFFFFFF0CFFFFFFFF0C080000000CFFFFFFFF0C0A000000110D046C756D700CFF
310
FFFFFF04FFFFFFFF0CFFFFFFFF0CFFFFFFFF0C090000000C00000000110E03456E640E026F660E0341534D0D0464617461
  0
ACDSRECORD
 90
        1
  2
AcDbDs::ID
280
    10
320
1DB
  2
ASM_Data
280
    15
 94
      811
310
414349532042696E61727946696C652855000000000000010000000C00000007214F70656E2044657369676E20416C6C69616E63652041434953204275696C646572070E41434953203231382E3030204E540718467269204175672030322030333A31313A3430203230323406000000000000F03F0648AFBC9AF2D77A3E06
310
BBBDD7D9DF7CDB3D0D04626F64790CFFFFFFFF04FFFFFFFF0CFFFFFFFF0C0A0000000CFFFFFFFF0CFFFFFFFF110D05706F696E740CFFFFFFFF04FFFFFFFF0CFFFFFFFF13A7887890432B39406E1283C0CA5140400000000000000000110D067665727465780CFFFFFFFF04FFFFFFFF0CFFFFFFFF0C0400000004020000000C
310
01000000110E07656C6C697073650D0563757276650CFFFFFFFF04FFFFFFFF0CFFFFFFFF13BE9F1A2FDD0439406E1283C0CA51404000000000000000001400000000000000000000000000000000000000000000F03F14B174F4AE3033C33F0000000000000000000000000000008006000000000000F03F0B0B110D046564
310
67650CFFFFFFFF04FFFFFFFF0CFFFFFFFF0C020000000600000000000000000C0200000006182D4454FB2119400C050000000C030000000B0707756E6B6E6F776E110D06636F656467650CFFFFFFFF04FFFFFFFF0CFFFFFFFF0C050000000C050000000CFFFFFFFF0C040000000B0C0600000004000000000CFFFFFFFF110D
310
046C6F6F700CFFFFFFFF04FFFFFFFF0CFFFFFFFF0CFFFFFFFF0C050000000C08000000110E05706C616E650D07737572666163650CFFFFFFFF04FFFFFFFF0CFFFFFFFF1349AB6BFEA9F138406E1283C0CA51404000000000000000001400000000000000800000000000000000000000000000F03F14000000000000F03F00
310
0000000000000000000000000000000B0B0B0B0B110D04666163650CFFFFFFFF04FFFFFFFF0CFFFFFFFF0CFFFFFFFF0C060000000C090000000CFFFFFFFF0C070000000B0A0B110D057368656C6C0CFFFFFFFF04FFFFFFFF0CFFFFFFFF0CFFFFFFFF0CFFFFFFFF0C080000000CFFFFFFFF0C0A000000110D046C756D700CFF
310
FFFFFF04FFFFFFFF0CFFFFFFFF0CFFFFFFFF0C090000000C00000000110E03456E640E026F660E0341534D0D0464617461
  0
ACDSRECORD
 90
        1
  2
AcDbDs::ID
280
    10
320
1DE
  2
ASM_Data
280
    15
 94
      811
310
414349532042696E61727946696C652855000000000000010000000C00000007214F70656E2044657369676E20416C6C69616E63652041434953204275696C646572070E41434953203231382E3030204E540718467269204175672030322030333A31313A3430203230323406000000000000F03F0648AFBC9AF2D77A3E06
310
BBBDD7D9DF7CDB3D0D04626F64790CFFFFFFFF04FFFFFFFF0CFFFFFFFF0C0A0000000CFFFFFFFF0CFFFFFFFF110D05706F696E740CFFFFFFFF04FFFFFFFF0CFFFFFFFF13A107E34CB8FE3D40E299E9C151B82F400000000000000000110D067665727465780CFFFFFFFF04FFFFFFFF0CFFFFFFFF0C0400000004020000000C
310
01000000110E07656C6C697073650D0563757276650CFFFFFFFF04FFFFFFFF0CFFFFFFFF13B81E85EB51D83D40E299E9C151B82F4000000000000000001400000000000000000000000000000000000000000000F03F14B174F4AE3033C33F0000000000000000000000000000008006000000000000F03F0B0B110D046564
310
67650CFFFFFFFF04FFFFFFFF0CFFFFFFFF0C020000000600000000000000000C0200000006182D4454FB2119400C050000000C030000000B0707756E6B6E6F776E110D06636F656467650CFFFFFFFF04FFFFFFFF0CFFFFFFFF0C050000000C050000000CFFFFFFFF0C040000000B0C0600000004000000000CFFFFFFFF110D
310
046C6F6F700CFFFFFFFF04FFFFFFFF0CFFFFFFFF0CFFFFFFFF0C050000000C08000000110E05706C616E650D07737572666163650CFFFFFFFF04FFFFFFFF0CFFFFFFFF13432AD6BA1EC53D40E299E9C151B82F4000000000000000001400000000000000800000000000000000000000000000F03F14000000000000F03F00
310
0000000000000000000000000000000B0B0B0B0B110D04666163650CFFFFFFFF04FFFFFFFF0CFFFFFFFF0CFFFFFFFF0C060000000C090000000CFFFFFFFF0C070000000B0A0B110D057368656C6C0CFFFFFFFF04FFFFFFFF0CFFFFFFFF0CFFFFFFFF0CFFFFFFFF0C080000000CFFFFFFFF0C0A000000110D046C756D700CFF
310
FFFFFF04FFFFFFFF0CFFFFFFFF0CFFFFFFFF0C090000000C00000000110E03456E640E026F660E0341534D0D0464617461
  0
ACDSRECORD
 90
        1
  2
AcDbDs::ID
280
    10
320
1E1
  2
ASM_Data
280
    15
 94
      811
310
414349532042696E61727946696C652855000000000000010000000C00000007214F70656E2044657369676E20416C6C69616E63652041434953204275696C646572070E41434953203231382E3030204E540718467269204175672030322030333A31313A3430203230323406000000000000F03F0648AFBC9AF2D77A3E06
310
BBBDD7D9DF7CDB3D0D04626F64790CFFFFFFFF04FFFFFFFF0CFFFFFFFF0C0A0000000CFFFFFFFF0CFFFFFFFF110D05706F696E740CFFFFFFFF04FFFFFFFF0CFFFFFFFF13589A4AF553E34B40DD24068195C330400000000000000000110D067665727465780CFFFFFFFF04FFFFFFFF0CFFFFFFFF0C0400000004020000000C
310
01000000110E07656C6C697073650D0563757276650CFFFFFFFF04FFFFFFFF0CFFFFFFFF13E3A59BC420D04B40DD24068195C3304000000000000000001400000000000000000000000000000000000000000000F03F14B174F4AE3033C33F0000000000000000000000000000008006000000000000F03F0B0B110D046564
310
67650CFFFFFFFF04FFFFFFFF0CFFFFFFFF0C020000000600000000000000000C0200000006182D4454FB2119400C050000000C030000000B0707756E6B6E6F776E110D06636F656467650CFFFFFFFF04FFFFFFFF0CFFFFFFFF0C050000000C050000000CFFFFFFFF0C040000000B0C0600000004000000000CFFFFFFFF110D
310
046C6F6F700CFFFFFFFF04FFFFFFFF0CFFFFFFFF0CFFFFFFFF0C050000000C08000000110E05706C616E650D07737572666163650CFFFFFFFF04FFFFFFFF0CFFFFFFFF13A92B442C87C64B40DD24068195C3304000000000000000001400000000000000800000000000000000000000000000F03F14000000000000F03F00
310
0000000000000000000000000000000B0B0B0B0B110D04666163650CFFFFFFFF04FFFFFFFF0CFFFFFFFF0CFFFFFFFF0C060000000C090000000CFFFFFFFF0C070000000B0A0B110D057368656C6C0CFFFFFFFF04FFFFFFFF0CFFFFFFFF0CFFFFFFFF0CFFFFFFFF0C080000000CFFFFFFFF0C0A000000110D046C756D700CFF
310
FFFFFF04FFFFFFFF0CFFFFFFFF0CFFFFFFFF0C090000000C00000000110E03456E640E026F660E0341534D0D0464617461
  0
ACDSRECORD
 90
        1
  2
AcDbDs::ID
280
    10
320
1E4
  2
ASM_Data
280
    15
 94
      811
310
414349532042696E61727946696C652855000000000000010000000C00000007214F70656E2044657369676E20416C6C69616E63652041434953204275696C646572070E41434953203231382E3030204E540718467269204175672030322030333A31313A3430203230323406000000000000F03F0648AFBC9AF2D77A3E06
310
BBBDD7D9DF7CDB3D0D04626F64790CFFFFFFFF04FFFFFFFF0CFFFFFFFF0C0A0000000CFFFFFFFF0CFFFFFFFF110D05706F696E740CFFFFFFFF04FFFFFFFF0CFFFFFFFF13749E88B0A7814D40315C5F1C434134400000000000000000110D067665727465780CFFFFFFFF04FFFFFFFF0CFFFFFFFF0C0400000004020000000C
310
01000000110E07656C6C697073650D0563757276650CFFFFFFFF04FFFFFFFF0CFFFFFFFF13FFA9D97F746E4D40315C5F1C4341344000000000000000001400000000000000000000000000000000000000000000F03F14B174F4AE3033C33F0000000000000000000000000000008006000000000000F03F0B0B110D046564
310
67650CFFFFFFFF04FFFFFFFF0CFFFFFFFF0C020000000600000000000000000C0200000006182D4454FB2119400C050000000C030000000B0707756E6B6E6F776E110D06636F656467650CFFFFFFFF04FFFFFFFF0CFFFFFFFF0C050000000C050000000CFFFFFFFF0C040000000B0C0600000004000000000CFFFFFFFF110D
310
046C6F6F700CFFFFFFFF04FFFFFFFF0CFFFFFFFF0CFFFFFFFF0C050000000C08000000110E05706C616E650D07737572666163650CFFFFFFFF04FFFFFFFF0CFFFFFFFF13C52F82E7DA644D40315C5F1C4341344000000000000000001400000000000000800000000000000000000000000000F03F14000000000000F03F00
310
0000000000000000000000000000000B0B0B0B0B110D04666163650CFFFFFFFF04FFFFFFFF0CFFFFFFFF0CFFFFFFFF0C060000000C090000000CFFFFFFFF0C070000000B0A0B110D057368656C6C0CFFFFFFFF04FFFFFFFF0CFFFFFFFF0CFFFFFFFF0CFFFFFFFF0C080000000CFFFFFFFF0C0A000000110D046C756D700CFF
310
FFFFFF04FFFFFFFF0CFFFFFFFF0CFFFFFFFF0C090000000C00000000110E03456E640E026F660E0341534D0D0464617461
  0
ACDSRECORD
 90
        1
  2
AcDbDs::ID
280
    10
320
1E7
  2
ASM_Data
280
    15
 94
      811
310
414349532042696E61727946696C652855000000000000010000000C00000007214F70656E2044657369676E20416C6C69616E63652041434953204275696C646572070E41434953203231382E3030204E540718467269204175672030322030333A31313A3430203230323406000000000000F03F0648AFBC9AF2D77A3E06
310
BBBDD7D9DF7CDB3D0D04626F64790CFFFFFFFF04FFFFFFFF0CFFFFFFFF0C0A0000000CFFFFFFFF0CFFFFFFFF110D05706F696E740CFFFFFFFF04FFFFFFFF0CFFFFFFFF13F35E6BA5C6FB4D402406819543AB32400000000000000000110D067665727465780CFFFFFFFF04FFFFFFFF0CFFFFFFFF0C0400000004020000000C
310
01000000110E07656C6C697073650D0563757276650CFFFFFFFF04FFFFFFFF0CFFFFFFFF137E6ABC7493E84D402406819543AB324000000000000000001400000000000000000000000000000000000000000000F03F14B174F4AE3033C33F0000000000000000000000000000008006000000000000F03F0B0B110D046564
310
67650CFFFFFFFF04FFFFFFFF0CFFFFFFFF0C020000000600000000000000000C0200000006182D4454FB2119400C050000000C030000000B0707756E6B6E6F776E110D06636F656467650CFFFFFFFF04FFFFFFFF0CFFFFFFFF0C050000000C050000000CFFFFFFFF0C040000000B0C0600000004000000000CFFFFFFFF110D
310
046C6F6F700CFFFFFFFF04FFFFFFFF0CFFFFFFFF0CFFFFFFFF0C050000000C08000000110E05706C616E650D07737572666163650CFFFFFFFF04FFFFFFFF0CFFFFFFFF1344F064DCF9DE4D402406819543AB324000000000000000001400000000000000800000000000000000000000000000F03F14000000000000F03F00
310
0000000000000000000000000000000B0B0B0B0B110D04666163650CFFFFFFFF04FFFFFFFF0CFFFFFFFF0CFFFFFFFF0C060000000C090000000CFFFFFFFF0C070000000B0A0B110D057368656C6C0CFFFFFFFF04FFFFFFFF0CFFFFFFFF0CFFFFFFFF0CFFFFFFFF0C080000000CFFFFFFFF0C0A000000110D046C756D700CFF
310
FFFFFF04FFFFFFFF0CFFFFFFFF0CFFFFFFFF0C090000000C00000000110E03456E640E026F660E0341534D0D0464617461
  0
ACDSRECORD
 90
        1
  2
AcDbDs::ID
280
    10
320
1EA
  2
ASM_Data
280
    15
 94
      811
310
414349532042696E61727946696C652855000000000000010000000C00000007214F70656E2044657369676E20416C6C69616E63652041434953204275696C646572070E41434953203231382E3030204E540718467269204175672030322030333A31313A3430203230323406000000000000F03F0648AFBC9AF2D77A3E06
310
BBBDD7D9DF7CDB3D0D04626F64790CFFFFFFFF04FFFFFFFF0CFFFFFFFF0C0A0000000CFFFFFFFF0CFFFFFFFF110D05706F696E740CFFFFFFFF04FFFFFFFF0CFFFFFFFF1303B7A4598FB24B40BA490C022BA731400000000000000000110D067665727465780CFFFFFFFF04FFFFFFFF0CFFFFFFFF0C0400000004020000000C
310
01000000110E07656C6C697073650D0563757276650CFFFFFFFF04FFFFFFFF0CFFFFFFFF138EC2F5285C9F4B40BA490C022BA7314000000000000000001400000000000000000000000000000000000000000000F03F14B174F4AE3033C33F0000000000000000000000000000008006000000000000F03F0B0B110D046564
310
67650CFFFFFFFF04FFFFFFFF0CFFFFFFFF0C020000000600000000000000000C0200000006182D4454FB2119400C050000000C030000000B0707756E6B6E6F776E110D06636F656467650CFFFFFFFF04FFFFFFFF0CFFFFFFFF0C050000000C050000000CFFFFFFFF0C040000000B0C0600000004000000000CFFFFFFFF110D
310
046C6F6F700CFFFFFFFF04FFFFFFFF0CFFFFFFFF0CFFFFFFFF0C050000000C08000000110E05706C616E650D07737572666163650CFFFFFFFF04FFFFFFFF0CFFFFFFFF1354489E90C2954B40BA490C022BA7314000000000000000001400000000000000800000000000000000000000000000F03F14000000000000F03F00
310
0000000000000000000000000000000B0B0B0B0B110D04666163650CFFFFFFFF04FFFFFFFF0CFFFFFFFF0CFFFFFFFF0C060000000C090000000CFFFFFFFF0C070000000B0A0B110D057368656C6C0CFFFFFFFF04FFFFFFFF0CFFFFFFFF0CFFFFFFFF0CFFFFFFFF0C080000000CFFFFFFFF0C0A000000110D046C756D700CFF
310
FFFFFF04FFFFFFFF0CFFFFFFFF0CFFFFFFFF0C090000000C00000000110E03456E640E026F660E0341534D0D0464617461
  0
ACDSRECORD
 90
        1
  2
AcDbDs::ID
280
    10
320
1ED
  2
ASM_Data
280
    15
 94
      811
310
414349532042696E61727946696C652855000000000000010000000C00000007214F70656E2044657369676E20416C6C69616E63652041434953204275696C646572070E41434953203231382E3030204E540718467269204175672030322030333A31313A3430203230323406000000000000F03F0648AFBC9AF2D77A3E06
310
BBBDD7D9DF7CDB3D0D04626F64790CFFFFFFFF04FFFFFFFF0CFFFFFFFF0C0A0000000CFFFFFFFF0CFFFFFFFF110D05706F696E740CFFFFFFFF04FFFFFFFF0CFFFFFFFF133F7EC21BCAF7F73F9518BAC8F3F734400000000000000000110D067665727465780CFFFFFFFF04FFFFFFFF0CFFFFFFFF0C0400000004020000000C
310
01000000110E07656C6C697073650D0563757276650CFFFFFFFF04FFFFFFFF0CFFFFFFFF13A9EFE3056491F53F9518BAC8F3F7344000000000000000001400000000000000000000000000000000000000000000F03F14B174F4AE3033C33F0000000000000000000000000000008006000000000000F03F0B0B110D046564
310
67650CFFFFFFFF04FFFFFFFF0CFFFFFFFF0C020000000600000000000000000C0200000006182D4454FB2119400C050000000C030000000B0707756E6B6E6F776E110D06636F656467650CFFFFFFFF04FFFFFFFF0CFFFFFFFF0C050000000C050000000CFFFFFFFF0C040000000B0C0600000004000000000CFFFFFFFF110D
310
046C6F6F700CFFFFFFFF04FFFFFFFF0CFFFFFFFF0CFFFFFFFF0C050000000C08000000110E05706C616E650D07737572666163650CFFFFFFFF04FFFFFFFF0CFFFFFFFF135EA8F4FA305EF43F9518BAC8F3F7344000000000000000001400000000000000800000000000000000000000000000F03F14000000000000F03F00
310
0000000000000000000000000000000B0B0B0B0B110D04666163650CFFFFFFFF04FFFFFFFF0CFFFFFFFF0CFFFFFFFF0C060000000C090000000CFFFFFFFF0C070000000B0A0B110D057368656C6C0CFFFFFFFF04FFFFFFFF0CFFFFFFFF0CFFFFFFFF0CFFFFFFFF0C080000000CFFFFFFFF0C0A000000110D046C756D700CFF
310
FFFFFF04FFFFFFFF0CFFFFFFFF0CFFFFFFFF0C090000000C00000000110E03456E640E026F660E0341534D0D0464617461
  0
ACDSRECORD
 90
        1
  2
AcDbDs::ID
280
    10
320
1F0
  2
ASM_Data
280
    15
 94
      811
310
414349532042696E61727946696C652855000000000000010000000C00000007214F70656E2044657369676E20416C6C69616E63652041434953204275696C646572070E41434953203231382E3030204E540718467269204175672030322030333A31313A3430203230323406000000000000F03F0648AFBC9AF2D77A3E06
310
BBBDD7D9DF7CDB3D0D04626F64790CFFFFFFFF04FFFFFFFF0CFFFFFFFF0C0A0000000CFFFFFFFF0CFFFFFFFF110D05706F696E740CFFFFFFFF04FFFFFFFF0CFFFFFFFF13E1DBAADA24964C4016D9CEF753A328400000000000000000110D067665727465780CFFFFFFFF04FFFFFFFF0CFFFFFFFF0C0400000004020000000C
310
01000000110E07656C6C697073650D0563757276650CFFFFFFFF04FFFFFFFF0CFFFFFFFF136CE7FBA9F1824C4016D9CEF753A3284000000000000000001400000000000000000000000000000000000000000000F03F14B174F4AE3033C33F0000000000000000000000000000008006000000000000F03F0B0B110D046564
310
67650CFFFFFFFF04FFFFFFFF0CFFFFFFFF0C020000000600000000000000000C0200000006182D4454FB2119400C050000000C030000000B0707756E6B6E6F776E110D06636F656467650CFFFFFFFF04FFFFFFFF0CFFFFFFFF0C050000000C050000000CFFFFFFFF0C040000000B0C0600000004000000000CFFFFFFFF110D
310
046C6F6F700CFFFFFFFF04FFFFFFFF0CFFFFFFFF0CFFFFFFFF0C050000000C08000000110E05706C616E650D07737572666163650CFFFFFFFF04FFFFFFFF0CFFFFFFFF13326DA41158794C4016D9CEF753A3284000000000000000001400000000000000800000000000000000000000000000F03F14000000000000F03F00
310
0000000000000000000000000000000B0B0B0B0B110D04666163650CFFFFFFFF04FFFFFFFF0CFFFFFFFF0CFFFFFFFF0C060000000C090000000CFFFFFFFF0C070000000B0A0B110D057368656C6C0CFFFFFFFF04FFFFFFFF0CFFFFFFFF0CFFFFFFFF0CFFFFFFFF0C080000000CFFFFFFFF0C0A000000110D046C756D700CFF
310
FFFFFF04FFFFFFFF0CFFFFFFFF0CFFFFFFFF0C090000000C00000000110E03456E640E026F660E0341534D0D0464617461
  0
ACDSRECORD
 90
        1
  2
AcDbDs::ID
280
    10
320
1F3
  2
ASM_Data
280
    15
 94
      811
310
414349532042696E61727946696C652855000000000000010000000C00000007214F70656E2044657369676E20416C6C69616E63652041434953204275696C646572070E41434953203231382E3030204E540718467269204175672030322030333A31313A3430203230323406000000000000F03F0648AFBC9AF2D77A3E06
310
BBBDD7D9DF7CDB3D0D04626F64790CFFFFFFFF04FFFFFFFF0CFFFFFFFF0C0A0000000CFFFFFFFF0CFFFFFFFF110D05706F696E740CFFFFFFFF04FFFFFFFF0CFFFFFFFF13F9DE3A5A30A41340B026E4BD490535400000000000000000110D067665727465780CFFFFFFFF04FFFFFFFF0CFFFFFFFF0C0400000004020000000C
310
01000000110E07656C6C697073650D0563757276650CFFFFFFFF04FFFFFFFF0CFFFFFFFF13533BC3D4960A1340B026E4BD4905354000000000000000001400000000000000000000000000000000000000000000F03F14B174F4AE3033C33F0000000000000000000000000000008006000000000000F03F0B0B110D046564
310
67650CFFFFFFFF04FFFFFFFF0CFFFFFFFF0C020000000600000000000000000C0200000006182D4454FB2119400C050000000C030000000B0707756E6B6E6F776E110D06636F656467650CFFFFFFFF04FFFFFFFF0CFFFFFFFF0C050000000C050000000CFFFFFFFF0C040000000B0C0600000004000000000CFFFFFFFF110D
310
046C6F6F700CFFFFFFFF04FFFFFFFF0CFFFFFFFF0CFFFFFFFF0C050000000C08000000110E05706C616E650D07737572666163650CFFFFFFFF04FFFFFFFF0CFFFFFFFF1380690712CABD1240B026E4BD4905354000000000000000001400000000000000800000000000000000000000000000F03F14000000000000F03F00
310
0000000000000000000000000000000B0B0B0B0B110D04666163650CFFFFFFFF04FFFFFFFF0CFFFFFFFF0CFFFFFFFF0C060000000C090000000CFFFFFFFF0C070000000B0A0B110D057368656C6C0CFFFFFFFF04FFFFFFFF0CFFFFFFFF0CFFFFFFFF0CFFFFFFFF0C080000000CFFFFFFFF0C0A000000110D046C756D700CFF
310
FFFFFF04FFFFFFFF0CFFFFFFFF0CFFFFFFFF0C090000000C00000000110E03456E640E026F660E0341534D0D0464617461
  0
ACDSRECORD
 90
        1
  2
AcDbDs::ID
280
    10
320
1F6
  2
ASM_Data
280
    15
 94
      811
310
414349532042696E61727946696C652855000000000000010000000C00000007214F70656E2044657369676E20416C6C69616E63652041434953204275696C646572070E41434953203231382E3030204E540718467269204175672030322030333A31313A3430203230323406000000000000F03F0648AFBC9AF2D77A3E06
310
BBBDD7D9DF7CDB3D0D04626F64790CFFFFFFFF04FFFFFFFF0CFFFFFFFF0C0A0000000CFFFFFFFF0CFFFFFFFF110D05706F696E740CFFFFFFFF04FFFFFFFF0CFFFFFFFF1355CF516064C24E409241AC067A1930400000000000000000110D067665727465780CFFFFFFFF04FFFFFFFF0CFFFFFFFF0C0400000004020000000C
310
01000000110E07656C6C697073650D0563757276650CFFFFFFFF04FFFFFFFF0CFFFFFFFF13E0DAA22F31AF4E409241AC067A19304000000000000000001400000000000000000000000000000000000000000000F03F14B174F4AE3033C33F0000000000000000000000000000008006000000000000F03F0B0B110D046564
310
67650CFFFFFFFF04FFFFFFFF0CFFFFFFFF0C020000000600000000000000000C0200000006182D4454FB2119400C050000000C030000000B0707756E6B6E6F776E110D06636F656467650CFFFFFFFF04FFFFFFFF0CFFFFFFFF0C050000000C050000000CFFFFFFFF0C040000000B0C0600000004000000000CFFFFFFFF110D
310
046C6F6F700CFFFFFFFF04FFFFFFFF0CFFFFFFFF0CFFFFFFFF0C050000000C08000000110E05706C616E650D07737572666163650CFFFFFFFF04FFFFFFFF0CFFFFFFFF13A6604B9797A54E409241AC067A19304000000000000000001400000000000000800000000000000000000000000000F03F14000000000000F03F00
310
0000000000000000000000000000000B0B0B0B0B110D04666163650CFFFFFFFF04FFFFFFFF0CFFFFFFFF0CFFFFFFFF0C060000000C090000000CFFFFFFFF0C070000000B0A0B110D057368656C6C0CFFFFFFFF04FFFFFFFF0CFFFFFFFF0CFFFFFFFF0CFFFFFFFF0C080000000CFFFFFFFF0C0A000000110D046C756D700CFF
310
FFFFFF04FFFFFFFF0CFFFFFFFF0CFFFFFFFF0C090000000C00000000110E03456E640E026F660E0341534D0D0464617461
  0
ACDSRECORD
 90
        1
  2
AcDbDs::ID
280
    10
320
1F9
  2
ASM_Data
280
    15
 94
      811
310
414349532042696E61727946696C652855000000000000010000000C00000007214F70656E2044657369676E20416C6C69616E63652041434953204275696C646572070E41434953203231382E3030204E540718467269204175672030322030333A31313A3430203230323406000000000000F03F0648AFBC9AF2D77A3E06
310
BBBDD7D9DF7CDB3D0D04626F64790CFFFFFFFF04FFFFFFFF0CFFFFFFFF0C0A0000000CFFFFFFFF0CFFFFFFFF110D05706F696E740CFFFFFFFF04FFFFFFFF0CFFFFFFFF13686FF085C9284E40E21168F2C5E92E400000000000000000110D067665727465780CFFFFFFFF04FFFFFFFF0CFFFFFFFF0C0400000004020000000C
310
01000000110E07656C6C697073650D0563757276650CFFFFFFFF04FFFFFFFF0CFFFFFFFF13F37A415596154E40E21168F2C5E92E4000000000000000001400000000000000000000000000000000000000000000F03F14B174F4AE3033C33F0000000000000000000000000000008006000000000000F03F0B0B110D046564
310
67650CFFFFFFFF04FFFFFFFF0CFFFFFFFF0C020000000600000000000000000C0200000006182D4454FB2119400C050000000C030000000B0707756E6B6E6F776E110D06636F656467650CFFFFFFFF04FFFFFFFF0CFFFFFFFF0C050000000C050000000CFFFFFFFF0C040000000B0C0600000004000000000CFFFFFFFF110D
310
046C6F6F700CFFFFFFFF04FFFFFFFF0CFFFFFFFF0CFFFFFFFF0C050000000C08000000110E05706C616E650D07737572666163650CFFFFFFFF04FFFFFFFF0CFFFFFFFF13B900EABCFC0B4E40E21168F2C5E92E4000000000000000001400000000000000800000000000000000000000000000F03F14000000000000F03F00
310
0000000000000000000000000000000B0B0B0B0B110D04666163650CFFFFFFFF04FFFFFFFF0CFFFFFFFF0CFFFFFFFF0C060000000C090000000CFFFFFFFF0C070000000B0A0B110D057368656C6C0CFFFFFFFF04FFFFFFFF0CFFFFFFFF0CFFFFFFFF0CFFFFFFFF0C080000000CFFFFFFFF0C0A000000110D046C756D700CFF
310
FFFFFF04FFFFFFFF0CFFFFFFFF0CFFFFFFFF0C090000000C00000000110E03456E640E026F660E0341534D0D0464617461
  0
ACDSRECORD
 90
        1
  2
AcDbDs::ID
280
    10
320
1FC
  2
ASM_Data
280
    15
 94
      811
310
414349532042696E61727946696C652855000000000000010000000C00000007214F70656E2044657369676E20416C6C69616E63652041434953204275696C646572070E41434953203231382E3030204E540718467269204175672030322030333A31313A3430203230323406000000000000F03F0648AFBC9AF2D77A3E06
310
BBBDD7D9DF7CDB3D0D04626F64790CFFFFFFFF04FFFFFFFF0CFFFFFFFF0C0A0000000CFFFFFFFF0CFFFFFFFF110D05706F696E740CFFFFFFFF04FFFFFFFF0CFFFFFFFF13069C001EAC7B5040D0CE691668F534400000000000000000110D067665727465780CFFFFFFFF04FFFFFFFF0CFFFFFFFF0C0400000004020000000C
310
01000000110E07656C6C697073650D0563757276650CFFFFFFFF04FFFFFFFF0CFFFFFFFF13CC21A98512725040D0CE691668F5344000000000000000001400000000000000000000000000000000000000000000F03F14B174F4AE3033C33F0000000000000000000000000000008006000000000000F03F0B0B110D046564
310
67650CFFFFFFFF04FFFFFFFF0CFFFFFFFF0C020000000600000000000000000C0200000006182D4454FB2119400C050000000C030000000B0707756E6B6E6F776E110D06636F656467650CFFFFFFFF04FFFFFFFF0CFFFFFFFF0C050000000C050000000CFFFFFFFF0C040000000B0C0600000004000000000CFFFFFFFF110D
310
046C6F6F700CFFFFFFFF04FFFFFFFF0CFFFFFFFF0CFFFFFFFF0C050000000C08000000110E05706C616E650D07737572666163650CFFFFFFFF04FFFFFFFF0CFFFFFFFF13AF647DB9456D5040D0CE691668F5344000000000000000001400000000000000800000000000000000000000000000F03F14000000000000F03F00
310
0000000000000000000000000000000B0B0B0B0B110D04666163650CFFFFFFFF04FFFFFFFF0CFFFFFFFF0CFFFFFFFF0C060000000C090000000CFFFFFFFF0C070000000B0A0B110D057368656C6C0CFFFFFFFF04FFFFFFFF0CFFFFFFFF0CFFFFFFFF0CFFFFFFFF0C080000000CFFFFFFFF0C0A000000110D046C756D700CFF
310
FFFFFF04FFFFFFFF0CFFFFFFFF0CFFFFFFFF0C090000000C00000000110E03456E640E026F660E0341534D0D0464617461
  0
ACDSRECORD
 90
        1
  2
AcDbDs::ID
280
    10
320
1FF
  2
ASM_Data
280
    15
 94
      811
310
414349532042696E61727946696C652855000000000000010000000C00000007214F70656E2044657369676E20416C6C69616E63652041434953204275696C646572070E41434953203231382E3030204E540718467269204175672030322030333A31313A3430203230323406000000000000F03F0648AFBC9AF2D77A3E06
310
BBBDD7D9DF7CDB3D0D04626F64790CFFFFFFFF04FFFFFFFF0CFFFFFFFF0C0A0000000CFFFFFFFF0CFFFFFFFF110D05706F696E740CFFFFFFFF04FFFFFFFF0CFFFFFFFF1393B8F90CC9954C40007B3B78DCB22A400000000000000000110D067665727465780CFFFFFFFF04FFFFFFFF0CFFFFFFFF0C0400000004020000000C
310
01000000110E07656C6C697073650D0563757276650CFFFFFFFF04FFFFFFFF0CFFFFFFFF131EC44ADC95824C40007B3B78DCB22A4000000000000000001400000000000000000000000000000000000000000000F03F14B174F4AE3033C33F0000000000000000000000000000008006000000000000F03F0B0B110D046564
310
67650CFFFFFFFF04FFFFFFFF0CFFFFFFFF0C020000000600000000000000000C0200000006182D4454FB2119400C050000000C030000000B0707756E6B6E6F776E110D06636F656467650CFFFFFFFF04FFFFFFFF0CFFFFFFFF0C050000000C050000000CFFFFFFFF0C040000000B0C0600000004000000000CFFFFFFFF110D
310
046C6F6F700CFFFFFFFF04FFFFFFFF0CFFFFFFFF0CFFFFFFFF0C050000000C08000000110E05706C616E650D07737572666163650CFFFFFFFF04FFFFFFFF0CFFFFFFFF13E449F343FC784C40007B3B78DCB22A4000000000000000001400000000000000800000000000000000000000000000F03F14000000000000F03F00
310
0000000000000000000000000000000B0B0B0B0B110D04666163650CFFFFFFFF04FFFFFFFF0CFFFFFFFF0CFFFFFFFF0C060000000C090000000CFFFFFFFF0C070000000B0A0B110D057368656C6C0CFFFFFFFF04FFFFFFFF0CFFFFFFFF0CFFFFFFFF0CFFFFFFFF0C080000000CFFFFFFFF0C0A000000110D046C756D700CFF
310
FFFFFF04FFFFFFFF0CFFFFFFFF0CFFFFFFFF0C090000000C00000000110E03456E640E026F660E0341534D0D0464617461
  0
ACDSRECORD
 90
        1
  2
AcDbDs::ID
280
    10
320
202
  2
ASM_Data
280
    15
 94
      811
310
414349532042696E61727946696C652855000000000000010000000C00000007214F70656E2044657369676E20416C6C69616E63652041434953204275696C646572070E41434953203231382E3030204E540718467269204175672030322030333A31313A3430203230323406000000000000F03F0648AFBC9AF2D77A3E06
310
BBBDD7D9DF7CDB3D0D04626F64790CFFFFFFFF04FFFFFFFF0CFFFFFFFF0C0A0000000CFFFFFFFF0CFFFFFFFF110D05706F696E740CFFFFFFFF04FFFFFFFF0CFFFFFFFF13C7ACCDB51E554C40F5285C8FC2352D400000000000000000110D067665727465780CFFFFFFFF04FFFFFFFF0CFFFFFFFF0C0400000004020000000C
310
01000000110E07656C6C697073650D0563757276650CFFFFFFFF04FFFFFFFF0CFFFFFFFF1352B81E85EB414C40F5285C8FC2352D4000000000000000001400000000000000000000000000000000000000000000F03F14B174F4AE3033C33F0000000000000000000000000000008006000000000000F03F0B0B110D046564
310
67650CFFFFFFFF04FFFFFFFF0CFFFFFFFF0C020000000600000000000000000C0200000006182D4454FB2119400C050000000C030000000B0707756E6B6E6F776E110D06636F656467650CFFFFFFFF04FFFFFFFF0CFFFFFFFF0C050000000C050000000CFFFFFFFF0C040000000B0C0600000004000000000CFFFFFFFF110D
310
046C6F6F700CFFFFFFFF04FFFFFFFF0CFFFFFFFF0CFFFFFFFF0C050000000C08000000110E05706C616E650D07737572666163650CFFFFFFFF04FFFFFFFF0CFFFFFFFF13183EC7EC51384C40F5285C8FC2352D4000000000000000001400000000000000800000000000000000000000000000F03F14000000000000F03F00
310
0000000000000000000000000000000B0B0B0B0B110D04666163650CFFFFFFFF04FFFFFFFF0CFFFFFFFF0CFFFFFFFF0C060000000C090000000CFFFFFFFF0C070000000B0A0B110D057368656C6C0CFFFFFFFF04FFFFFFFF0CFFFFFFFF0CFFFFFFFF0CFFFFFFFF0C080000000CFFFFFFFF0C0A000000110D046C756D700CFF
310
FFFFFF04FFFFFFFF0CFFFFFFFF0CFFFFFFFF0C090000000C00000000110E03456E640E026F660E0341534D0D0464617461
  0
ACDSRECORD
 90
        1
  2
AcDbDs::ID
280
    10
320
205
  2
ASM_Data
280
    15
 94
      811
310
414349532042696E61727946696C652855000000000000010000000C00000007214F70656E2044657369676E20416C6C69616E63652041434953204275696C646572070E41434953203231382E3030204E540718467269204175672030322030333A31313A3430203230323406000000000000F03F0648AFBC9AF2D77A3E06
310
BBBDD7D9DF7CDB3D0D04626F64790CFFFFFFFF04FFFFFFFF0CFFFFFFFF0C0A0000000CFFFFFFFF0CFFFFFFFF110D05706F696E740CFFFFFFFF04FFFFFFFF0CFFFFFFFF13FAD9232FC6FB17409F7ADE6CF7DF36400000000000000000110D067665727465780CFFFFFFFF04FFFFFFFF0CFFFFFFFF0C0400000004020000000C
310
01000000110E07656C6C697073650D0563757276650CFFFFFFFF04FFFFFFFF0CFFFFFFFF135436ACA92C6217409F7ADE6CF7DF364000000000000000001400000000000000000000000000000000000000000000F03F14B174F4AE3033C33F0000000000000000000000000000008006000000000000F03F0B0B110D046564
310
67650CFFFFFFFF04FFFFFFFF0CFFFFFFFF0C020000000600000000000000000C0200000006182D4454FB2119400C050000000C030000000B0707756E6B6E6F776E110D06636F656467650CFFFFFFFF04FFFFFFFF0CFFFFFFFF0C050000000C050000000CFFFFFFFF0C040000000B0C0600000004000000000CFFFFFFFF110D
310
046C6F6F700CFFFFFFFF04FFFFFFFF0CFFFFFFFF0CFFFFFFFF0C050000000C08000000110E05706C616E650D07737572666163650CFFFFFFFF04FFFFFFFF0CFFFFFFFF138164F0E65F1517409F7ADE6CF7DF364000000000000000001400000000000000800000000000000000000000000000F03F14000000000000F03F00
310
0000000000000000000000000000000B0B0B0B0B110D04666163650CFFFFFFFF04FFFFFFFF0CFFFFFFFF0CFFFFFFFF0C060000000C090000000CFFFFFFFF0C070000000B0A0B110D057368656C6C0CFFFFFFFF04FFFFFFFF0CFFFFFFFF0CFFFFFFFF0CFFFFFFFF0C080000000CFFFFFFFF0C0A000000110D046C756D700CFF
310
FFFFFF04FFFFFFFF0CFFFFFFFF0CFFFFFFFF0C090000000C00000000110E03456E640E026F660E0341534D0D0464617461
  0
ACDSRECORD
 90
        1
  2
AcDbDs::ID
280
    10
320
208
  2
ASM_Data
280
    15
 94
      811
310
414349532042696E61727946696C652855000000000000010000000C00000007214F70656E2044657369676E20416C6C69616E63652041434953204275696C646572070E41434953203231382E3030204E540718467269204175672030322030333A31313A3430203230323406000000000000F03F0648AFBC9AF2D77A3E06
310
BBBDD7D9DF7CDB3D0D04626F64790CFFFFFFFF04FFFFFFFF0CFFFFFFFF0C0A0000000CFFFFFFFF0CFFFFFFFF110D05706F696E740CFFFFFFFF04FFFFFFFF0CFFFFFFFF13AC8582E7182F0140F1D24D6210D835400000000000000000110D067665727465780CFFFFFFFF04FFFFFFFF0CFFFFFFFF0C0400000004020000000C
310
01000000110E07656C6C697073650D0563757276650CFFFFFFFF04FFFFFFFF0CFFFFFFFF13C17C26B9CBF7FF3FF1D24D6210D8354000000000000000001400000000000000000000000000000000000000000000F03F14B174F4AE3033C33F0000000000000000000000000000008006000000000000F03F0B0B110D046564
310
67650CFFFFFFFF04FFFFFFFF0CFFFFFFFF0C020000000600000000000000000C0200000006182D4454FB2119400C050000000C030000000B0707756E6B6E6F776E110D06636F656467650CFFFFFFFF04FFFFFFFF0CFFFFFFFF0C050000000C050000000CFFFFFFFF0C040000000B0C0600000004000000000CFFFFFFFF110D
310
046C6F6F700CFFFFFFFF04FFFFFFFF0CFFFFFFFF0CFFFFFFFF0C050000000C08000000110E05706C616E650D07737572666163650CFFFFFFFF04FFFFFFFF0CFFFFFFFF13763537AE98C4FE3FF1D24D6210D8354000000000000000001400000000000000800000000000000000000000000000F03F14000000000000F03F00
310
0000000000000000000000000000000B0B0B0B0B110D04666163650CFFFFFFFF04FFFFFFFF0CFFFFFFFF0CFFFFFFFF0C060000000C090000000CFFFFFFFF0C070000000B0A0B110D057368656C6C0CFFFFFFFF04FFFFFFFF0CFFFFFFFF0CFFFFFFFF0CFFFFFFFF0C080000000CFFFFFFFF0C0A000000110D046C756D700CFF
310
FFFFFF04FFFFFFFF0CFFFFFFFF0CFFFFFFFF0C090000000C00000000110E03456E640E026F660E0341534D0D0464617461
  0
ACDSRECORD
 90
        1
  2
AcDbDs::ID
280
    10
320
20B
  2
ASM_Data
280
    15
 94
      811
310
414349532042696E61727946696C652855000000000000010000000C00000007214F70656E2044657369676E20416C6C69616E63652041434953204275696C646572070E41434953203231382E3030204E540718467269204175672030322030333A31313A3430203230323406000000000000F03F0648AFBC9AF2D77A3E06
310
BBBDD7D9DF7CDB3D0D04626F64790CFFFFFFFF04FFFFFFFF0CFFFFFFFF0C0A0000000CFFFFFFFF0CFFFFFFFF110D05706F696E740CFFFFFFFF04FFFFFFFF0CFFFFFFFF136CEFAE0EDB791840892052FCAD6734400000000000000000110D067665727465780CFFFFFFFF04FFFFFFFF0CFFFFFFFF0C0400000004020000000C
310
01000000110E07656C6C697073650D0563757276650CFFFFFFFF04FFFFFFFF0CFFFFFFFF13C64B378941E01740892052FCAD67344000000000000000001400000000000000000000000000000000000000000000F03F14B174F4AE3033C33F0000000000000000000000000000008006000000000000F03F0B0B110D046564
310
67650CFFFFFFFF04FFFFFFFF0CFFFFFFFF0C020000000600000000000000000C0200000006182D4454FB2119400C050000000C030000000B0707756E6B6E6F776E110D06636F656467650CFFFFFFFF04FFFFFFFF0CFFFFFFFF0C050000000C050000000CFFFFFFFF0C040000000B0C0600000004000000000CFFFFFFFF110D
310
046C6F6F700CFFFFFFFF04FFFFFFFF0CFFFFFFFF0CFFFFFFFF0C050000000C08000000110E05706C616E650D07737572666163650CFFFFFFFF04FFFFFFFF0CFFFFFFFF13F3797BC674931740892052FCAD67344000000000000000001400000000000000800000000000000000000000000000F03F14000000000000F03F00
310
0000000000000000000000000000000B0B0B0B0B110D04666163650CFFFFFFFF04FFFFFFFF0CFFFFFFFF0CFFFFFFFF0C060000000C090000000CFFFFFFFF0C070000000B0A0B110D057368656C6C0CFFFFFFFF04FFFFFFFF0CFFFFFFFF0CFFFFFFFF0CFFFFFFFF0C080000000CFFFFFFFF0C0A000000110D046C756D700CFF
310
FFFFFF04FFFFFFFF0CFFFFFFFF0CFFFFFFFF0C090000000C00000000110E03456E640E026F660E0341534D0D0464617461
  0
ACDSRECORD
 90
        1
  2
AcDbDs::ID
280
    10
320
20E
  2
ASM_Data
280
    15
 94
      811
310
414349532042696E61727946696C652855000000000000010000000C00000007214F70656E2044657369676E20416C6C69616E63652041434953204275696C646572070E41434953203231382E3030204E540718467269204175672030322030333A31313A3430203230323406000000000000F03F0648AFBC9AF2D77A3E06
310
BBBDD7D9DF7CDB3D0D04626F64790CFFFFFFFF04FFFFFFFF0CFFFFFFFF0C0A0000000CFFFFFFFF0CFFFFFFFF110D05706F696E740CFFFFFFFF04FFFFFFFF0CFFFFFFFF136CEFAE0EDB791840F1D24D6210D835400000000000000000110D067665727465780CFFFFFFFF04FFFFFFFF0CFFFFFFFF0C0400000004020000000C
310
01000000110E07656C6C697073650D0563757276650CFFFFFFFF04FFFFFFFF0CFFFFFFFF13C64B378941E01740F1D24D6210D8354000000000000000001400000000000000000000000000000000000000000000F03F14B174F4AE3033C33F0000000000000000000000000000008006000000000000F03F0B0B110D046564
310
67650CFFFFFFFF04FFFFFFFF0CFFFFFFFF0C020000000600000000000000000C0200000006182D4454FB2119400C050000000C030000000B0707756E6B6E6F776E110D06636F656467650CFFFFFFFF04FFFFFFFF0CFFFFFFFF0C050000000C050000000CFFFFFFFF0C040000000B0C0600000004000000000CFFFFFFFF110D
310
046C6F6F700CFFFFFFFF04FFFFFFFF0CFFFFFFFF0CFFFFFFFF0C050000000C08000000110E05706C616E650D07737572666163650CFFFFFFFF04FFFFFFFF0CFFFFFFFF13F3797BC674931740F1D24D6210D8354000000000000000001400000000000000800000000000000000000000000000F03F14000000000000F03F00
310
0000000000000000000000000000000B0B0B0B0B110D04666163650CFFFFFFFF04FFFFFFFF0CFFFFFFFF0CFFFFFFFF0C060000000C090000000CFFFFFFFF0C070000000B0A0B110D057368656C6C0CFFFFFFFF04FFFFFFFF0CFFFFFFFF0CFFFFFFFF0CFFFFFFFF0C080000000CFFFFFFFF0C0A000000110D046C756D700CFF
310
FFFFFF04FFFFFFFF0CFFFFFFFF0CFFFFFFFF0C090000000C00000000110E03456E640E026F660E0341534D0D0464617461
  0
ACDSRECORD
 90
        1
  2
AcDbDs::ID
280
    10
320
21C
  2
ASM_Data
280
    15
 94
      811
310
414349532042696E61727946696C652855000000000000010000000C00000007214F70656E2044657369676E20416C6C69616E63652041434953204275696C646572070E41434953203231382E3030204E540718467269204175672030322030333A31313A3430203230323406000000000000F03F0648AFBC9AF2D77A3E06
310
BBBDD7D9DF7CDB3D0D04626F64790CFFFFFFFF04FFFFFFFF0CFFFFFFFF0C0A0000000CFFFFFFFF0CFFFFFFFF110D05706F696E740CFFFFFFFF04FFFFFFFF0CFFFFFFFF13AA750BF2ED7C04401E726D870AFEA4BF0000000000000000110D067665727465780CFFFFFFFF04FFFFFFFF0CFFFFFFFF0C0400000004020000000C
310
01000000110E07656C6C697073650D0563757276650CFFFFFFFF04FFFFFFFF0CFFFFFFFF13388EABD3793BAF3F1E726D870AFEA4BF00000000000000001400000000000000000000000000000000000000000000F03F1471C7BC0A000004400000000000000000000000000000008006000000000000F03F0B0B110D046564
310
67650CFFFFFFFF04FFFFFFFF0CFFFFFFFF0C020000000600000000000000000C0200000006182D4454FB2119400C050000000C030000000B0707756E6B6E6F776E110D06636F656467650CFFFFFFFF04FFFFFFFF0CFFFFFFFF0C050000000C050000000CFFFFFFFF0C040000000B0C0600000004000000000CFFFFFFFF110D
310
046C6F6F700CFFFFFFFF04FFFFFFFF0CFFFFFFFF0CFFFFFFFF0C050000000C08000000110E05706C616E650D07737572666163650CFFFFFFFF04FFFFFFFF0CFFFFFFFF13006B1F3C2406F3BFC0716D870AFEA4BF00000000000000001400000000000000800000000000000000000000000000F03F14000000000000F03F00
310
0000000000000000000000000000000B0B0B0B0B110D04666163650CFFFFFFFF04FFFFFFFF0CFFFFFFFF0CFFFFFFFF0C060000000C090000000CFFFFFFFF0C070000000B0A0B110D057368656C6C0CFFFFFFFF04FFFFFFFF0CFFFFFFFF0CFFFFFFFF0CFFFFFFFF0C080000000CFFFFFFFF0C0A000000110D046C756D700CFF
310
FFFFFF04FFFFFFFF0CFFFFFFFF0CFFFFFFFF0C090000000C00000000110E03456E640E026F660E0341534D0D0464617461
  0
ACDSRECORD
 90
        1
  2
AcDbDs::ID
280
    10
320
21F
  2
ASM_Data
280
    15
 94
      811
310
414349532042696E61727946696C652855000000000000010000000C00000007214F70656E2044657369676E20416C6C69616E63652041434953204275696C646572070E41434953203231382E3030204E540718467269204175672030322030333A31313A3430203230323406000000000000F03F0648AFBC9AF2D77A3E06
310
BBBDD7D9DF7CDB3D0D04626F64790CFFFFFFFF04FFFFFFFF0CFFFFFFFF0C0A0000000CFFFFFFFF0CFFFFFFFF110D05706F696E740CFFFFFFFF04FFFFFFFF0CFFFFFFFF13D8A9EACCDAF9FC3F1E726D870AFEA4BF0000000000000000110D067665727465780CFFFFFFFF04FFFFFFFF0CFFFFFFFF0C0400000004020000000C
310
01000000110E07656C6C697073650D0563757276650CFFFFFFFF04FFFFFFFF0CFFFFFFFF13388EABD3793BAF3F1E726D870AFEA4BF00000000000000001400000000000000000000000000000000000000000000F03F14664D4DFEFEFFFB3F0000000000000000000000000000008006000000000000F03F0B0B110D046564
310
67650CFFFFFFFF04FFFFFFFF0CFFFFFFFF0C020000000600000000000000000C0200000006182D4454FB2119400C050000000C030000000B0707756E6B6E6F776E110D06636F656467650CFFFFFFFF04FFFFFFFF0CFFFFFFFF0C050000000C050000000CFFFFFFFF0C040000000B0C0600000004000000000CFFFFFFFF110D
310
046C6F6F700CFFFFFFFF04FFFFFFFF0CFFFFFFFF0CFFFFFFFF0C050000000C08000000110E05706C616E650D07737572666163650CFFFFFFFF04FFFFFFFF0CFFFFFFFF1385941261470CEABF00726D870AFEA4BF00000000000000001400000000000000800000000000000000000000000000F03F14000000000000F03F00
310
0000000000000000000000000000000B0B0B0B0B110D04666163650CFFFFFFFF04FFFFFFFF0CFFFFFFFF0CFFFFFFFF0C060000000C090000000CFFFFFFFF0C070000000B0A0B110D057368656C6C0CFFFFFFFF04FFFFFFFF0CFFFFFFFF0CFFFFFFFF0CFFFFFFFF0C080000000CFFFFFFFF0C0A000000110D046C756D700CFF
310
FFFFFF04FFFFFFFF0CFFFFFFFF0CFFFFFFFF0C090000000C00000000110E03456E640E026F660E0341534D0D0464617461
  0
ACDSRECORD
 90
        1
  2
AcDbDs::ID
280
    10
320
226
  2
ASM_Data
280
    15
 94
      811
310
414349532042696E61727946696C652855000000000000010000000C00000007214F70656E2044657369676E20416C6C69616E63652041434953204275696C646572070E41434953203231382E3030204E540718467269204175672030322030333A31313A3430203230323406000000000000F03F0648AFBC9AF2D77A3E06
310
BBBDD7D9DF7CDB3D0D04626F64790CFFFFFFFF04FFFFFFFF0CFFFFFFFF0C0A0000000CFFFFFFFF0CFFFFFFFF110D05706F696E740CFFFFFFFF04FFFFFFFF0CFFFFFFFF1371C7BC0A0000044000000000000000000000000000000000110D067665727465780CFFFFFFFF04FFFFFFFF0CFFFFFFFF0C0400000004020000000C
310
01000000110E07656C6C697073650D0563757276650CFFFFFFFF04FFFFFFFF0CFFFFFFFF130000000000000000000000000000000000000000000000001400000000000000000000000000000000000000000000F03F1471C7BC0A000004400000000000000000000000000000008006000000000000F03F0B0B110D046564
310
67650CFFFFFFFF04FFFFFFFF0CFFFFFFFF0C020000000600000000000000000C0200000006182D4454FB2119400C050000000C030000000B0707756E6B6E6F776E110D06636F656467650CFFFFFFFF04FFFFFFFF0CFFFFFFFF0C050000000C050000000CFFFFFFFF0C040000000B0C0600000004000000000CFFFFFFFF110D
310
046C6F6F700CFFFFFFFF04FFFFFFFF0CFFFFFFFF0CFFFFFFFF0C050000000C08000000110E05706C616E650D07737572666163650CFFFFFFFF04FFFFFFFF0CFFFFFFFF1372C7BC0A0000F4BF000000000000C03C00000000000000001400000000000000800000000000000000000000000000F03F14000000000000F03F00
310
0000000000000000000000000000000B0B0B0B0B110D04666163650CFFFFFFFF04FFFFFFFF0CFFFFFFFF0CFFFFFFFF0C060000000C090000000CFFFFFFFF0C070000000B0A0B110D057368656C6C0CFFFFFFFF04FFFFFFFF0CFFFFFFFF0CFFFFFFFF0CFFFFFFFF0C080000000CFFFFFFFF0C0A000000110D046C756D700CFF
310
FFFFFF04FFFFFFFF0CFFFFFFFF0CFFFFFFFF0C090000000C00000000110E03456E640E026F660E0341534D0D0464617461
  0
ACDSRECORD
 90
        1
  2
AcDbDs::ID
280
    10
320
229
  2
ASM_Data
280
    15
 94
      811
310
414349532042696E61727946696C652855000000000000010000000C00000007214F70656E2044657369676E20416C6C69616E63652041434953204275696C646572070E41434953203231382E3030204E540718467269204175672030322030333A31313A3430203230323406000000000000F03F0648AFBC9AF2D77A3E06
310
BBBDD7D9DF7CDB3D0D04626F64790CFFFFFFFF04FFFFFFFF0CFFFFFFFF0C0A0000000CFFFFFFFF0CFFFFFFFF110D05706F696E740CFFFFFFFF04FFFFFFFF0CFFFFFFFF13664D4DFEFEFFFB3F00000000000000000000000000000000110D067665727465780CFFFFFFFF04FFFFFFFF0CFFFFFFFF0C0400000004020000000C
310
01000000110E07656C6C697073650D0563757276650CFFFFFFFF04FFFFFFFF0CFFFFFFFF130000000000000000000000000000000000000000000000001400000000000000000000000000000000000000000000F03F14664D4DFEFEFFFB3F0000000000000000000000000000008006000000000000F03F0B0B110D046564
310
67650CFFFFFFFF04FFFFFFFF0CFFFFFFFF0C020000000600000000000000000C0200000006182D4454FB2119400C050000000C030000000B0707756E6B6E6F776E110D06636F656467650CFFFFFFFF04FFFFFFFF0CFFFFFFFF0C050000000C050000000CFFFFFFFF0C040000000B0C0600000004000000000CFFFFFFFF110D
310
046C6F6F700CFFFFFFFF04FFFFFFFF0CFFFFFFFF0CFFFFFFFF0C050000000C08000000110E05706C616E650D07737572666163650CFFFFFFFF04FFFFFFFF0CFFFFFFFF13684D4DFEFEFFEBBF000000000000B03C00000000000000001400000000000000800000000000000000000000000000F03F14000000000000F03F00
310
0000000000000000000000000000000B0B0B0B0B110D04666163650CFFFFFFFF04FFFFFFFF0CFFFFFFFF0CFFFFFFFF0C060000000C090000000CFFFFFFFF0C070000000B0A0B110D057368656C6C0CFFFFFFFF04FFFFFFFF0CFFFFFFFF0CFFFFFFFF0CFFFFFFFF0C080000000CFFFFFFFF0C0A000000110D046C756D700CFF
310
FFFFFF04FFFFFFFF0CFFFFFFFF0CFFFFFFFF0C090000000C00000000110E03456E640E026F660E0341534D0D0464617461
  0
ACDSRECORD
 90
        1
  2
AcDbDs::ID
280
    10
320
230
  2
ASM_Data
280
    15
 94
      811
310
414349532042696E61727946696C652855000000000000010000000C00000007214F70656E2044657369676E20416C6C69616E63652041434953204275696C646572070E41434953203231382E3030204E540718467269204175672030322030333A31313A3430203230323406000000000000F03F0648AFBC9AF2D77A3E06
310
BBBDD7D9DF7CDB3D0D04626F64790CFFFFFFFF04FFFFFFFF0CFFFFFFFF0C0A0000000CFFFFFFFF0CFFFFFFFF110D05706F696E740CFFFFFFFF04FFFFFFFF0CFFFFFFFF133F53AF5B04560340A938064B12D7C3BF0000000000000000110D067665727465780CFFFFFFFF04FFFFFFFF0CFFFFFFFF0C0400000004020000000C
310
01000000110E07656C6C697073650D0563757276650CFFFFFFFF04FFFFFFFF0CFFFFFFFF133B86AEE1753FB5BFA938064B12D7C3BF00000000000000001400000000000000000000000000000000000000000000F03F1471C7BC0A000004400000000000000000000000000000008006000000000000F03F0B0B110D046564
310
67650CFFFFFFFF04FFFFFFFF0CFFFFFFFF0C020000000600000000000000000C0200000006182D4454FB2119400C050000000C030000000B0707756E6B6E6F776E110D06636F656467650CFFFFFFFF04FFFFFFFF0CFFFFFFFF0C050000000C050000000CFFFFFFFF0C040000000B0C0600000004000000000CFFFFFFFF110D
310
046C6F6F700CFFFFFFFF04FFFFFFFF0CFFFFFFFF0CFFFFFFFF0C050000000C08000000110E05706C616E650D07737572666163650CFFFFFFFF04FFFFFFFF0CFFFFFFFF13D6AFD768F753F5BFA038064B12D7C3BF00000000000000001400000000000000800000000000000000000000000000F03F14000000000000F03F00
310
0000000000000000000000000000000B0B0B0B0B110D04666163650CFFFFFFFF04FFFFFFFF0CFFFFFFFF0CFFFFFFFF0C060000000C090000000CFFFFFFFF0C070000000B0A0B110D057368656C6C0CFFFFFFFF04FFFFFFFF0CFFFFFFFF0CFFFFFFFF0CFFFFFFFF0C080000000CFFFFFFFF0C0A000000110D046C756D700CFF
310
FFFFFF04FFFFFFFF0CFFFFFFFF0CFFFFFFFF0C090000000C00000000110E03456E640E026F660E0341534D0D0464617461
  0
ACDSRECORD
 90
        1
  2
AcDbDs::ID
280
    10
320
233
  2
ASM_Data
280
    15
 94
      811
310
414349532042696E61727946696C652855000000000000010000000C00000007214F70656E2044657369676E20416C6C69616E63652041434953204275696C646572070E41434953203231382E3030204E540718467269204175672030322030333A31313A3430203230323406000000000000F03F0648AFBC9AF2D77A3E06
310
BBBDD7D9DF7CDB3D0D04626F64790CFFFFFFFF04FFFFFFFF0CFFFFFFFF0C0A0000000CFFFFFFFF0CFFFFFFFF110D05706F696E740CFFFFFFFF04FFFFFFFF0CFFFFFFFF13026532A007ACFA3FA938064B12D7C3BF0000000000000000110D067665727465780CFFFFFFFF04FFFFFFFF0CFFFFFFFF0C0400000004020000000C
310
01000000110E07656C6C697073650D0563757276650CFFFFFFFF04FFFFFFFF0CFFFFFFFF133B86AEE1753FB5BFA938064B12D7C3BF00000000000000001400000000000000000000000000000000000000000000F03F14664D4DFEFEFFFB3F0000000000000000000000000000008006000000000000F03F0B0B110D046564
310
67650CFFFFFFFF04FFFFFFFF0CFFFFFFFF0C020000000600000000000000000C0200000006182D4454FB2119400C050000000C030000000B0707756E6B6E6F776E110D06636F656467650CFFFFFFFF04FFFFFFFF0CFFFFFFFF0C050000000C050000000CFFFFFFFF0C040000000B0C0600000004000000000CFFFFFFFF110D
310
046C6F6F700CFFFFFFFF04FFFFFFFF0CFFFFFFFF0CFFFFFFFF0C050000000C08000000110E05706C616E650D07737572666163650CFFFFFFFF04FFFFFFFF0CFFFFFFFF132F1E83BAEDA7EEBFA038064B12D7C3BF00000000000000001400000000000000800000000000000000000000000000F03F14000000000000F03F00
310
0000000000000000000000000000000B0B0B0B0B110D04666163650CFFFFFFFF04FFFFFFFF0CFFFFFFFF0CFFFFFFFF0C060000000C090000000CFFFFFFFF0C070000000B0A0B110D057368656C6C0CFFFFFFFF04FFFFFFFF0CFFFFFFFF0CFFFFFFFF0CFFFFFFFF0C080000000CFFFFFFFF0C0A000000110D046C756D700CFF
310
FFFFFF04FFFFFFFF0CFFFFFFFF0CFFFFFFFF0C090000000C00000000110E03456E640E026F660E0341534D0D0464617461
  0
ACDSRECORD
 90
        1
  2
AcDbDs::ID
280
    10
320
23A
  2
ASM_Data
280
    15
 94
      811
310
414349532042696E61727946696C652855000000000000010000000C00000007214F70656E2044657369676E20416C6C69616E63652041434953204275696C646572070E41434953203231382E3030204E540718467269204175672030322030333A31313A3430203230323406000000000000F03F0648AFBC9AF2D77A3E06
310
BBBDD7D9DF7CDB3D0D04626F64790CFFFFFFFF04FFFFFFFF0CFFFFFFFF0C0A0000000CFFFFFFFF0CFFFFFFFF110D05706F696E740CFFFFFFFF04FFFFFFFF0CFFFFFFFF139CE8EBE0FDD40140ABAFAE0AD46270BF0000000000000000110D067665727465780CFFFFFFFF04FFFFFFFF0CFFFFFFFF0C0400000004020000000C
310
01000000110E07656C6C697073650D0563757276650CFFFFFFFF04FFFFFFFF0CFFFFFFFF13A9F6864E1158D1BFABAFAE0AD46270BF00000000000000001400000000000000000000000000000000000000000000F03F1471C7BC0A000004400000000000000000000000000000008006000000000000F03F0B0B110D046564
310
67650CFFFFFFFF04FFFFFFFF0CFFFFFFFF0C020000000600000000000000000C0200000006182D4454FB2119400C050000000C030000000B0707756E6B6E6F776E110D06636F656467650CFFFFFFFF04FFFFFFFF0CFFFFFFFF0C050000000C050000000CFFFFFFFF0C040000000B0C0600000004000000000CFFFFFFFF110D
310
046C6F6F700CFFFFFFFF04FFFFFFFF0CFFFFFFFF0CFFFFFFFF0C050000000C08000000110E05706C616E650D07737572666163650CFFFFFFFF04FFFFFFFF0CFFFFFFFF131C855E5E0456F8BF00AEAE0AD46270BF00000000000000001400000000000000800000000000000000000000000000F03F14000000000000F03F00
310
0000000000000000000000000000000B0B0B0B0B110D04666163650CFFFFFFFF04FFFFFFFF0CFFFFFFFF0CFFFFFFFF0C060000000C090000000CFFFFFFFF0C070000000B0A0B110D057368656C6C0CFFFFFFFF04FFFFFFFF0CFFFFFFFF0CFFFFFFFF0CFFFFFFFF0C080000000CFFFFFFFF0C0A000000110D046C756D700CFF
310
FFFFFF04FFFFFFFF0CFFFFFFFF0CFFFFFFFF0C090000000C00000000110E03456E640E026F660E0341534D0D0464617461
  0
ACDSRECORD
 90
        1
  2
AcDbDs::ID
280
    10
320
23D
  2
ASM_Data
280
    15
 94
      811
310
414349532042696E61727946696C652855000000000000010000000C00000007214F70656E2044657369676E20416C6C69616E63652041434953204275696C646572070E41434953203231382E3030204E540718467269204175672030322030333A31313A3430203230323406000000000000F03F0648AFBC9AF2D77A3E06
310
BBBDD7D9DF7CDB3D0D04626F64790CFFFFFFFF04FFFFFFFF0CFFFFFFFF0C0A0000000CFFFFFFFF0CFFFFFFFF110D05706F696E740CFFFFFFFF04FFFFFFFF0CFFFFFFFF13BC8FABAAFAA9F73FABAFAE0AD46270BF0000000000000000110D067665727465780CFFFFFFFF04FFFFFFFF0CFFFFFFFF0C0400000004020000000C
310
01000000110E07656C6C697073650D0563757276650CFFFFFFFF04FFFFFFFF0CFFFFFFFF13A9F6864E1158D1BFABAFAE0AD46270BF00000000000000001400000000000000000000000000000000000000000000F03F14664D4DFEFEFFFB3F0000000000000000000000000000008006000000000000F03F0B0B110D046564
310
67650CFFFFFFFF04FFFFFFFF0CFFFFFFFF0C020000000600000000000000000C0200000006182D4454FB2119400C050000000C030000000B0707756E6B6E6F776E110D06636F656467650CFFFFFFFF04FFFFFFFF0CFFFFFFFF0C050000000C050000000CFFFFFFFF0C040000000B0C0600000004000000000CFFFFFFFF110D
310
046C6F6F700CFFFFFFFF04FFFFFFFF0CFFFFFFFF0CFFFFFFFF0C050000000C08000000110E05706C616E650D07737572666163650CFFFFFFFF04FFFFFFFF0CFFFFFFFF135E64C8D20356F2BF00AFAE0AD46270BF00000000000000001400000000000000800000000000000000000000000000F03F14000000000000F03F00
310
0000000000000000000000000000000B0B0B0B0B110D04666163650CFFFFFFFF04FFFFFFFF0CFFFFFFFF0CFFFFFFFF0C060000000C090000000CFFFFFFFF0C070000000B0A0B110D057368656C6C0CFFFFFFFF04FFFFFFFF0CFFFFFFFF0CFFFFFFFF0CFFFFFFFF0C080000000CFFFFFFFF0C0A000000110D046C756D700CFF
310
FFFFFF04FFFFFFFF0CFFFFFFFF0CFFFFFFFF0C090000000C00000000110E03456E640E026F660E0341534D0D0464617461
  0
ACDSRECORD
 90
        1
  2
AcDbDs::ID
280
    10
320
2AC
  2
ASM_Data
280
    15
 94
      811
310
414349532042696E61727946696C652855000000000000010000000C00000007214F70656E2044657369676E20416C6C69616E63652041434953204275696C646572070E41434953203231382E3030204E540718467269204175672030322030333A31313A3430203230323406000000000000F03F0648AFBC9AF2D77A3E06
310
BBBDD7D9DF7CDB3D0D04626F64790CFFFFFFFF04FFFFFFFF0CFFFFFFFF0C0A0000000CFFFFFFFF0CFFFFFFFF110D05706F696E740CFFFFFFFF04FFFFFFFF0CFFFFFFFF13B0AFD06284EB0940E2BD72D60AD704400000000000000000110D067665727465780CFFFFFFFF04FFFFFFFF0CFFFFFFFF0C0400000004020000000C
310
01000000110E07656C6C697073650D0563757276650CFFFFFFFF04FFFFFFFF0CFFFFFFFF1301B4F7F3B71E0740E2BD72D60AD7044000000000000000001400000000000000000000000000000000000000000000F03F1479DDC7766366D63F0000000000000000000000000000008006000000000000F03F0B0B110D046564
310
67650CFFFFFFFF04FFFFFFFF0CFFFFFFFF0C020000000600000000000000000C0200000006182D4454FB2119400C050000000C030000000B0707756E6B6E6F776E110D06636F656467650CFFFFFFFF04FFFFFFFF0CFFFFFFFF0C050000000C050000000CFFFFFFFF0C040000000B0C0600000004000000000CFFFFFFFF110D
310
046C6F6F700CFFFFFFFF04FFFFFFFF0CFFFFFFFF0CFFFFFFFF0C050000000C08000000110E05706C616E650D07737572666163650CFFFFFFFF04FFFFFFFF0CFFFFFFFF132A368BBC51B80540E2BD72D60AD7044000000000000000001400000000000000800000000000000000000000000000F03F14000000000000F03F00
310
0000000000000000000000000000000B0B0B0B0B110D04666163650CFFFFFFFF04FFFFFFFF0CFFFFFFFF0CFFFFFFFF0C060000000C090000000CFFFFFFFF0C070000000B0A0B110D057368656C6C0CFFFFFFFF04FFFFFFFF0CFFFFFFFF0CFFFFFFFF0CFFFFFFFF0C080000000CFFFFFFFF0C0A000000110D046C756D700CFF
310
FFFFFF04FFFFFFFF0CFFFFFFFF0CFFFFFFFF0C090000000C00000000110E03456E640E026F660E0341534D0D0464617461
  0
ACDSRECORD
 90
        1
  2
AcDbDs::ID
280
    10
320
2AF
  2
ASM_Data
280
    15
 94
      811
310
414349532042696E61727946696C652855000000000000010000000C00000007214F70656E2044657369676E20416C6C69616E63652041434953204275696C646572070E41434953203231382E3030204E540718467269204175672030322030333A31313A3430203230323406000000000000F03F0648AFBC9AF2D77A3E06
310
BBBDD7D9DF7CDB3D0D04626F64790CFFFFFFFF04FFFFFFFF0CFFFFFFFF0C0A0000000CFFFFFFFF0CFFFFFFFF110D05706F696E740CFFFFFFFF04FFFFFFFF0CFFFFFFFF13B0AFD06284EB0940E2BD72D60AD704400000000000000000110D067665727465780CFFFFFFFF04FFFFFFFF0CFFFFFFFF0C0400000004020000000C
310
01000000110E07656C6C697073650D0563757276650CFFFFFFFF04FFFFFFFF0CFFFFFFFF1301B4F7F3B71E0740E2BD72D60AD7044000000000000000001400000000000000000000000000000000000000000000F03F1479DDC7766366D63F0000000000000000000000000000008006000000000000F03F0B0B110D046564
310
67650CFFFFFFFF04FFFFFFFF0CFFFFFFFF0C020000000600000000000000000C0200000006182D4454FB2119400C050000000C030000000B0707756E6B6E6F776E110D06636F656467650CFFFFFFFF04FFFFFFFF0CFFFFFFFF0C050000000C050000000CFFFFFFFF0C040000000B0C0600000004000000000CFFFFFFFF110D
310
046C6F6F700CFFFFFFFF04FFFFFFFF0CFFFFFFFF0CFFFFFFFF0C050000000C08000000110E05706C616E650D07737572666163650CFFFFFFFF04FFFFFFFF0CFFFFFFFF132A368BBC51B80540E2BD72D60AD7044000000000000000001400000000000000800000000000000000000000000000F03F14000000000000F03F00
310
0000000000000000000000000000000B0B0B0B0B110D04666163650CFFFFFFFF04FFFFFFFF0CFFFFFFFF0CFFFFFFFF0C060000000C090000000CFFFFFFFF0C070000000B0A0B110D057368656C6C0CFFFFFFFF04FFFFFFFF0CFFFFFFFF0CFFFFFFFF0CFFFFFFFF0C080000000CFFFFFFFF0C0A000000110D046C756D700CFF
310
FFFFFF04FFFFFFFF0CFFFFFFFF0CFFFFFFFF0C090000000C00000000110E03456E640E026F660E0341534D0D0464617461
  0
ACDSRECORD
 90
        1
  2
AcDbDs::ID
280
    10
320
2B2
  2
ASM_Data
280
    15
 94
      811
310
414349532042696E61727946696C652855000000000000010000000C00000007214F70656E2044657369676E20416C6C69616E63652041434953204275696C646572070E41434953203231382E3030204E540718467269204175672030322030333A31313A3430203230323406000000000000F03F0648AFBC9AF2D77A3E06
310
BBBDD7D9DF7CDB3D0D04626F64790CFFFFFFFF04FFFFFFFF0CFFFFFFFF0C0A0000000CFFFFFFFF0CFFFFFFFF110D05706F696E740CFFFFFFFF04FFFFFFFF0CFFFFFFFF1352B81E85EB5104C0E2BD72D60AD704400000000000000000110D067665727465780CFFFFFFFF04FFFFFFFF0CFFFFFFFF0C0400000004020000000C
310
01000000110E07656C6C697073650D0563757276650CFFFFFFFF04FFFFFFFF0CFFFFFFFF1301B4F7F3B71E07C0E2BD72D60AD7044000000000000000001400000000000000000000000000000000000000000000F03F1479DDC7766366D63F0000000000000000000000000000008006000000000000F03F0B0B110D046564
310
67650CFFFFFFFF04FFFFFFFF0CFFFFFFFF0C020000000600000000000000000C0200000006182D4454FB2119400C050000000C030000000B0707756E6B6E6F776E110D06636F656467650CFFFFFFFF04FFFFFFFF0CFFFFFFFF0C050000000C050000000CFFFFFFFF0C040000000B0C0600000004000000000CFFFFFFFF110D
310
046C6F6F700CFFFFFFFF04FFFFFFFF0CFFFFFFFF0CFFFFFFFF0C050000000C08000000110E05706C616E650D07737572666163650CFFFFFFFF04FFFFFFFF0CFFFFFFFF13D831642B1E8508C0E2BD72D60AD7044000000000000000001400000000000000800000000000000000000000000000F03F14000000000000F03F00
310
0000000000000000000000000000000B0B0B0B0B110D04666163650CFFFFFFFF04FFFFFFFF0CFFFFFFFF0CFFFFFFFF0C060000000C090000000CFFFFFFFF0C070000000B0A0B110D057368656C6C0CFFFFFFFF04FFFFFFFF0CFFFFFFFF0CFFFFFFFF0CFFFFFFFF0C080000000CFFFFFFFF0C0A000000110D046C756D700CFF
310
FFFFFF04FFFFFFFF0CFFFFFFFF0CFFFFFFFF0C090000000C00000000110E03456E640E026F660E0341534D0D0464617461
  0
ACDSRECORD
 90
        1
  2
AcDbDs::ID
280
    10
320
2B5
  2
ASM_Data
280
    15
 94
      811
310
414349532042696E61727946696C652855000000000000010000000C00000007214F70656E2044657369676E20416C6C69616E63652041434953204275696C646572070E41434953203231382E3030204E540718467269204175672030322030333A31313A3430203230323406000000000000F03F0648AFBC9AF2D77A3E06
310
BBBDD7D9DF7CDB3D0D04626F64790CFFFFFFFF04FFFFFFFF0CFFFFFFFF0C0A0000000CFFFFFFFF0CFFFFFFFF110D05706F696E740CFFFFFFFF04FFFFFFFF0CFFFFFFFF1352B81E85EB5104C0E2BD72D60AD704400000000000000000110D067665727465780CFFFFFFFF04FFFFFFFF0CFFFFFFFF0C0400000004020000000C
310
01000000110E07656C6C697073650D0563757276650CFFFFFFFF04FFFFFFFF0CFFFFFFFF1301B4F7F3B71E07C0E2BD72D60AD7044000000000000000001400000000000000000000000000000000000000000000F03F1479DDC7766366D63F0000000000000000000000000000008006000000000000F03F0B0B110D046564
310
67650CFFFFFFFF04FFFFFFFF0CFFFFFFFF0C020000000600000000000000000C0200000006182D4454FB2119400C050000000C030000000B0707756E6B6E6F776E110D06636F656467650CFFFFFFFF04FFFFFFFF0CFFFFFFFF0C050000000C050000000CFFFFFFFF0C040000000B0C0600000004000000000CFFFFFFFF110D
310
046C6F6F700CFFFFFFFF04FFFFFFFF0CFFFFFFFF0CFFFFFFFF0C050000000C08000000110E05706C616E650D07737572666163650CFFFFFFFF04FFFFFFFF0CFFFFFFFF13D831642B1E8508C0E2BD72D60AD7044000000000000000001400000000000000800000000000000000000000000000F03F14000000000000F03F00
310
0000000000000000000000000000000B0B0B0B0B110D04666163650CFFFFFFFF04FFFFFFFF0CFFFFFFFF0CFFFFFFFF0C060000000C090000000CFFFFFFFF0C070000000B0A0B110D057368656C6C0CFFFFFFFF04FFFFFFFF0CFFFFFFFF0CFFFFFFFF0CFFFFFFFF0C080000000CFFFFFFFF0C0A000000110D046C756D700CFF
310
FFFFFF04FFFFFFFF0CFFFFFFFF0CFFFFFFFF0C090000000C00000000110E03456E640E026F660E0341534D0D0464617461
  0
ACDSRECORD
 90
        1
  2
AcDbDs::ID
280
    10
320
2BC
  2
ASM_Data
280
    15
 94
      811
310
414349532042696E61727946696C652855000000000000010000000C00000007214F70656E2044657369676E20416C6C69616E63652041434953204275696C646572070E41434953203231382E3030204E540718467269204175672030322030333A31313A3430203230323406000000000000F03F0648AFBC9AF2D77A3E06
310
BBBDD7D9DF7CDB3D0D04626F64790CFFFFFFFF04FFFFFFFF0CFFFFFFFF0C0A0000000CFFFFFFFF0CFFFFFFFF110D05706F696E740CFFFFFFFF04FFFFFFFF0CFFFFFFFF13FBA9F1D24D62E83F00000000000000000000000000000000110D067665727465780CFFFFFFFF04FFFFFFFF0CFFFFFFFF0C0400000004020000000C
310
01000000110E07656C6C697073650D0563757276650CFFFFFFFF04FFFFFFFF0CFFFFFFFF130000000000000000000000000000000000000000000000001400000000000000000000000000000000000000000000F03F14FBA9F1D24D62E83F0000000000000000000000000000008006000000000000F03F0B0B110D046564
310
67650CFFFFFFFF04FFFFFFFF0CFFFFFFFF0C020000000600000000000000000C0200000006182D4454FB2119400C050000000C030000000B0707756E6B6E6F776E110D06636F656467650CFFFFFFFF04FFFFFFFF0CFFFFFFFF0C050000000C050000000CFFFFFFFF0C040000000B0C0600000004000000000CFFFFFFFF110D
310
046C6F6F700CFFFFFFFF04FFFFFFFF0CFFFFFFFF0CFFFFFFFF0C050000000C08000000110E05706C616E650D07737572666163650CFFFFFFFF04FFFFFFFF0CFFFFFFFF13FCA9F1D24D62D8BF000000000000A03C00000000000000001400000000000000800000000000000000000000000000F03F14000000000000F03F00
310
0000000000000000000000000000000B0B0B0B0B110D04666163650CFFFFFFFF04FFFFFFFF0CFFFFFFFF0CFFFFFFFF0C060000000C090000000CFFFFFFFF0C070000000B0A0B110D057368656C6C0CFFFFFFFF04FFFFFFFF0CFFFFFFFF0CFFFFFFFF0CFFFFFFFF0C080000000CFFFFFFFF0C0A000000110D046C756D700CFF
310
FFFFFF04FFFFFFFF0CFFFFFFFF0CFFFFFFFF0C090000000C00000000110E03456E640E026F660E0341534D0D0464617461
  0
ACDSRECORD
 90
        1
  2
AcDbDs::ID
280
    10
320
2C2
  2
ASM_Data
280
    15
 94
     1684
310
414349532042696E61727946696C652855000000000000010000000C00000007214F70656E2044657369676E20416C6C69616E63652041434953204275696C646572070E41434953203231382E3030204E540718467269204175672030322030333A31313A3430203230323406000000000000F03F0648AFBC9AF2D77A3E06
310
BBBDD7D9DF7CDB3D0D04626F64790CFFFFFFFF04FFFFFFFF0CFFFFFFFF0C190000000CFFFFFFFF0CFFFFFFFF110D05706F696E740CFFFFFFFF04FFFFFFFF0CFFFFFFFF133EEDC758333313C0B05CA946333311400000000000000000110D067665727465780CFFFFFFFF04FFFFFFFF0CFFFFFFFF0C1300000004020000000C
310
01000000110D05706F696E740CFFFFFFFF04FFFFFFFF0CFFFFFFFF133EEDC75833331340B05CA946333311400000000000000000110D067665727465780CFFFFFFFF04FFFFFFFF0CFFFFFFFF0C0D00000004020000000C03000000110D05706F696E740CFFFFFFFF04FFFFFFFF0CFFFFFFFF133EEDC75833331340B05CA946
310
333311C00000000000000000110D067665727465780CFFFFFFFF04FFFFFFFF0CFFFFFFFF0C1000000004020000000C05000000110D05706F696E740CFFFFFFFF04FFFFFFFF0CFFFFFFFF133EEDC758333313C0B05CA946333311C00000000000000000110D067665727465780CFFFFFFFF04FFFFFFFF0CFFFFFFFF0C130000
310
0004020000000C07000000110E0873747261696768740D0563757276650CFFFFFFFF04FFFFFFFF0CFFFFFFFF133EEDC758333313C0B05CA94633331140000000000000000014000000000000F03F000000000000000000000000000000000B0B110D04656467650CFFFFFFFF04FFFFFFFF0CFFFFFFFF0C0200000006000000
310
00000000000C04000000063EEDC758333323400C0B0000000C090000000B0707756E6B6E6F776E110D06636F656467650CFFFFFFFF04FFFFFFFF0CFFFFFFFF0C0E0000000C140000000CFFFFFFFF0C0A0000000B0C1500000004000000000CFFFFFFFF110E0873747261696768740D0563757276650CFFFFFFFF04FFFFFFFF
310
0CFFFFFFFF133EEDC75833331340B05CA946333311400000000000000000140000000000000000000000000000F0BF00000000000000000B0B110D04656467650CFFFFFFFF04FFFFFFFF0CFFFFFFFF0C040000000600000000000000000C0600000006B05CA946333321400C0E0000000C0C0000000B0707756E6B6E6F776E
310
110D06636F656467650CFFFFFFFF04FFFFFFFF0CFFFFFFFF0C110000000C0B0000000CFFFFFFFF0C0D0000000B0C1500000004000000000CFFFFFFFF110E0873747261696768740D0563757276650CFFFFFFFF04FFFFFFFF0CFFFFFFFF133EEDC75833331340B05CA946333311C0000000000000000014000000000000F0BF
310
000000000000000000000000000000000B0B110D04656467650CFFFFFFFF04FFFFFFFF0CFFFFFFFF0C060000000600000000000000000C08000000063EEDC758333323400C110000000C0F0000000B0707756E6B6E6F776E110D06636F656467650CFFFFFFFF04FFFFFFFF0CFFFFFFFF0C140000000C0E0000000CFFFFFFFF
310
0C100000000B0C1500000004000000000CFFFFFFFF110E0873747261696768740D0563757276650CFFFFFFFF04FFFFFFFF0CFFFFFFFF133EEDC758333313C0B05CA946333311C00000000000000000140000000000000000000000000000F03F00000000000000000B0B110D04656467650CFFFFFFFF04FFFFFFFF0CFFFFFF
310
FF0C080000000600000000000000000C0200000006B05CA946333321400C140000000C120000000B0707756E6B6E6F776E110D06636F656467650CFFFFFFFF04FFFFFFFF0CFFFFFFFF0C0B0000000C110000000CFFFFFFFF0C130000000B0C1500000004000000000CFFFFFFFF110D046C6F6F700CFFFFFFFF04FFFFFFFF0C
310
FFFFFFFF0CFFFFFFFF0C0B0000000C17000000110E05706C616E650D07737572666163650CFFFFFFFF04FFFFFFFF0CFFFFFFFF130000000000000000B05CA9463333114000000000000000001400000000000000000000000000000000000000000000F0BF14000000000000F0BF000000000000000000000000000000800B
310
0B0B0B0B110D04666163650CFFFFFFFF04FFFFFFFF0CFFFFFFFF0CFFFFFFFF0C150000000C180000000CFFFFFFFF0C160000000B0A0B110D057368656C6C0CFFFFFFFF04FFFFFFFF0CFFFFFFFF0CFFFFFFFF0CFFFFFFFF0C170000000CFFFFFFFF0C19000000110D046C756D700CFFFFFFFF04FFFFFFFF0CFFFFFFFF0CFFFF
310
FFFF0C180000000C00000000110E03456E640E026F660E0341534D0D0464617461
  0
ACDSRECORD
 90
        1
  2
AcDbDs::ID
280
    10
320
2C5
  2
ASM_Data
280
    15
 94
      811
310
414349532042696E61727946696C652855000000000000010000000C00000007214F70656E2044657369676E20416C6C69616E63652041434953204275696C646572070E41434953203231382E3030204E540718467269204175672030322030333A31313A3430203230323406000000000000F03F0648AFBC9AF2D77A3E06
310
BBBDD7D9DF7CDB3D0D04626F64790CFFFFFFFF04FFFFFFFF0CFFFFFFFF0C0A0000000CFFFFFFFF0CFFFFFFFF110D05706F696E740CFFFFFFFF04FFFFFFFF0CFFFFFFFF137C0D7F5547E101C030EF509820B018400000000000000000110D067665727465780CFFFFFFFF04FFFFFFFF0CFFFFFFFF0C0400000004020000000C
310
01000000110E07656C6C697073650D0563757276650CFFFFFFFF04FFFFFFFF0CFFFFFFFF13FB773BCADAF907C030EF509820B0184000000000000000001400000000000000000000000000000000000000000000F03F14FBA9F1D24D62E83F0000000000000000000000000000008006000000000000F03F0B0B110D046564
310
67650CFFFFFFFF04FFFFFFFF0CFFFFFFFF0C020000000600000000000000000C0200000006182D4454FB2119400C050000000C030000000B0707756E6B6E6F776E110D06636F656467650CFFFFFFFF04FFFFFFFF0CFFFFFFFF0C050000000C050000000CFFFFFFFF0C040000000B0C0600000004000000000CFFFFFFFF110D
310
046C6F6F700CFFFFFFFF04FFFFFFFF0CFFFFFFFF0CFFFFFFFF0C050000000C08000000110E05706C616E650D07737572666163650CFFFFFFFF04FFFFFFFF0CFFFFFFFF133AAD998424060BC030EF509820B0184000000000000000001400000000000000800000000000000000000000000000F03F14000000000000F03F00
310
0000000000000000000000000000000B0B0B0B0B110D04666163650CFFFFFFFF04FFFFFFFF0CFFFFFFFF0CFFFFFFFF0C060000000C090000000CFFFFFFFF0C070000000B0A0B110D057368656C6C0CFFFFFFFF04FFFFFFFF0CFFFFFFFF0CFFFFFFFF0CFFFFFFFF0C080000000CFFFFFFFF0C0A000000110D046C756D700CFF
310
FFFFFF04FFFFFFFF0CFFFFFFFF0CFFFFFFFF0C090000000C00000000110E03456E640E026F660E0341534D0D0464617461
  0
ACDSRECORD
 90
        1
  2
AcDbDs::ID
280
    10
320
2C8
  2
ASM_Data
280
    15
 94
      811
310
414349532042696E61727946696C652855000000000000010000000C00000007214F70656E2044657369676E20416C6C69616E63652041434953204275696C646572070E41434953203231382E3030204E540718467269204175672030322030333A31313A3430203230323406000000000000F03F0648AFBC9AF2D77A3E06
310
BBBDD7D9DF7CDB3D0D04626F64790CFFFFFFFF04FFFFFFFF0CFFFFFFFF0C0A0000000CFFFFFFFF0CFFFFFFFF110D05706F696E740CFFFFFFFF04FFFFFFFF0CFFFFFFFF13330F6802A8C604C030EF509820B018400000000000000000110D067665727465780CFFFFFFFF04FFFFFFFF0CFFFFFFFF0C0400000004020000000C
310
01000000110E07656C6C697073650D0563757276650CFFFFFFFF04FFFFFFFF0CFFFFFFFF13FB773BCADAF907C030EF509820B0184000000000000000001400000000000000000000000000000000000000000000F03F1442469B3E9699D93F0000000000000000000000000000008006000000000000F03F0B0B110D046564
310
67650CFFFFFFFF04FFFFFFFF0CFFFFFFFF0C020000000600000000000000000C0200000006182D4454FB2119400C050000000C030000000B0707756E6B6E6F776E110D06636F656467650CFFFFFFFF04FFFFFFFF0CFFFFFFFF0C050000000C050000000CFFFFFFFF0C040000000B0C0600000004000000000CFFFFFFFF110D
310
046C6F6F700CFFFFFFFF04FFFFFFFF0CFFFFFFFF0CFFFFFFFF0C050000000C08000000110E05706C616E650D07737572666163650CFFFFFFFF04FFFFFFFF0CFFFFFFFF13602C252E749309C030EF509820B0184000000000000000001400000000000000800000000000000000000000000000F03F14000000000000F03F00
310
0000000000000000000000000000000B0B0B0B0B110D04666163650CFFFFFFFF04FFFFFFFF0CFFFFFFFF0CFFFFFFFF0C060000000C090000000CFFFFFFFF0C070000000B0A0B110D057368656C6C0CFFFFFFFF04FFFFFFFF0CFFFFFFFF0CFFFFFFFF0CFFFFFFFF0C080000000CFFFFFFFF0C0A000000110D046C756D700CFF
310
FFFFFF04FFFFFFFF0CFFFFFFFF0CFFFFFFFF0C090000000C00000000110E03456E640E026F660E0341534D0D0464617461
  0
ACDSRECORD
 90
        1
  2
AcDbDs::ID
280
    10
320
2CB
  2
ASM_Data
280
    15
 94
      811
310
414349532042696E61727946696C652855000000000000010000000C00000007214F70656E2044657369676E20416C6C69616E63652041434953204275696C646572070E41434953203231382E3030204E540718467269204175672030322030333A31313A3430203230323406000000000000F03F0648AFBC9AF2D77A3E06
310
BBBDD7D9DF7CDB3D0D04626F64790CFFFFFFFF04FFFFFFFF0CFFFFFFFF0C0A0000000CFFFFFFFF0CFFFFFFFF110D05706F696E740CFFFFFFFF04FFFFFFFF0CFFFFFFFF13C85444978114CEBF30EF509820B018400000000000000000110D067665727465780CFFFFFFFF04FFFFFFFF0CFFFFFFFF0C0400000004020000000C
310
01000000110E07656C6C697073650D0563757276650CFFFFFFFF04FFFFFFFF0CFFFFFFFF132DBFC2386EE7EFBF30EF509820B0184000000000000000001400000000000000000000000000000000000000000000F03F14FBA9F1D24D62E83F0000000000000000000000000000008006000000000000F03F0B0B110D046564
310
67650CFFFFFFFF04FFFFFFFF0CFFFFFFFF0C020000000600000000000000000C0200000006182D4454FB2119400C050000000C030000000B0707756E6B6E6F776E110D06636F656467650CFFFFFFFF04FFFFFFFF0CFFFFFFFF0C050000000C050000000CFFFFFFFF0C040000000B0C0600000004000000000CFFFFFFFF110D
310
046C6F6F700CFFFFFFFF04FFFFFFFF0CFFFFFFFF0CFFFFFFFF0C050000000C08000000110E05706C616E650D07737572666163650CFFFFFFFF04FFFFFFFF0CFFFFFFFF1316CA1D914A0CF6BF30EF509820B0184000000000000000001400000000000000800000000000000000000000000000F03F14000000000000F03F00
310
0000000000000000000000000000000B0B0B0B0B110D04666163650CFFFFFFFF04FFFFFFFF0CFFFFFFFF0CFFFFFFFF0C060000000C090000000CFFFFFFFF0C070000000B0A0B110D057368656C6C0CFFFFFFFF04FFFFFFFF0CFFFFFFFF0CFFFFFFFF0CFFFFFFFF0C080000000CFFFFFFFF0C0A000000110D046C756D700CFF
310
FFFFFF04FFFFFFFF0CFFFFFFFF0CFFFFFFFF0C090000000C00000000110E03456E640E026F660E0341534D0D0464617461
  0
ACDSRECORD
 90
        1
  2
AcDbDs::ID
280
    10
320
2CE
  2
ASM_Data
280
    15
 94
      811
310
414349532042696E61727946696C652855000000000000010000000C00000007214F70656E2044657369676E20416C6C69616E63652041434953204275696C646572070E41434953203231382E3030204E540718467269204175672030322030333A31313A3430203230323406000000000000F03F0648AFBC9AF2D77A3E06
310
BBBDD7D9DF7CDB3D0D04626F64790CFFFFFFFF04FFFFFFFF0CFFFFFFFF0C0A0000000CFFFFFFFF0CFFFFFFFF110D05706F696E740CFFFFFFFF04FFFFFFFF0CFFFFFFFF130C1C7519A31AE3BF30EF509820B018400000000000000000110D067665727465780CFFFFFFFF04FFFFFFFF0CFFFFFFFF0C0400000004020000000C
310
01000000110E07656C6C697073650D0563757276650CFFFFFFFF04FFFFFFFF0CFFFFFFFF132DBFC2386EE7EFBF30EF509820B0184000000000000000001400000000000000000000000000000000000000000000F03F1442469B3E9699D93F0000000000000000000000000000008006000000000000F03F0B0B110D046564
310
67650CFFFFFFFF04FFFFFFFF0CFFFFFFFF0C020000000600000000000000000C0200000006182D4454FB2119400C050000000C030000000B0707756E6B6E6F776E110D06636F656467650CFFFFFFFF04FFFFFFFF0CFFFFFFFF0C050000000C050000000CFFFFFFFF0C040000000B0C0600000004000000000CFFFFFFFF110D
310
046C6F6F700CFFFFFFFF04FFFFFFFF0CFFFFFFFF0CFFFFFFFF0C050000000C08000000110E05706C616E650D07737572666163650CFFFFFFFF04FFFFFFFF0CFFFFFFFF135FC834E4E926F3BF30EF509820B0184000000000000000001400000000000000800000000000000000000000000000F03F14000000000000F03F00
310
0000000000000000000000000000000B0B0B0B0B110D04666163650CFFFFFFFF04FFFFFFFF0CFFFFFFFF0CFFFFFFFF0C060000000C090000000CFFFFFFFF0C070000000B0A0B110D057368656C6C0CFFFFFFFF04FFFFFFFF0CFFFFFFFF0CFFFFFFFF0CFFFFFFFF0C080000000CFFFFFFFF0C0A000000110D046C756D700CFF
310
FFFFFF04FFFFFFFF0CFFFFFFFF0CFFFFFFFF0C090000000C00000000110E03456E640E026F660E0341534D0D0464617461
  0
ACDSRECORD
 90
        1
  2
AcDbDs::ID
280
    10
320
2D1
  2
ASM_Data
280
    15
 94
      811
310
414349532042696E61727946696C652855000000000000010000000C00000007214F70656E2044657369676E20416C6C69616E63652041434953204275696C646572070E41434953203231382E3030204E540718467269204175672030322030333A31313A3430203230323406000000000000F03F0648AFBC9AF2D77A3E06
310
BBBDD7D9DF7CDB3D0D04626F64790CFFFFFFFF04FFFFFFFF0CFFFFFFFF0C0A0000000CFFFFFFFF0CFFFFFFFF110D05706F696E740CFFFFFFFF04FFFFFFFF0CFFFFFFFF13547E00EF703DFC3F30EF509820B018400000000000000000110D067665727465780CFFFFFFFF04FFFFFFFF0CFFFFFFFF0C0400000004020000000C
310
01000000110E07656C6C697073650D0563757276650CFFFFFFFF04FFFFFFFF0CFFFFFFFF1357A987054A0CF03F30EF509820B0184000000000000000001400000000000000000000000000000000000000000000F03F14FBA9F1D24D62E83F0000000000000000000000000000008006000000000000F03F0B0B110D046564
310
67650CFFFFFFFF04FFFFFFFF0CFFFFFFFF0C020000000600000000000000000C0200000006182D4454FB2119400C050000000C030000000B0707756E6B6E6F776E110D06636F656467650CFFFFFFFF04FFFFFFFF0CFFFFFFFF0C050000000C050000000CFFFFFFFF0C040000000B0C0600000004000000000CFFFFFFFF110D
310
046C6F6F700CFFFFFFFF04FFFFFFFF0CFFFFFFFF0CFFFFFFFF0C050000000C08000000110E05706C616E650D07737572666163650CFFFFFFFF04FFFFFFFF0CFFFFFFFF13B07D96216DE7E33F30EF509820B0184000000000000000001400000000000000800000000000000000000000000000F03F14000000000000F03F00
310
0000000000000000000000000000000B0B0B0B0B110D04666163650CFFFFFFFF04FFFFFFFF0CFFFFFFFF0CFFFFFFFF0C060000000C090000000CFFFFFFFF0C070000000B0A0B110D057368656C6C0CFFFFFFFF04FFFFFFFF0CFFFFFFFF0CFFFFFFFF0CFFFFFFFF0C080000000CFFFFFFFF0C0A000000110D046C756D700CFF
310
FFFFFF04FFFFFFFF0CFFFFFFFF0CFFFFFFFF0C090000000C00000000110E03456E640E026F660E0341534D0D0464617461
  0
ACDSRECORD
 90
        1
  2
AcDbDs::ID
280
    10
320
2D4
  2
ASM_Data
280
    15
 94
      811
310
414349532042696E61727946696C652855000000000000010000000C00000007214F70656E2044657369676E20416C6C69616E63652041434953204275696C646572070E41434953203231382E3030204E540718467269204175672030322030333A31313A3430203230323406000000000000F03F0648AFBC9AF2D77A3E06
310
BBBDD7D9DF7CDB3D0D04626F64790CFFFFFFFF04FFFFFFFF0CFFFFFFFF0C0A0000000CFFFFFFFF0CFFFFFFFF110D05706F696E740CFFFFFFFF04FFFFFFFF0CFFFFFFFF13E87A2E95AF72F63F30EF509820B018400000000000000000110D067665727465780CFFFFFFFF04FFFFFFFF0CFFFFFFFF0C0400000004020000000C
310
01000000110E07656C6C697073650D0563757276650CFFFFFFFF04FFFFFFFF0CFFFFFFFF1357A987054A0CF03F30EF509820B0184000000000000000001400000000000000000000000000000000000000000000F03F1442469B3E9699D93F0000000000000000000000000000008006000000000000F03F0B0B110D046564
310
67650CFFFFFFFF04FFFFFFFF0CFFFFFFFF0C020000000600000000000000000C0200000006182D4454FB2119400C050000000C030000000B0707756E6B6E6F776E110D06636F656467650CFFFFFFFF04FFFFFFFF0CFFFFFFFF0C050000000C050000000CFFFFFFFF0C040000000B0C0600000004000000000CFFFFFFFF110D
310
046C6F6F700CFFFFFFFF04FFFFFFFF0CFFFFFFFF0CFFFFFFFF0C050000000C08000000110E05706C616E650D07737572666163650CFFFFFFFF04FFFFFFFF0CFFFFFFFF131D81687B2EB2E93F30EF509820B0184000000000000000001400000000000000800000000000000000000000000000F03F14000000000000F03F00
310
0000000000000000000000000000000B0B0B0B0B110D04666163650CFFFFFFFF04FFFFFFFF0CFFFFFFFF0CFFFFFFFF0C060000000C090000000CFFFFFFFF0C070000000B0A0B110D057368656C6C0CFFFFFFFF04FFFFFFFF0CFFFFFFFF0CFFFFFFFF0CFFFFFFFF0C080000000CFFFFFFFF0C0A000000110D046C756D700CFF
310
FFFFFF04FFFFFFFF0CFFFFFFFF0CFFFFFFFF0C090000000C00000000110E03456E640E026F660E0341534D0D0464617461
  0
ACDSRECORD
 90
        1
  2
AcDbDs::ID
280
    10
320
2D7
  2
ASM_Data
280
    15
 94
      811
310
414349532042696E61727946696C652855000000000000010000000C00000007214F70656E2044657369676E20416C6C69616E63652041434953204275696C646572070E41434953203231382E3030204E540718467269204175672030322030333A31313A3430203230323406000000000000F03F0648AFBC9AF2D77A3E06
310
BBBDD7D9DF7CDB3D0D04626F64790CFFFFFFFF04FFFFFFFF0CFFFFFFFF0C0A0000000CFFFFFFFF0CFFFFFFFF110D05706F696E740CFFFFFFFF04FFFFFFFF0CFFFFFFFF135A078BB3B71E0E4030EF509820B018400000000000000000110D067665727465780CFFFFFFFF04FFFFFFFF0CFFFFFFFF0C0400000004020000000C
310
01000000110E07656C6C697073650D0563757276650CFFFFFFFF04FFFFFFFF0CFFFFFFFF13DB9CCE3E2406084030EF509820B0184000000000000000001400000000000000000000000000000000000000000000F03F14FBA9F1D24D62E83F0000000000000000000000000000008006000000000000F03F0B0B110D046564
310
67650CFFFFFFFF04FFFFFFFF0CFFFFFFFF0C020000000600000000000000000C0200000006182D4454FB2119400C050000000C030000000B0707756E6B6E6F776E110D06636F656467650CFFFFFFFF04FFFFFFFF0CFFFFFFFF0C050000000C050000000CFFFFFFFF0C040000000B0C0600000004000000000CFFFFFFFF110D
310
046C6F6F700CFFFFFFFF04FFFFFFFF0CFFFFFFFF0CFFFFFFFF0C050000000C08000000110E05706C616E650D07737572666163650CFFFFFFFF04FFFFFFFF0CFFFFFFFF139C677084DAF9044030EF509820B0184000000000000000001400000000000000800000000000000000000000000000F03F14000000000000F03F00
310
0000000000000000000000000000000B0B0B0B0B110D04666163650CFFFFFFFF04FFFFFFFF0CFFFFFFFF0CFFFFFFFF0C060000000C090000000CFFFFFFFF0C070000000B0A0B110D057368656C6C0CFFFFFFFF04FFFFFFFF0CFFFFFFFF0CFFFFFFFF0CFFFFFFFF0C080000000CFFFFFFFF0C0A000000110D046C756D700CFF
310
FFFFFF04FFFFFFFF0CFFFFFFFF0CFFFFFFFF0C090000000C00000000110E03456E640E026F660E0341534D0D0464617461
  0
ACDSRECORD
 90
        1
  2
AcDbDs::ID
280
    10
320
2DA
  2
ASM_Data
280
    15
 94
      811
310
414349532042696E61727946696C652855000000000000010000000C00000007214F70656E2044657369676E20416C6C69616E63652041434953204275696C646572070E41434953203231382E3030204E540718467269204175672030322030333A31313A3430203230323406000000000000F03F0648AFBC9AF2D77A3E06
310
BBBDD7D9DF7CDB3D0D04626F64790CFFFFFFFF04FFFFFFFF0CFFFFFFFF0C0A0000000CFFFFFFFF0CFFFFFFFF110D05706F696E740CFFFFFFFF04FFFFFFFF0CFFFFFFFF13A305A20657390B4030EF509820B018400000000000000000110D067665727465780CFFFFFFFF04FFFFFFFF0CFFFFFFFF0C0400000004020000000C
310
01000000110E07656C6C697073650D0563757276650CFFFFFFFF04FFFFFFFF0CFFFFFFFF13DB9CCE3E2406084030EF509820B0184000000000000000001400000000000000000000000000000000000000000000F03F1442469B3E9699D93F0000000000000000000000000000008006000000000000F03F0B0B110D046564
310
67650CFFFFFFFF04FFFFFFFF0CFFFFFFFF0C020000000600000000000000000C0200000006182D4454FB2119400C050000000C030000000B0707756E6B6E6F776E110D06636F656467650CFFFFFFFF04FFFFFFFF0CFFFFFFFF0C050000000C050000000CFFFFFFFF0C040000000B0C0600000004000000000CFFFFFFFF110D
310
046C6F6F700CFFFFFFFF04FFFFFFFF0CFFFFFFFF0CFFFFFFFF0C050000000C08000000110E05706C616E650D07737572666163650CFFFFFFFF04FFFFFFFF0CFFFFFFFF1376E8E4DA8A6C064030EF509820B0184000000000000000001400000000000000800000000000000000000000000000F03F14000000000000F03F00
310
0000000000000000000000000000000B0B0B0B0B110D04666163650CFFFFFFFF04FFFFFFFF0CFFFFFFFF0CFFFFFFFF0C060000000C090000000CFFFFFFFF0C070000000B0A0B110D057368656C6C0CFFFFFFFF04FFFFFFFF0CFFFFFFFF0CFFFFFFFF0CFFFFFFFF0C080000000CFFFFFFFF0C0A000000110D046C756D700CFF
310
FFFFFF04FFFFFFFF0CFFFFFFFF0CFFFFFFFF0C090000000C00000000110E03456E640E026F660E0341534D0D0464617461
  0
ACDSRECORD
 90
        1
  2
AcDbDs::ID
280
    10
320
2DD
  2
ASM_Data
280
    15
 94
      811
310
414349532042696E61727946696C652855000000000000010000000C00000007214F70656E2044657369676E20416C6C69616E63652041434953204275696C646572070E41434953203231382E3030204E540718467269204175672030322030333A31313A3430203230323406000000000000F03F0648AFBC9AF2D77A3E06
310
BBBDD7D9DF7CDB3D0D04626F64790CFFFFFFFF04FFFFFFFF0CFFFFFFFF0C0A0000000CFFFFFFFF0CFFFFFFFF110D05706F696E740CFFFFFFFF04FFFFFFFF0CFFFFFFFF134C483161B072154030EF509820B018C00000000000000000110D067665727465780CFFFFFFFF04FFFFFFFF0CFFFFFFFF0C0400000004020000000C
310
01000000110E07656C6C697073650D0563757276650CFFFFFFFF04FFFFFFFF0CFFFFFFFF130D13D3A66666124030EF509820B018C000000000000000001400000000000000000000000000000000000000000000F03F14FBA9F1D24D62E83F0000000000000000000000000000008006000000000000F03F0B0B110D046564
310
67650CFFFFFFFF04FFFFFFFF0CFFFFFFFF0C020000000600000000000000000C0200000006182D4454FB2119400C050000000C030000000B0707756E6B6E6F776E110D06636F656467650CFFFFFFFF04FFFFFFFF0CFFFFFFFF0C050000000C050000000CFFFFFFFF0C040000000B0C0600000004000000000CFFFFFFFF110D
310
046C6F6F700CFFFFFFFF04FFFFFFFF0CFFFFFFFF0CFFFFFFFF0C050000000C08000000110E05706C616E650D07737572666163650CFFFFFFFF04FFFFFFFF0CFFFFFFFF136EF8A3C941E0104030EF509820B018C000000000000000001400000000000000800000000000000000000000000000F03F14000000000000F03F00
310
0000000000000000000000000000000B0B0B0B0B110D04666163650CFFFFFFFF04FFFFFFFF0CFFFFFFFF0CFFFFFFFF0C060000000C090000000CFFFFFFFF0C070000000B0A0B110D057368656C6C0CFFFFFFFF04FFFFFFFF0CFFFFFFFF0CFFFFFFFF0CFFFFFFFF0C080000000CFFFFFFFF0C0A000000110D046C756D700CFF
310
FFFFFF04FFFFFFFF0CFFFFFFFF0CFFFFFFFF0C090000000C00000000110E03456E640E026F660E0341534D0D0464617461
  0
ACDSRECORD
 90
        1
  2
AcDbDs::ID
280
    10
320
2E0
  2
ASM_Data
280
    15
 94
      811
310
414349532042696E61727946696C652855000000000000010000000C00000007214F70656E2044657369676E20416C6C69616E63652041434953204275696C646572070E41434953203231382E3030204E540718467269204175672030322030333A31313A3430203230323406000000000000F03F0648AFBC9AF2D77A3E06
310
BBBDD7D9DF7CDB3D0D04626F64790CFFFFFFFF04FFFFFFFF0CFFFFFFFF0C0A0000000CFFFFFFFF0CFFFFFFFF110D05706F696E740CFFFFFFFF04FFFFFFFF0CFFFFFFFF1371C7BC0A0000144030EF509820B018C00000000000000000110D067665727465780CFFFFFFFF04FFFFFFFF0CFFFFFFFF0C0400000004020000000C
310
01000000110E07656C6C697073650D0563757276650CFFFFFFFF04FFFFFFFF0CFFFFFFFF130D13D3A66666124030EF509820B018C000000000000000001400000000000000000000000000000000000000000000F03F1442469B3E9699D93F0000000000000000000000000000008006000000000000F03F0B0B110D046564
310
67650CFFFFFFFF04FFFFFFFF0CFFFFFFFF0C020000000600000000000000000C0200000006182D4454FB2119400C050000000C030000000B0707756E6B6E6F776E110D06636F656467650CFFFFFFFF04FFFFFFFF0CFFFFFFFF0C050000000C050000000CFFFFFFFF0C040000000B0C0600000004000000000CFFFFFFFF110D
310
046C6F6F700CFFFFFFFF04FFFFFFFF0CFFFFFFFF0CFFFFFFFF0C050000000C08000000110E05706C616E650D07737572666163650CFFFFFFFF04FFFFFFFF0CFFFFFFFF13DB38DEF49999114030EF509820B018C000000000000000001400000000000000800000000000000000000000000000F03F14000000000000F03F00
310
0000000000000000000000000000000B0B0B0B0B110D04666163650CFFFFFFFF04FFFFFFFF0CFFFFFFFF0CFFFFFFFF0C060000000C090000000CFFFFFFFF0C070000000B0A0B110D057368656C6C0CFFFFFFFF04FFFFFFFF0CFFFFFFFF0CFFFFFFFF0CFFFFFFFF0C080000000CFFFFFFFF0C0A000000110D046C756D700CFF
310
FFFFFF04FFFFFFFF0CFFFFFFFF0CFFFFFFFF0C090000000C00000000110E03456E640E026F660E0341534D0D0464617461
  0
ACDSRECORD
 90
        1
  2
AcDbDs::ID
280
    10
320
2E3
  2
ASM_Data
280
    15
 94
      811
310
414349532042696E61727946696C652855000000000000010000000C00000007214F70656E2044657369676E20416C6C69616E63652041434953204275696C646572070E41434953203231382E3030204E540718467269204175672030322030333A31313A3430203230323406000000000000F03F0648AFBC9AF2D77A3E06
310
BBBDD7D9DF7CDB3D0D04626F64790CFFFFFFFF04FFFFFFFF0CFFFFFFFF0C0A0000000CFFFFFFFF0CFFFFFFFF110D05706F696E740CFFFFFFFF04FFFFFFFF0CFFFFFFFF13220C6E3160E50A4030EF509820B018C00000000000000000110D067665727465780CFFFFFFFF04FFFFFFFF0CFFFFFFFF0C0400000004020000000C
310
01000000110E07656C6C697073650D0563757276650CFFFFFFFF04FFFFFFFF0CFFFFFFFF13A3A1B1BCCCCC044030EF509820B018C000000000000000001400000000000000000000000000000000000000000000F03F14FBA9F1D24D62E83F0000000000000000000000000000008006000000000000F03F0B0B110D046564
310
67650CFFFFFFFF04FFFFFFFF0CFFFFFFFF0C020000000600000000000000000C0200000006182D4454FB2119400C050000000C030000000B0707756E6B6E6F776E110D06636F656467650CFFFFFFFF04FFFFFFFF0CFFFFFFFF0C050000000C050000000CFFFFFFFF0C040000000B0C0600000004000000000CFFFFFFFF110D
310
046C6F6F700CFFFFFFFF04FFFFFFFF0CFFFFFFFF0CFFFFFFFF0C050000000C08000000110E05706C616E650D07737572666163650CFFFFFFFF04FFFFFFFF0CFFFFFFFF13646C530283C0014030EF509820B018C000000000000000001400000000000000800000000000000000000000000000F03F14000000000000F03F00
310
0000000000000000000000000000000B0B0B0B0B110D04666163650CFFFFFFFF04FFFFFFFF0CFFFFFFFF0CFFFFFFFF0C060000000C090000000CFFFFFFFF0C070000000B0A0B110D057368656C6C0CFFFFFFFF04FFFFFFFF0CFFFFFFFF0CFFFFFFFF0CFFFFFFFF0C080000000CFFFFFFFF0C0A000000110D046C756D700CFF
310
FFFFFF04FFFFFFFF0CFFFFFFFF0CFFFFFFFF0C090000000C00000000110E03456E640E026F660E0341534D0D0464617461
  0
ACDSRECORD
 90
        1
  2
AcDbDs::ID
280
    10
320
2E6
  2
ASM_Data
280
    15
 94
      811
310
414349532042696E61727946696C652855000000000000010000000C00000007214F70656E2044657369676E20416C6C69616E63652041434953204275696C646572070E41434953203231382E3030204E540718467269204175672030322030333A31313A3430203230323406000000000000F03F0648AFBC9AF2D77A3E06
310
BBBDD7D9DF7CDB3D0D04626F64790CFFFFFFFF04FFFFFFFF0CFFFFFFFF0C0A0000000CFFFFFFFF0CFFFFFFFF110D05706F696E740CFFFFFFFF04FFFFFFFF0CFFFFFFFF136B0A8584FFFF074030EF509820B018C00000000000000000110D067665727465780CFFFFFFFF04FFFFFFFF0CFFFFFFFF0C0400000004020000000C
310
01000000110E07656C6C697073650D0563757276650CFFFFFFFF04FFFFFFFF0CFFFFFFFF13A3A1B1BCCCCC044030EF509820B018C000000000000000001400000000000000000000000000000000000000000000F03F1442469B3E9699D93F0000000000000000000000000000008006000000000000F03F0B0B110D046564
310
67650CFFFFFFFF04FFFFFFFF0CFFFFFFFF0C020000000600000000000000000C0200000006182D4454FB2119400C050000000C030000000B0707756E6B6E6F776E110D06636F656467650CFFFFFFFF04FFFFFFFF0CFFFFFFFF0C050000000C050000000CFFFFFFFF0C040000000B0C0600000004000000000CFFFFFFFF110D
310
046C6F6F700CFFFFFFFF04FFFFFFFF0CFFFFFFFF0CFFFFFFFF0C050000000C08000000110E05706C616E650D07737572666163650CFFFFFFFF04FFFFFFFF0CFFFFFFFF133EEDC7583333034030EF509820B018C000000000000000001400000000000000800000000000000000000000000000F03F14000000000000F03F00
310
0000000000000000000000000000000B0B0B0B0B110D04666163650CFFFFFFFF04FFFFFFFF0CFFFFFFFF0CFFFFFFFF0C060000000C090000000CFFFFFFFF0C070000000B0A0B110D057368656C6C0CFFFFFFFF04FFFFFFFF0CFFFFFFFF0CFFFFFFFF0CFFFFFFFF0C080000000CFFFFFFFF0C0A000000110D046C756D700CFF
310
FFFFFF04FFFFFFFF0CFFFFFFFF0CFFFFFFFF0C090000000C00000000110E03456E640E026F660E0341534D0D0464617461
  0
ACDSRECORD
 90
        1
  2
AcDbDs::ID
280
    10
320
2E9
  2
ASM_Data
280
    15
 94
      811
310
414349532042696E61727946696C652855000000000000010000000C00000007214F70656E2044657369676E20416C6C69616E63652041434953204275696C646572070E41434953203231382E3030204E540718467269204175672030322030333A31313A3430203230323406000000000000F03F0648AFBC9AF2D77A3E06
310
BBBDD7D9DF7CDB3D0D04626F64790CFFFFFFFF04FFFFFFFF0CFFFFFFFF0C0A0000000CFFFFFFFF0CFFFFFFFF110D05706F696E740CFFFFFFFF04FFFFFFFF0CFFFFFFFF13560FF340BFCAF53F30EF509820B018C00000000000000000110D067665727465780CFFFFFFFF04FFFFFFFF0CFFFFFFFF0C0400000004020000000C
310
01000000110E07656C6C697073650D0563757276650CFFFFFFFF04FFFFFFFF0CFFFFFFFF13B174F4AE3033E33F30EF509820B018C000000000000000001400000000000000000000000000000000000000000000F03F14FBA9F1D24D62E83F0000000000000000000000000000008006000000000000F03F0B0B110D046564
310
67650CFFFFFFFF04FFFFFFFF0CFFFFFFFF0C020000000600000000000000000C0200000006182D4454FB2119400C050000000C030000000B0707756E6B6E6F776E110D06636F656467650CFFFFFFFF04FFFFFFFF0CFFFFFFFF0C050000000C050000000CFFFFFFFF0C040000000B0C0600000004000000000CFFFFFFFF110D
310
046C6F6F700CFFFFFFFF04FFFFFFFF0CFFFFFFFF0CFFFFFFFF0C050000000C08000000110E05706C616E650D07737572666163650CFFFFFFFF04FFFFFFFF0CFFFFFFFF13CB7EEE152708CC3F30EF509820B018C000000000000000001400000000000000800000000000000000000000000000F03F14000000000000F03F00
310
0000000000000000000000000000000B0B0B0B0B110D04666163650CFFFFFFFF04FFFFFFFF0CFFFFFFFF0CFFFFFFFF0C060000000C090000000CFFFFFFFF0C070000000B0A0B110D057368656C6C0CFFFFFFFF04FFFFFFFF0CFFFFFFFF0CFFFFFFFF0CFFFFFFFF0C080000000CFFFFFFFF0C0A000000110D046C756D700CFF
310
FFFFFF04FFFFFFFF0CFFFFFFFF0CFFFFFFFF0C090000000C00000000110E03456E640E026F660E0341534D0D0464617461
  0
ACDSRECORD
 90
        1
  2
AcDbDs::ID
280
    10
320
2EC
  2
ASM_Data
280
    15
 94
      811
310
414349532042696E61727946696C652855000000000000010000000C00000007214F70656E2044657369676E20416C6C69616E63652041434953204275696C646572070E41434953203231382E3030204E540718467269204175672030322030333A31313A3430203230323406000000000000F03F0648AFBC9AF2D77A3E06
310
BBBDD7D9DF7CDB3D0D04626F64790CFFFFFFFF04FFFFFFFF0CFFFFFFFF0C0A0000000CFFFFFFFF0CFFFFFFFF110D05706F696E740CFFFFFFFF04FFFFFFFF0CFFFFFFFF13D21742CEFBFFEF3F30EF509820B018C00000000000000000110D067665727465780CFFFFFFFF04FFFFFFFF0CFFFFFFFF0C0400000004020000000C
310
01000000110E07656C6C697073650D0563757276650CFFFFFFFF04FFFFFFFF0CFFFFFFFF13B174F4AE3033E33F30EF509820B018C000000000000000001400000000000000000000000000000000000000000000F03F1442469B3E9699D93F0000000000000000000000000000008006000000000000F03F0B0B110D046564
310
67650CFFFFFFFF04FFFFFFFF0CFFFFFFFF0C020000000600000000000000000C0200000006182D4454FB2119400C050000000C030000000B0707756E6B6E6F776E110D06636F656467650CFFFFFFFF04FFFFFFFF0CFFFFFFFF0C050000000C050000000CFFFFFFFF0C040000000B0C0600000004000000000CFFFFFFFF110D
310
046C6F6F700CFFFFFFFF04FFFFFFFF0CFFFFFFFF0CFFFFFFFF0C050000000C08000000110E05706C616E650D07737572666163650CFFFFFFFF04FFFFFFFF0CFFFFFFFF1340469B3E9699D93F30EF509820B018C000000000000000001400000000000000800000000000000000000000000000F03F14000000000000F03F00
310
0000000000000000000000000000000B0B0B0B0B110D04666163650CFFFFFFFF04FFFFFFFF0CFFFFFFFF0CFFFFFFFF0C060000000C090000000CFFFFFFFF0C070000000B0A0B110D057368656C6C0CFFFFFFFF04FFFFFFFF0CFFFFFFFF0CFFFFFFFF0CFFFFFFFF0C080000000CFFFFFFFF0C0A000000110D046C756D700CFF
310
FFFFFF04FFFFFFFF0CFFFFFFFF0CFFFFFFFF0C090000000C00000000110E03456E640E026F660E0341534D0D0464617461
  0
ACDSRECORD
 90
        1
  2
AcDbDs::ID
280
    10
320
2EF
  2
ASM_Data
280
    15
 94
      811
310
414349532042696E61727946696C652855000000000000010000000C00000007214F70656E2044657369676E20416C6C69616E63652041434953204275696C646572070E41434953203231382E3030204E540718467269204175672030322030333A31313A3430203230323406000000000000F03F0648AFBC9AF2D77A3E06
310
BBBDD7D9DF7CDB3D0D04626F64790CFFFFFFFF04FFFFFFFF0CFFFFFFFF0C0A0000000CFFFFFFFF0CFFFFFFFF110D05706F696E740CFFFFFFFF04FFFFFFFF0CFFFFFFFF131302456E7E6AE4BF30EF509820B018C00000000000000000110D067665727465780CFFFFFFFF04FFFFFFFF0CFFFFFFFF0C0400000004020000000C
310
01000000110E07656C6C697073650D0563757276650CFFFFFFFF04FFFFFFFF0CFFFFFFFF1307569B206666F6BF30EF509820B018C000000000000000001400000000000000000000000000000000000000000000F03F14FBA9F1D24D62E83F0000000000000000000000000000008006000000000000F03F0B0B110D046564
310
67650CFFFFFFFF04FFFFFFFF0CFFFFFFFF0C020000000600000000000000000C0200000006182D4454FB2119400C050000000C030000000B0707756E6B6E6F776E110D06636F656467650CFFFFFFFF04FFFFFFFF0CFFFFFFFF0C050000000C050000000CFFFFFFFF0C040000000B0C0600000004000000000CFFFFFFFF110D
310
046C6F6F700CFFFFFFFF04FFFFFFFF0CFFFFFFFF0CFFFFFFFF0C050000000C08000000110E05706C616E650D07737572666163650CFFFFFFFF04FFFFFFFF0CFFFFFFFF1386C05795F97EFCBF30EF509820B018C000000000000000001400000000000000800000000000000000000000000000F03F14000000000000F03F00
310
0000000000000000000000000000000B0B0B0B0B110D04666163650CFFFFFFFF04FFFFFFFF0CFFFFFFFF0CFFFFFFFF0C060000000C090000000CFFFFFFFF0C070000000B0A0B110D057368656C6C0CFFFFFFFF04FFFFFFFF0CFFFFFFFF0CFFFFFFFF0CFFFFFFFF0C080000000CFFFFFFFF0C0A000000110D046C756D700CFF
310
FFFFFF04FFFFFFFF0CFFFFFFFF0CFFFFFFFF0C090000000C00000000110E03456E640E026F660E0341534D0D0464617461
  0
ACDSRECORD
 90
        1
  2
AcDbDs::ID
280
    10
320
2F2
  2
ASM_Data
280
    15
 94
      811
310
414349532042696E61727946696C652855000000000000010000000C00000007214F70656E2044657369676E20416C6C69616E63652041434953204275696C646572070E41434953203231382E3030204E540718467269204175672030322030333A31313A3430203230323406000000000000F03F0648AFBC9AF2D77A3E06
310
BBBDD7D9DF7CDB3D0D04626F64790CFFFFFFFF04FFFFFFFF0CFFFFFFFF0C0A0000000CFFFFFFFF0CFFFFFFFF110D05706F696E740CFFFFFFFF04FFFFFFFF0CFFFFFFFF137684F4900000F0BF30EF509820B018C00000000000000000110D067665727465780CFFFFFFFF04FFFFFFFF0CFFFFFFFF0C0400000004020000000C
310
01000000110E07656C6C697073650D0563757276650CFFFFFFFF04FFFFFFFF0CFFFFFFFF1307569B206666F6BF30EF509820B018C000000000000000001400000000000000000000000000000000000000000000F03F1442469B3E9699D93F0000000000000000000000000000008006000000000000F03F0B0B110D046564
310
67650CFFFFFFFF04FFFFFFFF0CFFFFFFFF0C020000000600000000000000000C0200000006182D4454FB2119400C050000000C030000000B0707756E6B6E6F776E110D06636F656467650CFFFFFFFF04FFFFFFFF0CFFFFFFFF0C050000000C050000000CFFFFFFFF0C040000000B0C0600000004000000000CFFFFFFFF110D
310
046C6F6F700CFFFFFFFF04FFFFFFFF0CFFFFFFFF0CFFFFFFFF0C050000000C08000000110E05706C616E650D07737572666163650CFFFFFFFF04FFFFFFFF0CFFFFFFFF13D0BE6EE89899F9BF30EF509820B018C000000000000000001400000000000000800000000000000000000000000000F03F14000000000000F03F00
310
0000000000000000000000000000000B0B0B0B0B110D04666163650CFFFFFFFF04FFFFFFFF0CFFFFFFFF0CFFFFFFFF0C060000000C090000000CFFFFFFFF0C070000000B0A0B110D057368656C6C0CFFFFFFFF04FFFFFFFF0CFFFFFFFF0CFFFFFFFF0CFFFFFFFF0C080000000CFFFFFFFF0C0A000000110D046C756D700CFF
310
FFFFFF04FFFFFFFF0CFFFFFFFF0CFFFFFFFF0C090000000C00000000110E03456E640E026F660E0341534D0D0464617461
  0
ACDSRECORD
 90
        1
  2
AcDbDs::ID
280
    10
320
2F9
  2
ASM_Data
280
    15
 94
      811
310
414349532042696E61727946696C652855000000000000010000000C00000007214F70656E2044657369676E20416C6C69616E63652041434953204275696C646572070E41434953203231382E3030204E540718467269204175672030322030333A31313A3430203230323406000000000000F03F0648AFBC9AF2D77A3E06
310
BBBDD7D9DF7CDB3D0D04626F64790CFFFFFFFF04FFFFFFFF0CFFFFFFFF0C0A0000000CFFFFFFFF0CFFFFFFFF110D05706F696E740CFFFFFFFF04FFFFFFFF0CFFFFFFFF13D31742CEFBFFDF3F00000000000000000000000000000000110D067665727465780CFFFFFFFF04FFFFFFFF0CFFFFFFFF0C0400000004020000000C
310
01000000110E07656C6C697073650D0563757276650CFFFFFFFF04FFFFFFFF0CFFFFFFFF130000000000000000000000000000000000000000000000001400000000000000000000000000000000000000000000F03F14D31742CEFBFFDF3F0000000000000000000000000000008006000000000000F03F0B0B110D046564
310
67650CFFFFFFFF04FFFFFFFF0CFFFFFFFF0C020000000600000000000000000C0200000006182D4454FB2119400C050000000C030000000B0707756E6B6E6F776E110D06636F656467650CFFFFFFFF04FFFFFFFF0CFFFFFFFF0C050000000C050000000CFFFFFFFF0C040000000B0C0600000004000000000CFFFFFFFF110D
310
046C6F6F700CFFFFFFFF04FFFFFFFF0CFFFFFFFF0CFFFFFFFF0C050000000C08000000110E05706C616E650D07737572666163650CFFFFFFFF04FFFFFFFF0CFFFFFFFF13D51742CEFBFFCFBF000000000000903C00000000000000001400000000000000800000000000000000000000000000F03F14000000000000F03F00
310
0000000000000000000000000000000B0B0B0B0B110D04666163650CFFFFFFFF04FFFFFFFF0CFFFFFFFF0CFFFFFFFF0C060000000C090000000CFFFFFFFF0C070000000B0A0B110D057368656C6C0CFFFFFFFF04FFFFFFFF0CFFFFFFFF0CFFFFFFFF0CFFFFFFFF0C080000000CFFFFFFFF0C0A000000110D046C756D700CFF
310
FFFFFF04FFFFFFFF0CFFFFFFFF0CFFFFFFFF0C090000000C00000000110E03456E640E026F660E0341534D0D0464617461
  0
ACDSRECORD
 90
        1
  2
AcDbDs::ID
280
    10
320
2FC
  2
ASM_Data
280
    15
 94
      811
310
414349532042696E61727946696C652855000000000000010000000C00000007214F70656E2044657369676E20416C6C69616E63652041434953204275696C646572070E41434953203231382E3030204E540718467269204175672030322030333A31313A3430203230323406000000000000F03F0648AFBC9AF2D77A3E06
310
BBBDD7D9DF7CDB3D0D04626F64790CFFFFFFFF04FFFFFFFF0CFFFFFFFF0C0A0000000CFFFFFFFF0CFFFFFFFF110D05706F696E740CFFFFFFFF04FFFFFFFF0CFFFFFFFF134CFBE6FEEA51084000000000000000000000000000000000110D067665727465780CFFFFFFFF04FFFFFFFF0CFFFFFFFF0C0400000004020000000C
310
01000000110E07656C6C697073650D0563757276650CFFFFFFFF04FFFFFFFF0CFFFFFFFF1352B81E85EB510440000000000000000000000000000000001400000000000000000000000000000000000000000000F03F14D31742CEFBFFDF3F0000000000000000000000000000008006000000000000F03F0B0B110D046564
310
67650CFFFFFFFF04FFFFFFFF0CFFFFFFFF0C020000000600000000000000000C0200000006182D4454FB2119400C050000000C030000000B0707756E6B6E6F776E110D06636F656467650CFFFFFFFF04FFFFFFFF0CFFFFFFFF0C050000000C050000000CFFFFFFFF0C040000000B0C0600000004000000000CFFFFFFFF110D
310
046C6F6F700CFFFFFFFF04FFFFFFFF0CFFFFFFFF0CFFFFFFFF0C050000000C08000000110E05706C616E650D07737572666163650CFFFFFFFF04FFFFFFFF0CFFFFFFFF13D4963AC8EB510240000000000000903C00000000000000001400000000000000800000000000000000000000000000F03F14000000000000F03F00
310
0000000000000000000000000000000B0B0B0B0B110D04666163650CFFFFFFFF04FFFFFFFF0CFFFFFFFF0CFFFFFFFF0C060000000C090000000CFFFFFFFF0C070000000B0A0B110D057368656C6C0CFFFFFFFF04FFFFFFFF0CFFFFFFFF0CFFFFFFFF0CFFFFFFFF0C080000000CFFFFFFFF0C0A000000110D046C756D700CFF
310
FFFFFF04FFFFFFFF0CFFFFFFFF0CFFFFFFFF0C090000000C00000000110E03456E640E026F660E0341534D0D0464617461
  0
ACDSRECORD
 90
        1
  2
AcDbDs::ID
280
    10
320
313
  2
ASM_Data
280
    15
 94
      811
310
414349532042696E61727946696C652855000000000000010000000C00000007214F70656E2044657369676E20416C6C69616E63652041434953204275696C646572070E41434953203231382E3030204E540718467269204175672030322030333A31313A3430203230323406000000000000F03F0648AFBC9AF2D77A3E06
310
BBBDD7D9DF7CDB3D0D04626F64790CFFFFFFFF04FFFFFFFF0CFFFFFFFF0C0A0000000CFFFFFFFF0CFFFFFFFF110D05706F696E740CFFFFFFFF04FFFFFFFF0CFFFFFFFF137684F4900000F03F00000000000000000000000000000000110D067665727465780CFFFFFFFF04FFFFFFFF0CFFFFFFFF0C0400000004020000000C
310
01000000110E07656C6C697073650D0563757276650CFFFFFFFF04FFFFFFFF0CFFFFFFFF130000000000000000000000000000000000000000000000001400000000000000000000000000000000000000000000F03F147684F4900000F03F0000000000000000000000000000008006000000000000F03F0B0B110D046564
310
67650CFFFFFFFF04FFFFFFFF0CFFFFFFFF0C020000000600000000000000000C0200000006182D4454FB2119400C050000000C030000000B0707756E6B6E6F776E110D06636F656467650CFFFFFFFF04FFFFFFFF0CFFFFFFFF0C050000000C050000000CFFFFFFFF0C040000000B0C0600000004000000000CFFFFFFFF110D
310
046C6F6F700CFFFFFFFF04FFFFFFFF0CFFFFFFFF0CFFFFFFFF0C050000000C08000000110E05706C616E650D07737572666163650CFFFFFFFF04FFFFFFFF0CFFFFFFFF137784F4900000E0BF000000000000A03C00000000000000001400000000000000800000000000000000000000000000F03F14000000000000F03F00
310
0000000000000000000000000000000B0B0B0B0B110D04666163650CFFFFFFFF04FFFFFFFF0CFFFFFFFF0CFFFFFFFF0C060000000C090000000CFFFFFFFF0C070000000B0A0B110D057368656C6C0CFFFFFFFF04FFFFFFFF0CFFFFFFFF0CFFFFFFFF0CFFFFFFFF0C080000000CFFFFFFFF0C0A000000110D046C756D700CFF
310
FFFFFF04FFFFFFFF0CFFFFFFFF0CFFFFFFFF0C090000000C00000000110E03456E640E026F660E0341534D0D0464617461
  0
ACDSRECORD
 90
        1
  2
AcDbDs::ID
280
    10
320
316
  2
ASM_Data
280
    15
 94
      811
310
414349532042696E61727946696C652855000000000000010000000C00000007214F70656E2044657369676E20416C6C69616E63652041434953204275696C646572070E41434953203231382E3030204E540718467269204175672030322030333A31313A3430203230323406000000000000F03F0648AFBC9AF2D77A3E06
310
BBBDD7D9DF7CDB3D0D04626F64790CFFFFFFFF04FFFFFFFF0CFFFFFFFF0C0A0000000CFFFFFFFF0CFFFFFFFF110D05706F696E740CFFFFFFFF04FFFFFFFF0CFFFFFFFF134DC00A4B9799E13F00000000000000000000000000000000110D067665727465780CFFFFFFFF04FFFFFFFF0CFFFFFFFF0C0400000004020000000C
310
01000000110E07656C6C697073650D0563757276650CFFFFFFFF04FFFFFFFF0CFFFFFFFF130000000000000000000000000000000000000000000000001400000000000000000000000000000000000000000000F03F144DC00A4B9799E13F0000000000000000000000000000008006000000000000F03F0B0B110D046564
310
67650CFFFFFFFF04FFFFFFFF0CFFFFFFFF0C020000000600000000000000000C0200000006182D4454FB2119400C050000000C030000000B0707756E6B6E6F776E110D06636F656467650CFFFFFFFF04FFFFFFFF0CFFFFFFFF0C050000000C050000000CFFFFFFFF0C040000000B0C0600000004000000000CFFFFFFFF110D
310
046C6F6F700CFFFFFFFF04FFFFFFFF0CFFFFFFFF0CFFFFFFFF0C050000000C08000000110E05706C616E650D07737572666163650CFFFFFFFF04FFFFFFFF0CFFFFFFFF134EC00A4B9799D1BF000000000000A03C00000000000000001400000000000000800000000000000000000000000000F03F14000000000000F03F00
310
0000000000000000000000000000000B0B0B0B0B110D04666163650CFFFFFFFF04FFFFFFFF0CFFFFFFFF0CFFFFFFFF0C060000000C090000000CFFFFFFFF0C070000000B0A0B110D057368656C6C0CFFFFFFFF04FFFFFFFF0CFFFFFFFF0CFFFFFFFF0CFFFFFFFF0C080000000CFFFFFFFF0C0A000000110D046C756D700CFF
310
FFFFFF04FFFFFFFF0CFFFFFFFF0CFFFFFFFF0C090000000C00000000110E03456E640E026F660E0341534D0D0464617461
  0
ACDSRECORD
 90
        1
  2
AcDbDs::ID
280
    10
320
319
  2
ASM_Data
280
    15
 94
      811
310
414349532042696E61727946696C652855000000000000010000000C00000007214F70656E2044657369676E20416C6C69616E63652041434953204275696C646572070E41434953203231382E3030204E540718467269204175672030322030333A31313A3430203230323406000000000000F03F0648AFBC9AF2D77A3E06
310
BBBDD7D9DF7CDB3D0D04626F64790CFFFFFFFF04FFFFFFFF0CFFFFFFFF0C0A0000000CFFFFFFFF0CFFFFFFFF110D05706F696E740CFFFFFFFF04FFFFFFFF0CFFFFFFFF138EE8F92E0000184000000000000000000000000000000000110D067665727465780CFFFFFFFF04FFFFFFFF0CFFFFFFFF0C0400000004020000000C
310
01000000110E07656C6C697073650D0563757276650CFFFFFFFF04FFFFFFFF0CFFFFFFFF1371C7BC0A00001440000000000000000000000000000000001400000000000000000000000000000000000000000000F03F147684F4900000F03F0000000000000000000000000000008006000000000000F03F0B0B110D046564
310
67650CFFFFFFFF04FFFFFFFF0CFFFFFFFF0C020000000600000000000000000C0200000006182D4454FB2119400C050000000C030000000B0707756E6B6E6F776E110D06636F656467650CFFFFFFFF04FFFFFFFF0CFFFFFFFF0C050000000C050000000CFFFFFFFF0C040000000B0C0600000004000000000CFFFFFFFF110D
310
046C6F6F700CFFFFFFFF04FFFFFFFF0CFFFFFFFF0CFFFFFFFF0C050000000C08000000110E05706C616E650D07737572666163650CFFFFFFFF04FFFFFFFF0CFFFFFFFF13E2369EF8FFFF1140000000000000A03C00000000000000001400000000000000800000000000000000000000000000F03F14000000000000F03F00
310
0000000000000000000000000000000B0B0B0B0B110D04666163650CFFFFFFFF04FFFFFFFF0CFFFFFFFF0CFFFFFFFF0C060000000C090000000CFFFFFFFF0C070000000B0A0B110D057368656C6C0CFFFFFFFF04FFFFFFFF0CFFFFFFFF0CFFFFFFFF0CFFFFFFFF0C080000000CFFFFFFFF0C0A000000110D046C756D700CFF
310
FFFFFF04FFFFFFFF0CFFFFFFFF0CFFFFFFFF0C090000000C00000000110E03456E640E026F660E0341534D0D0464617461
  0
ACDSRECORD
 90
        1
  2
AcDbDs::ID
280
    10
320
31C
  2
ASM_Data
280
    15
 94
      811
310
414349532042696E61727946696C652855000000000000010000000C00000007214F70656E2044657369676E20416C6C69616E63652041434953204275696C646572070E41434953203231382E3030204E540718467269204175672030322030333A31313A3430203230323406000000000000F03F0648AFBC9AF2D77A3E06
310
BBBDD7D9DF7CDB3D0D04626F64790CFFFFFFFF04FFFFFFFF0CFFFFFFFF0C0A0000000CFFFFFFFF0CFFFFFFFF110D05706F696E740CFFFFFFFF04FFFFFFFF0CFFFFFFFF137B1F1EF43233164000000000000000000000000000000000110D067665727465780CFFFFFFFF04FFFFFFFF0CFFFFFFFF0C0400000004020000000C
310
01000000110E07656C6C697073650D0563757276650CFFFFFFFF04FFFFFFFF0CFFFFFFFF1371C7BC0A00001440000000000000000000000000000000001400000000000000000000000000000000000000000000F03F144DC00A4B9799E13F0000000000000000000000000000008006000000000000F03F0B0B110D046564
310
67650CFFFFFFFF04FFFFFFFF0CFFFFFFFF0C020000000600000000000000000C0200000006182D4454FB2119400C050000000C030000000B0707756E6B6E6F776E110D06636F656467650CFFFFFFFF04FFFFFFFF0CFFFFFFFF0C050000000C050000000CFFFFFFFF0C040000000B0C0600000004000000000CFFFFFFFF110D
310
046C6F6F700CFFFFFFFF04FFFFFFFF0CFFFFFFFF0CFFFFFFFF0C050000000C08000000110E05706C616E650D07737572666163650CFFFFFFFF04FFFFFFFF0CFFFFFFFF136C1B0C9666E61240000000000000A03C00000000000000001400000000000000800000000000000000000000000000F03F14000000000000F03F00
310
0000000000000000000000000000000B0B0B0B0B110D04666163650CFFFFFFFF04FFFFFFFF0CFFFFFFFF0CFFFFFFFF0C060000000C090000000CFFFFFFFF0C070000000B0A0B110D057368656C6C0CFFFFFFFF04FFFFFFFF0CFFFFFFFF0CFFFFFFFF0CFFFFFFFF0C080000000CFFFFFFFF0C0A000000110D046C756D700CFF
310
FFFFFF04FFFFFFFF0CFFFFFFFF0CFFFFFFFF0C090000000C00000000110E03456E640E026F660E0341534D0D0464617461
  0
ACDSRECORD
 90
        1
  2
AcDbDs::ID
280
    10
320
323
  2
ASM_Data
280
    15
 94
      811
310
414349532042696E61727946696C652855000000000000010000000C00000007214F70656E2044657369676E20416C6C69616E63652041434953204275696C646572070E41434953203231382E3030204E540718467269204175672030322030333A31313A3430203230323406000000000000F03F0648AFBC9AF2D77A3E06
310
BBBDD7D9DF7CDB3D0D04626F64790CFFFFFFFF04FFFFFFFF0CFFFFFFFF0C0A0000000CFFFFFFFF0CFFFFFFFF110D05706F696E740CFFFFFFFF04FFFFFFFF0CFFFFFFFF137684F4900000F03F00000000000000000000000000000000110D067665727465780CFFFFFFFF04FFFFFFFF0CFFFFFFFF0C0400000004020000000C
310
01000000110E07656C6C697073650D0563757276650CFFFFFFFF04FFFFFFFF0CFFFFFFFF130000000000000000000000000000000000000000000000001400000000000000000000000000000000000000000000F03F147684F4900000F03F0000000000000000000000000000008006000000000000F03F0B0B110D046564
310
67650CFFFFFFFF04FFFFFFFF0CFFFFFFFF0C020000000600000000000000000C0200000006182D4454FB2119400C050000000C030000000B0707756E6B6E6F776E110D06636F656467650CFFFFFFFF04FFFFFFFF0CFFFFFFFF0C050000000C050000000CFFFFFFFF0C040000000B0C0600000004000000000CFFFFFFFF110D
310
046C6F6F700CFFFFFFFF04FFFFFFFF0CFFFFFFFF0CFFFFFFFF0C050000000C08000000110E05706C616E650D07737572666163650CFFFFFFFF04FFFFFFFF0CFFFFFFFF137784F4900000E0BF000000000000A03C00000000000000001400000000000000800000000000000000000000000000F03F14000000000000F03F00
310
0000000000000000000000000000000B0B0B0B0B110D04666163650CFFFFFFFF04FFFFFFFF0CFFFFFFFF0CFFFFFFFF0C060000000C090000000CFFFFFFFF0C070000000B0A0B110D057368656C6C0CFFFFFFFF04FFFFFFFF0CFFFFFFFF0CFFFFFFFF0CFFFFFFFF0C080000000CFFFFFFFF0C0A000000110D046C756D700CFF
310
FFFFFF04FFFFFFFF0CFFFFFFFF0CFFFFFFFF0C090000000C00000000110E03456E640E026F660E0341534D0D0464617461
  0
ACDSRECORD
 90
        1
  2
AcDbDs::ID
280
    10
320
326
  2
ASM_Data
280
    15
 94
      811
310
414349532042696E61727946696C652855000000000000010000000C00000007214F70656E2044657369676E20416C6C69616E63652041434953204275696C646572070E41434953203231382E3030204E540718467269204175672030322030333A31313A3430203230323406000000000000F03F0648AFBC9AF2D77A3E06
310
BBBDD7D9DF7CDB3D0D04626F64790CFFFFFFFF04FFFFFFFF0CFFFFFFFF0C0A0000000CFFFFFFFF0CFFFFFFFF110D05706F696E740CFFFFFFFF04FFFFFFFF0CFFFFFFFF134DC00A4B9799E13F00000000000000000000000000000000110D067665727465780CFFFFFFFF04FFFFFFFF0CFFFFFFFF0C0400000004020000000C
310
01000000110E07656C6C697073650D0563757276650CFFFFFFFF04FFFFFFFF0CFFFFFFFF130000000000000000000000000000000000000000000000001400000000000000000000000000000000000000000000F03F144DC00A4B9799E13F0000000000000000000000000000008006000000000000F03F0B0B110D046564
310
67650CFFFFFFFF04FFFFFFFF0CFFFFFFFF0C020000000600000000000000000C0200000006182D4454FB2119400C050000000C030000000B0707756E6B6E6F776E110D06636F656467650CFFFFFFFF04FFFFFFFF0CFFFFFFFF0C050000000C050000000CFFFFFFFF0C040000000B0C0600000004000000000CFFFFFFFF110D
310
046C6F6F700CFFFFFFFF04FFFFFFFF0CFFFFFFFF0CFFFFFFFF0C050000000C08000000110E05706C616E650D07737572666163650CFFFFFFFF04FFFFFFFF0CFFFFFFFF134EC00A4B9799D1BF000000000000A03C00000000000000001400000000000000800000000000000000000000000000F03F14000000000000F03F00
310
0000000000000000000000000000000B0B0B0B0B110D04666163650CFFFFFFFF04FFFFFFFF0CFFFFFFFF0CFFFFFFFF0C060000000C090000000CFFFFFFFF0C070000000B0A0B110D057368656C6C0CFFFFFFFF04FFFFFFFF0CFFFFFFFF0CFFFFFFFF0CFFFFFFFF0C080000000CFFFFFFFF0C0A000000110D046C756D700CFF
310
FFFFFF04FFFFFFFF0CFFFFFFFF0CFFFFFFFF0C090000000C00000000110E03456E640E026F660E0341534D0D0464617461
  0
ACDSRECORD
 90
        1
  2
AcDbDs::ID
280
    10
320
329
  2
ASM_Data
280
    15
 94
      811
310
414349532042696E61727946696C652855000000000000010000000C00000007214F70656E2044657369676E20416C6C69616E63652041434953204275696C646572070E41434953203231382E3030204E540718467269204175672030322030333A31313A3430203230323406000000000000F03F0648AFBC9AF2D77A3E06
310
BBBDD7D9DF7CDB3D0D04626F64790CFFFFFFFF04FFFFFFFF0CFFFFFFFF0C0A0000000CFFFFFFFF0CFFFFFFFF110D05706F696E740CFFFFFFFF04FFFFFFFF0CFFFFFFFF138EE8F92E0000184000000000000000000000000000000000110D067665727465780CFFFFFFFF04FFFFFFFF0CFFFFFFFF0C0400000004020000000C
310
01000000110E07656C6C697073650D0563757276650CFFFFFFFF04FFFFFFFF0CFFFFFFFF1371C7BC0A00001440000000000000000000000000000000001400000000000000000000000000000000000000000000F03F147684F4900000F03F0000000000000000000000000000008006000000000000F03F0B0B110D046564
310
67650CFFFFFFFF04FFFFFFFF0CFFFFFFFF0C020000000600000000000000000C0200000006182D4454FB2119400C050000000C030000000B0707756E6B6E6F776E110D06636F656467650CFFFFFFFF04FFFFFFFF0CFFFFFFFF0C050000000C050000000CFFFFFFFF0C040000000B0C0600000004000000000CFFFFFFFF110D
310
046C6F6F700CFFFFFFFF04FFFFFFFF0CFFFFFFFF0CFFFFFFFF0C050000000C08000000110E05706C616E650D07737572666163650CFFFFFFFF04FFFFFFFF0CFFFFFFFF13E2369EF8FFFF1140000000000000A03C00000000000000001400000000000000800000000000000000000000000000F03F14000000000000F03F00
310
0000000000000000000000000000000B0B0B0B0B110D04666163650CFFFFFFFF04FFFFFFFF0CFFFFFFFF0CFFFFFFFF0C060000000C090000000CFFFFFFFF0C070000000B0A0B110D057368656C6C0CFFFFFFFF04FFFFFFFF0CFFFFFFFF0CFFFFFFFF0CFFFFFFFF0C080000000CFFFFFFFF0C0A000000110D046C756D700CFF
310
FFFFFF04FFFFFFFF0CFFFFFFFF0CFFFFFFFF0C090000000C00000000110E03456E640E026F660E0341534D0D0464617461
  0
ACDSRECORD
 90
        1
  2
AcDbDs::ID
280
    10
320
32C
  2
ASM_Data
280
    15
 94
      811
310
414349532042696E61727946696C652855000000000000010000000C00000007214F70656E2044657369676E20416C6C69616E63652041434953204275696C646572070E41434953203231382E3030204E540718467269204175672030322030333A31313A3430203230323406000000000000F03F0648AFBC9AF2D77A3E06
310
BBBDD7D9DF7CDB3D0D04626F64790CFFFFFFFF04FFFFFFFF0CFFFFFFFF0C0A0000000CFFFFFFFF0CFFFFFFFF110D05706F696E740CFFFFFFFF04FFFFFFFF0CFFFFFFFF137B1F1EF43233164000000000000000000000000000000000110D067665727465780CFFFFFFFF04FFFFFFFF0CFFFFFFFF0C0400000004020000000C
310
01000000110E07656C6C697073650D0563757276650CFFFFFFFF04FFFFFFFF0CFFFFFFFF1371C7BC0A00001440000000000000000000000000000000001400000000000000000000000000000000000000000000F03F144DC00A4B9799E13F0000000000000000000000000000008006000000000000F03F0B0B110D046564
310
67650CFFFFFFFF04FFFFFFFF0CFFFFFFFF0C020000000600000000000000000C0200000006182D4454FB2119400C050000000C030000000B0707756E6B6E6F776E110D06636F656467650CFFFFFFFF04FFFFFFFF0CFFFFFFFF0C050000000C050000000CFFFFFFFF0C040000000B0C0600000004000000000CFFFFFFFF110D
310
046C6F6F700CFFFFFFFF04FFFFFFFF0CFFFFFFFF0CFFFFFFFF0C050000000C08000000110E05706C616E650D07737572666163650CFFFFFFFF04FFFFFFFF0CFFFFFFFF136C1B0C9666E61240000000000000A03C00000000000000001400000000000000800000000000000000000000000000F03F14000000000000F03F00
310
0000000000000000000000000000000B0B0B0B0B110D04666163650CFFFFFFFF04FFFFFFFF0CFFFFFFFF0CFFFFFFFF0C060000000C090000000CFFFFFFFF0C070000000B0A0B110D057368656C6C0CFFFFFFFF04FFFFFFFF0CFFFFFFFF0CFFFFFFFF0CFFFFFFFF0C080000000CFFFFFFFF0C0A000000110D046C756D700CFF
310
FFFFFF04FFFFFFFF0CFFFFFFFF0CFFFFFFFF0C090000000C00000000110E03456E640E026F660E0341534D0D0464617461
  0
ACDSRECORD
 90
        1
  2
AcDbDs::ID
280
    10
320
337
  2
ASM_Data
280
    15
 94
      811
310
414349532042696E61727946696C652855000000000000010000000C00000007214F70656E2044657369676E20416C6C69616E63652041434953204275696C646572070E41434953203231382E3030204E540718467269204175672030322030333A31313A3430203230323406000000000000F03F0648AFBC9AF2D77A3E06
310
BBBDD7D9DF7CDB3D0D04626F64790CFFFFFFFF04FFFFFFFF0CFFFFFFFF0C0A0000000CFFFFFFFF0CFFFFFFFF110D05706F696E740CFFFFFFFF04FFFFFFFF0CFFFFFFFF137684F4900000F03F00000000000000000000000000000000110D067665727465780CFFFFFFFF04FFFFFFFF0CFFFFFFFF0C0400000004020000000C
310
01000000110E07656C6C697073650D0563757276650CFFFFFFFF04FFFFFFFF0CFFFFFFFF130000000000000000000000000000000000000000000000001400000000000000000000000000000000000000000000F03F147684F4900000F03F0000000000000000000000000000008006000000000000F03F0B0B110D046564
310
67650CFFFFFFFF04FFFFFFFF0CFFFFFFFF0C020000000600000000000000000C0200000006182D4454FB2119400C050000000C030000000B0707756E6B6E6F776E110D06636F656467650CFFFFFFFF04FFFFFFFF0CFFFFFFFF0C050000000C050000000CFFFFFFFF0C040000000B0C0600000004000000000CFFFFFFFF110D
310
046C6F6F700CFFFFFFFF04FFFFFFFF0CFFFFFFFF0CFFFFFFFF0C050000000C08000000110E05706C616E650D07737572666163650CFFFFFFFF04FFFFFFFF0CFFFFFFFF137784F4900000E0BF000000000000A03C00000000000000001400000000000000800000000000000000000000000000F03F14000000000000F03F00
310
0000000000000000000000000000000B0B0B0B0B110D04666163650CFFFFFFFF04FFFFFFFF0CFFFFFFFF0CFFFFFFFF0C060000000C090000000CFFFFFFFF0C070000000B0A0B110D057368656C6C0CFFFFFFFF04FFFFFFFF0CFFFFFFFF0CFFFFFFFF0CFFFFFFFF0C080000000CFFFFFFFF0C0A000000110D046C756D700CFF
310
FFFFFF04FFFFFFFF0CFFFFFFFF0CFFFFFFFF0C090000000C00000000110E03456E640E026F660E0341534D0D0464617461
  0
ACDSRECORD
 90
        1
  2
AcDbDs::ID
280
    10
320
33A
  2
ASM_Data
280
    15
 94
      811
310
414349532042696E61727946696C652855000000000000010000000C00000007214F70656E2044657369676E20416C6C69616E63652041434953204275696C646572070E41434953203231382E3030204E540718467269204175672030322030333A31313A3430203230323406000000000000F03F0648AFBC9AF2D77A3E06
310
BBBDD7D9DF7CDB3D0D04626F64790CFFFFFFFF04FFFFFFFF0CFFFFFFFF0C0A0000000CFFFFFFFF0CFFFFFFFF110D05706F696E740CFFFFFFFF04FFFFFFFF0CFFFFFFFF134DC00A4B9799E13F00000000000000000000000000000000110D067665727465780CFFFFFFFF04FFFFFFFF0CFFFFFFFF0C0400000004020000000C
310
01000000110E07656C6C697073650D0563757276650CFFFFFFFF04FFFFFFFF0CFFFFFFFF130000000000000000000000000000000000000000000000001400000000000000000000000000000000000000000000F03F144DC00A4B9799E13F0000000000000000000000000000008006000000000000F03F0B0B110D046564
310
67650CFFFFFFFF04FFFFFFFF0CFFFFFFFF0C020000000600000000000000000C0200000006182D4454FB2119400C050000000C030000000B0707756E6B6E6F776E110D06636F656467650CFFFFFFFF04FFFFFFFF0CFFFFFFFF0C050000000C050000000CFFFFFFFF0C040000000B0C0600000004000000000CFFFFFFFF110D
310
046C6F6F700CFFFFFFFF04FFFFFFFF0CFFFFFFFF0CFFFFFFFF0C050000000C08000000110E05706C616E650D07737572666163650CFFFFFFFF04FFFFFFFF0CFFFFFFFF134EC00A4B9799D1BF000000000000A03C00000000000000001400000000000000800000000000000000000000000000F03F14000000000000F03F00
310
0000000000000000000000000000000B0B0B0B0B110D04666163650CFFFFFFFF04FFFFFFFF0CFFFFFFFF0CFFFFFFFF0C060000000C090000000CFFFFFFFF0C070000000B0A0B110D057368656C6C0CFFFFFFFF04FFFFFFFF0CFFFFFFFF0CFFFFFFFF0CFFFFFFFF0C080000000CFFFFFFFF0C0A000000110D046C756D700CFF
310
FFFFFF04FFFFFFFF0CFFFFFFFF0CFFFFFFFF0C090000000C00000000110E03456E640E026F660E0341534D0D0464617461
  0
ACDSRECORD
 90
        1
  2
AcDbDs::ID
280
    10
320
33D
  2
ASM_Data
280
    15
 94
      811
310
414349532042696E61727946696C652855000000000000010000000C00000007214F70656E2044657369676E20416C6C69616E63652041434953204275696C646572070E41434953203231382E3030204E540718467269204175672030322030333A31313A3430203230323406000000000000F03F0648AFBC9AF2D77A3E06
310
BBBDD7D9DF7CDB3D0D04626F64790CFFFFFFFF04FFFFFFFF0CFFFFFFFF0C0A0000000CFFFFFFFF0CFFFFFFFF110D05706F696E740CFFFFFFFF04FFFFFFFF0CFFFFFFFF138EE8F92E0000184000000000000000000000000000000000110D067665727465780CFFFFFFFF04FFFFFFFF0CFFFFFFFF0C0400000004020000000C
310
01000000110E07656C6C697073650D0563757276650CFFFFFFFF04FFFFFFFF0CFFFFFFFF1371C7BC0A00001440000000000000000000000000000000001400000000000000000000000000000000000000000000F03F147684F4900000F03F0000000000000000000000000000008006000000000000F03F0B0B110D046564
310
67650CFFFFFFFF04FFFFFFFF0CFFFFFFFF0C020000000600000000000000000C0200000006182D4454FB2119400C050000000C030000000B0707756E6B6E6F776E110D06636F656467650CFFFFFFFF04FFFFFFFF0CFFFFFFFF0C050000000C050000000CFFFFFFFF0C040000000B0C0600000004000000000CFFFFFFFF110D
310
046C6F6F700CFFFFFFFF04FFFFFFFF0CFFFFFFFF0CFFFFFFFF0C050000000C08000000110E05706C616E650D07737572666163650CFFFFFFFF04FFFFFFFF0CFFFFFFFF13E2369EF8FFFF1140000000000000A03C00000000000000001400000000000000800000000000000000000000000000F03F14000000000000F03F00
310
0000000000000000000000000000000B0B0B0B0B110D04666163650CFFFFFFFF04FFFFFFFF0CFFFFFFFF0CFFFFFFFF0C060000000C090000000CFFFFFFFF0C070000000B0A0B110D057368656C6C0CFFFFFFFF04FFFFFFFF0CFFFFFFFF0CFFFFFFFF0CFFFFFFFF0C080000000CFFFFFFFF0C0A000000110D046C756D700CFF
310
FFFFFF04FFFFFFFF0CFFFFFFFF0CFFFFFFFF0C090000000C00000000110E03456E640E026F660E0341534D0D0464617461
  0
ACDSRECORD
 90
        1
  2
AcDbDs::ID
280
    10
320
340
  2
ASM_Data
280
    15
 94
      811
310
414349532042696E61727946696C652855000000000000010000000C00000007214F70656E2044657369676E20416C6C69616E63652041434953204275696C646572070E41434953203231382E3030204E540718467269204175672030322030333A31313A3430203230323406000000000000F03F0648AFBC9AF2D77A3E06
310
BBBDD7D9DF7CDB3D0D04626F64790CFFFFFFFF04FFFFFFFF0CFFFFFFFF0C0A0000000CFFFFFFFF0CFFFFFFFF110D05706F696E740CFFFFFFFF04FFFFFFFF0CFFFFFFFF137B1F1EF43233164000000000000000000000000000000000110D067665727465780CFFFFFFFF04FFFFFFFF0CFFFFFFFF0C0400000004020000000C
310
01000000110E07656C6C697073650D0563757276650CFFFFFFFF04FFFFFFFF0CFFFFFFFF1371C7BC0A00001440000000000000000000000000000000001400000000000000000000000000000000000000000000F03F144DC00A4B9799E13F0000000000000000000000000000008006000000000000F03F0B0B110D046564
310
67650CFFFFFFFF04FFFFFFFF0CFFFFFFFF0C020000000600000000000000000C0200000006182D4454FB2119400C050000000C030000000B0707756E6B6E6F776E110D06636F656467650CFFFFFFFF04FFFFFFFF0CFFFFFFFF0C050000000C050000000CFFFFFFFF0C040000000B0C0600000004000000000CFFFFFFFF110D
310
046C6F6F700CFFFFFFFF04FFFFFFFF0CFFFFFFFF0CFFFFFFFF0C050000000C08000000110E05706C616E650D07737572666163650CFFFFFFFF04FFFFFFFF0CFFFFFFFF136C1B0C9666E61240000000000000A03C00000000000000001400000000000000800000000000000000000000000000F03F14000000000000F03F00
310
0000000000000000000000000000000B0B0B0B0B110D04666163650CFFFFFFFF04FFFFFFFF0CFFFFFFFF0CFFFFFFFF0C060000000C090000000CFFFFFFFF0C070000000B0A0B110D057368656C6C0CFFFFFFFF04FFFFFFFF0CFFFFFFFF0CFFFFFFFF0CFFFFFFFF0C080000000CFFFFFFFF0C0A000000110D046C756D700CFF
310
FFFFFF04FFFFFFFF0CFFFFFFFF0CFFFFFFFF0C090000000C00000000110E03456E640E026F660E0341534D0D0464617461
  0
ACDSRECORD
 90
        1
  2
AcDbDs::ID
280
    10
320
393
  2
ASM_Data
280
    15
 94
      811
310
414349532042696E61727946696C652855000000000000010000000C00000007214F70656E2044657369676E20416C6C69616E63652041434953204275696C646572070E41434953203231382E3030204E540718467269204175672030322030333A31313A3430203230323406000000000000F03F0648AFBC9AF2D77A3E06
310
BBBDD7D9DF7CDB3D0D04626F64790CFFFFFFFF04FFFFFFFF0CFFFFFFFF0C0A0000000CFFFFFFFF0CFFFFFFFF110D05706F696E740CFFFFFFFF04FFFFFFFF0CFFFFFFFF13FC1A4982703D204000000000000000000000000000000000110D067665727465780CFFFFFFFF04FFFFFFFF0CFFFFFFFF0C0400000004020000000C
310
01000000110E07656C6C697073650D0563757276650CFFFFFFFF04FFFFFFFF0CFFFFFFFF137A14AE47E17A1E40000000000000000000000000000000001400000000000000000000000000000000000000000000F03F14D31742CEFBFFDF3F0000000000000000000000000000008006000000000000F03F0B0B110D046564
310
67650CFFFFFFFF04FFFFFFFF0CFFFFFFFF0C020000000600000000000000000C0200000006182D4454FB2119400C050000000C030000000B0707756E6B6E6F776E110D06636F656467650CFFFFFFFF04FFFFFFFF0CFFFFFFFF0C050000000C050000000CFFFFFFFF0C040000000B0C0600000004000000000CFFFFFFFF110D
310
046C6F6F700CFFFFFFFF04FFFFFFFF0CFFFFFFFF0CFFFFFFFF0C050000000C08000000110E05706C616E650D07737572666163650CFFFFFFFF04FFFFFFFF0CFFFFFFFF13BC033C69E17A1D40000000000000903C00000000000000001400000000000000800000000000000000000000000000F03F14000000000000F03F00
310
0000000000000000000000000000000B0B0B0B0B110D04666163650CFFFFFFFF04FFFFFFFF0CFFFFFFFF0CFFFFFFFF0C060000000C090000000CFFFFFFFF0C070000000B0A0B110D057368656C6C0CFFFFFFFF04FFFFFFFF0CFFFFFFFF0CFFFFFFFF0CFFFFFFFF0C080000000CFFFFFFFF0C0A000000110D046C756D700CFF
310
FFFFFF04FFFFFFFF0CFFFFFFFF0CFFFFFFFF0C090000000C00000000110E03456E640E026F660E0341534D0D0464617461
  0
ACDSRECORD
 90
        1
  2
AcDbDs::ID
280
    10
320
396
  2
ASM_Data
280
    15
 94
      811
310
414349532042696E61727946696C652855000000000000010000000C00000007214F70656E2044657369676E20416C6C69616E63652041434953204275696C646572070E41434953203231382E3030204E540718467269204175672030322030333A31313A3430203230323406000000000000F03F0648AFBC9AF2D77A3E06
310
BBBDD7D9DF7CDB3D0D04626F64790CFFFFFFFF04FFFFFFFF0CFFFFFFFF0C0A0000000CFFFFFFFF0CFFFFFFFF110D05706F696E740CFFFFFFFF04FFFFFFFF0CFFFFFFFF13CFD90242EB51164000000000000000000000000000000000110D067665727465780CFFFFFFFF04FFFFFFFF0CFFFFFFFF0C0400000004020000000C
310
01000000110E07656C6C697073650D0563757276650CFFFFFFFF04FFFFFFFF0CFFFFFFFF1352B81E85EB511440000000000000000000000000000000001400000000000000000000000000000000000000000000F03F14D31742CEFBFFDF3F0000000000000000000000000000008006000000000000F03F0B0B110D046564
310
67650CFFFFFFFF04FFFFFFFF0CFFFFFFFF0C020000000600000000000000000C0200000006182D4454FB2119400C050000000C030000000B0707756E6B6E6F776E110D06636F656467650CFFFFFFFF04FFFFFFFF0CFFFFFFFF0C050000000C050000000CFFFFFFFF0C040000000B0C0600000004000000000CFFFFFFFF110D
310
046C6F6F700CFFFFFFFF04FFFFFFFF0CFFFFFFFF0CFFFFFFFF0C050000000C08000000110E05706C616E650D07737572666163650CFFFFFFFF04FFFFFFFF0CFFFFFFFF1394A7ACA6EB511340000000000000903C00000000000000001400000000000000800000000000000000000000000000F03F14000000000000F03F00
310
0000000000000000000000000000000B0B0B0B0B110D04666163650CFFFFFFFF04FFFFFFFF0CFFFFFFFF0CFFFFFFFF0C060000000C090000000CFFFFFFFF0C070000000B0A0B110D057368656C6C0CFFFFFFFF04FFFFFFFF0CFFFFFFFF0CFFFFFFFF0CFFFFFFFF0C080000000CFFFFFFFF0C0A000000110D046C756D700CFF
310
FFFFFF04FFFFFFFF0CFFFFFFFF0CFFFFFFFF0C090000000C00000000110E03456E640E026F660E0341534D0D0464617461
  0
ACDSRECORD
 90
        1
  2
AcDbDs::ID
280
    10
320
399
  2
ASM_Data
280
    15
 94
      811
310
414349532042696E61727946696C652855000000000000010000000C00000007214F70656E2044657369676E20416C6C69616E63652041434953204275696C646572070E41434953203231382E3030204E540718467269204175672030322030333A31313A3430203230323406000000000000F03F0648AFBC9AF2D77A3E06
310
BBBDD7D9DF7CDB3D0D04626F64790CFFFFFFFF04FFFFFFFF0CFFFFFFFF0C0A0000000CFFFFFFFF0CFFFFFFFF110D05706F696E740CFFFFFFFF04FFFFFFFF0CFFFFFFFF134CFBE6FEEA51084000000000000000000000000000000000110D067665727465780CFFFFFFFF04FFFFFFFF0CFFFFFFFF0C0400000004020000000C
310
01000000110E07656C6C697073650D0563757276650CFFFFFFFF04FFFFFFFF0CFFFFFFFF1352B81E85EB510440000000000000000000000000000000001400000000000000000000000000000000000000000000F03F14D31742CEFBFFDF3F0000000000000000000000000000008006000000000000F03F0B0B110D046564
310
67650CFFFFFFFF04FFFFFFFF0CFFFFFFFF0C020000000600000000000000000C0200000006182D4454FB2119400C050000000C030000000B0707756E6B6E6F776E110D06636F656467650CFFFFFFFF04FFFFFFFF0CFFFFFFFF0C050000000C050000000CFFFFFFFF0C040000000B0C0600000004000000000CFFFFFFFF110D
310
046C6F6F700CFFFFFFFF04FFFFFFFF0CFFFFFFFF0CFFFFFFFF0C050000000C08000000110E05706C616E650D07737572666163650CFFFFFFFF04FFFFFFFF0CFFFFFFFF13D4963AC8EB510240000000000000903C00000000000000001400000000000000800000000000000000000000000000F03F14000000000000F03F00
310
0000000000000000000000000000000B0B0B0B0B110D04666163650CFFFFFFFF04FFFFFFFF0CFFFFFFFF0CFFFFFFFF0C060000000C090000000CFFFFFFFF0C070000000B0A0B110D057368656C6C0CFFFFFFFF04FFFFFFFF0CFFFFFFFF0CFFFFFFFF0CFFFFFFFF0C080000000CFFFFFFFF0C0A000000110D046C756D700CFF
310
FFFFFF04FFFFFFFF0CFFFFFFFF0CFFFFFFFF0C090000000C00000000110E03456E640E026F660E0341534D0D0464617461
  0
ACDSRECORD
 90
        1
  2
AcDbDs::ID
280
    10
320
39C
  2
ASM_Data
280
    15
 94
      811
310
414349532042696E61727946696C652855000000000000010000000C00000007214F70656E2044657369676E20416C6C69616E63652041434953204275696C646572070E41434953203231382E3030204E540718467269204175672030322030333A31313A3430203230323406000000000000F03F0648AFBC9AF2D77A3E06
310
BBBDD7D9DF7CDB3D0D04626F64790CFFFFFFFF04FFFFFFFF0CFFFFFFFF0C0A0000000CFFFFFFFF0CFFFFFFFF110D05706F696E740CFFFFFFFF04FFFFFFFF0CFFFFFFFF13D31742CEFBFFDF3F00000000000000000000000000000000110D067665727465780CFFFFFFFF04FFFFFFFF0CFFFFFFFF0C0400000004020000000C
310
01000000110E07656C6C697073650D0563757276650CFFFFFFFF04FFFFFFFF0CFFFFFFFF130000000000000000000000000000000000000000000000001400000000000000000000000000000000000000000000F03F14D31742CEFBFFDF3F0000000000000000000000000000008006000000000000F03F0B0B110D046564
310
67650CFFFFFFFF04FFFFFFFF0CFFFFFFFF0C020000000600000000000000000C0200000006182D4454FB2119400C050000000C030000000B0707756E6B6E6F776E110D06636F656467650CFFFFFFFF04FFFFFFFF0CFFFFFFFF0C050000000C050000000CFFFFFFFF0C040000000B0C0600000004000000000CFFFFFFFF110D
310
046C6F6F700CFFFFFFFF04FFFFFFFF0CFFFFFFFF0CFFFFFFFF0C050000000C08000000110E05706C616E650D07737572666163650CFFFFFFFF04FFFFFFFF0CFFFFFFFF13D51742CEFBFFCFBF000000000000903C00000000000000001400000000000000800000000000000000000000000000F03F14000000000000F03F00
310
0000000000000000000000000000000B0B0B0B0B110D04666163650CFFFFFFFF04FFFFFFFF0CFFFFFFFF0CFFFFFFFF0C060000000C090000000CFFFFFFFF0C070000000B0A0B110D057368656C6C0CFFFFFFFF04FFFFFFFF0CFFFFFFFF0CFFFFFFFF0CFFFFFFFF0C080000000CFFFFFFFF0C0A000000110D046C756D700CFF
310
FFFFFF04FFFFFFFF0CFFFFFFFF0CFFFFFFFF0C090000000C00000000110E03456E640E026F660E0341534D0D0464617461
  0
ACDSRECORD
 90
        1
  2
AcDbDs::ID
280
    10
320
3A3
  2
ASM_Data
280
    15
 94
      811
310
414349532042696E61727946696C652855000000000000010000000C00000007214F70656E2044657369676E20416C6C69616E63652041434953204275696C646572070E41434953203231382E3030204E540718467269204175672030322030333A31313A3430203230323406000000000000F03F0648AFBC9AF2D77A3E06
310
BBBDD7D9DF7CDB3D0D04626F64790CFFFFFFFF04FFFFFFFF0CFFFFFFFF0C0A0000000CFFFFFFFF0CFFFFFFFF110D05706F696E740CFFFFFFFF04FFFFFFFF0CFFFFFFFF13D31742CEFBFFDF3F00000000000000000000000000000000110D067665727465780CFFFFFFFF04FFFFFFFF0CFFFFFFFF0C0400000004020000000C
310
01000000110E07656C6C697073650D0563757276650CFFFFFFFF04FFFFFFFF0CFFFFFFFF130000000000000000000000000000000000000000000000001400000000000000000000000000000000000000000000F03F14D31742CEFBFFDF3F0000000000000000000000000000008006000000000000F03F0B0B110D046564
310
67650CFFFFFFFF04FFFFFFFF0CFFFFFFFF0C020000000600000000000000000C0200000006182D4454FB2119400C050000000C030000000B0707756E6B6E6F776E110D06636F656467650CFFFFFFFF04FFFFFFFF0CFFFFFFFF0C050000000C050000000CFFFFFFFF0C040000000B0C0600000004000000000CFFFFFFFF110D
310
046C6F6F700CFFFFFFFF04FFFFFFFF0CFFFFFFFF0CFFFFFFFF0C050000000C08000000110E05706C616E650D07737572666163650CFFFFFFFF04FFFFFFFF0CFFFFFFFF13D51742CEFBFFCFBF000000000000903C00000000000000001400000000000000800000000000000000000000000000F03F14000000000000F03F00
310
0000000000000000000000000000000B0B0B0B0B110D04666163650CFFFFFFFF04FFFFFFFF0CFFFFFFFF0CFFFFFFFF0C060000000C090000000CFFFFFFFF0C070000000B0A0B110D057368656C6C0CFFFFFFFF04FFFFFFFF0CFFFFFFFF0CFFFFFFFF0CFFFFFFFF0C080000000CFFFFFFFF0C0A000000110D046C756D700CFF
310
FFFFFF04FFFFFFFF0CFFFFFFFF0CFFFFFFFF0C090000000C00000000110E03456E640E026F660E0341534D0D0464617461
  0
ACDSRECORD
 90
        1
  2
AcDbDs::ID
280
    10
320
3A6
  2
ASM_Data
280
    15
 94
      811
310
414349532042696E61727946696C652855000000000000010000000C00000007214F70656E2044657369676E20416C6C69616E63652041434953204275696C646572070E41434953203231382E3030204E540718467269204175672030322030333A31313A3430203230323406000000000000F03F0648AFBC9AF2D77A3E06
310
BBBDD7D9DF7CDB3D0D04626F64790CFFFFFFFF04FFFFFFFF0CFFFFFFFF0C0A0000000CFFFFFFFF0CFFFFFFFF110D05706F696E740CFFFFFFFF04FFFFFFFF0CFFFFFFFF134CFBE6FEEA51084000000000000000000000000000000000110D067665727465780CFFFFFFFF04FFFFFFFF0CFFFFFFFF0C0400000004020000000C
310
01000000110E07656C6C697073650D0563757276650CFFFFFFFF04FFFFFFFF0CFFFFFFFF1352B81E85EB510440000000000000000000000000000000001400000000000000000000000000000000000000000000F03F14D31742CEFBFFDF3F0000000000000000000000000000008006000000000000F03F0B0B110D046564
310
67650CFFFFFFFF04FFFFFFFF0CFFFFFFFF0C020000000600000000000000000C0200000006182D4454FB2119400C050000000C030000000B0707756E6B6E6F776E110D06636F656467650CFFFFFFFF04FFFFFFFF0CFFFFFFFF0C050000000C050000000CFFFFFFFF0C040000000B0C0600000004000000000CFFFFFFFF110D
310
046C6F6F700CFFFFFFFF04FFFFFFFF0CFFFFFFFF0CFFFFFFFF0C050000000C08000000110E05706C616E650D07737572666163650CFFFFFFFF04FFFFFFFF0CFFFFFFFF13D4963AC8EB510240000000000000903C00000000000000001400000000000000800000000000000000000000000000F03F14000000000000F03F00
310
0000000000000000000000000000000B0B0B0B0B110D04666163650CFFFFFFFF04FFFFFFFF0CFFFFFFFF0CFFFFFFFF0C060000000C090000000CFFFFFFFF0C070000000B0A0B110D057368656C6C0CFFFFFFFF04FFFFFFFF0CFFFFFFFF0CFFFFFFFF0CFFFFFFFF0C080000000CFFFFFFFF0C0A000000110D046C756D700CFF
310
FFFFFF04FFFFFFFF0CFFFFFFFF0CFFFFFFFF0C090000000C00000000110E03456E640E026F660E0341534D0D0464617461
  0
ACDSRECORD
 90
        1
  2
AcDbDs::ID
280
    10
320
3A9
  2
ASM_Data
280
    15
 94
      811
310
414349532042696E61727946696C652855000000000000010000000C00000007214F70656E2044657369676E20416C6C69616E63652041434953204275696C646572070E41434953203231382E3030204E540718467269204175672030322030333A31313A3430203230323406000000000000F03F0648AFBC9AF2D77A3E06
310
BBBDD7D9DF7CDB3D0D04626F64790CFFFFFFFF04FFFFFFFF0CFFFFFFFF0C0A0000000CFFFFFFFF0CFFFFFFFF110D05706F696E740CFFFFFFFF04FFFFFFFF0CFFFFFFFF13CFD90242EB51164000000000000000000000000000000000110D067665727465780CFFFFFFFF04FFFFFFFF0CFFFFFFFF0C0400000004020000000C
310
01000000110E07656C6C697073650D0563757276650CFFFFFFFF04FFFFFFFF0CFFFFFFFF1352B81E85EB511440000000000000000000000000000000001400000000000000000000000000000000000000000000F03F14D31742CEFBFFDF3F0000000000000000000000000000008006000000000000F03F0B0B110D046564
310
67650CFFFFFFFF04FFFFFFFF0CFFFFFFFF0C020000000600000000000000000C0200000006182D4454FB2119400C050000000C030000000B0707756E6B6E6F776E110D06636F656467650CFFFFFFFF04FFFFFFFF0CFFFFFFFF0C050000000C050000000CFFFFFFFF0C040000000B0C0600000004000000000CFFFFFFFF110D
310
046C6F6F700CFFFFFFFF04FFFFFFFF0CFFFFFFFF0CFFFFFFFF0C050000000C08000000110E05706C616E650D07737572666163650CFFFFFFFF04FFFFFFFF0CFFFFFFFF1394A7ACA6EB511340000000000000903C00000000000000001400000000000000800000000000000000000000000000F03F14000000000000F03F00
310
0000000000000000000000000000000B0B0B0B0B110D04666163650CFFFFFFFF04FFFFFFFF0CFFFFFFFF0CFFFFFFFF0C060000000C090000000CFFFFFFFF0C070000000B0A0B110D057368656C6C0CFFFFFFFF04FFFFFFFF0CFFFFFFFF0CFFFFFFFF0CFFFFFFFF0C080000000CFFFFFFFF0C0A000000110D046C756D700CFF
310
FFFFFF04FFFFFFFF0CFFFFFFFF0CFFFFFFFF0C090000000C00000000110E03456E640E026F660E0341534D0D0464617461
  0
ACDSRECORD
 90
        1
  2
AcDbDs::ID
280
    10
320
3AC
  2
ASM_Data
280
    15
 94
      811
310
414349532042696E61727946696C652855000000000000010000000C00000007214F70656E2044657369676E20416C6C69616E63652041434953204275696C646572070E41434953203231382E3030204E540718467269204175672030322030333A31313A3430203230323406000000000000F03F0648AFBC9AF2D77A3E06
310
BBBDD7D9DF7CDB3D0D04626F64790CFFFFFFFF04FFFFFFFF0CFFFFFFFF0C0A0000000CFFFFFFFF0CFFFFFFFF110D05706F696E740CFFFFFFFF04FFFFFFFF0CFFFFFFFF13FC1A4982703D204000000000000000000000000000000000110D067665727465780CFFFFFFFF04FFFFFFFF0CFFFFFFFF0C0400000004020000000C
310
01000000110E07656C6C697073650D0563757276650CFFFFFFFF04FFFFFFFF0CFFFFFFFF137A14AE47E17A1E40000000000000000000000000000000001400000000000000000000000000000000000000000000F03F14D31742CEFBFFDF3F0000000000000000000000000000008006000000000000F03F0B0B110D046564
310
67650CFFFFFFFF04FFFFFFFF0CFFFFFFFF0C020000000600000000000000000C0200000006182D4454FB2119400C050000000C030000000B0707756E6B6E6F776E110D06636F656467650CFFFFFFFF04FFFFFFFF0CFFFFFFFF0C050000000C050000000CFFFFFFFF0C040000000B0C0600000004000000000CFFFFFFFF110D
310
046C6F6F700CFFFFFFFF04FFFFFFFF0CFFFFFFFF0CFFFFFFFF0C050000000C08000000110E05706C616E650D07737572666163650CFFFFFFFF04FFFFFFFF0CFFFFFFFF13BC033C69E17A1D40000000000000903C00000000000000001400000000000000800000000000000000000000000000F03F14000000000000F03F00
310
0000000000000000000000000000000B0B0B0B0B110D04666163650CFFFFFFFF04FFFFFFFF0CFFFFFFFF0CFFFFFFFF0C060000000C090000000CFFFFFFFF0C070000000B0A0B110D057368656C6C0CFFFFFFFF04FFFFFFFF0CFFFFFFFF0CFFFFFFFF0CFFFFFFFF0C080000000CFFFFFFFF0C0A000000110D046C756D700CFF
310
FFFFFF04FFFFFFFF0CFFFFFFFF0CFFFFFFFF0C090000000C00000000110E03456E640E026F660E0341534D0D0464617461
  0
ACDSRECORD
 90
        1
  2
AcDbDs::ID
280
    10
320
3B3
  2
ASM_Data
280
    15
 94
      811
310
414349532042696E61727946696C652855000000000000010000000C00000007214F70656E2044657369676E20416C6C69616E63652041434953204275696C646572070E41434953203231382E3030204E540718467269204175672030322030333A31313A3430203230323406000000000000F03F0648AFBC9AF2D77A3E06
310
BBBDD7D9DF7CDB3D0D04626F64790CFFFFFFFF04FFFFFFFF0CFFFFFFFF0C0A0000000CFFFFFFFF0CFFFFFFFF110D05706F696E740CFFFFFFFF04FFFFFFFF0CFFFFFFFF13F031797F93180A4071C7BC0A000004400000000000000000110D067665727465780CFFFFFFFF04FFFFFFFF0CFFFFFFFF0C0400000004020000000C
310
01000000110E07656C6C697073650D0563757276650CFFFFFFFF04FFFFFFFF0CFFFFFFFF1371C7BC0A0000044071C7BC0A0000044000000000000000001400000000000000000000000000000000000000000000F03F14FBA9F1D24D62E83F0000000000000000000000000000008006000000000000F03F0B0B110D046564
310
67650CFFFFFFFF04FFFFFFFF0CFFFFFFFF0C020000000600000000000000000C0200000006182D4454FB2119400C050000000C030000000B0707756E6B6E6F776E110D06636F656467650CFFFFFFFF04FFFFFFFF0CFFFFFFFF0C050000000C050000000CFFFFFFFF0C040000000B0C0600000004000000000CFFFFFFFF110D
310
046C6F6F700CFFFFFFFF04FFFFFFFF0CFFFFFFFF0CFFFFFFFF0C050000000C08000000110E05706C616E650D07737572666163650CFFFFFFFF04FFFFFFFF0CFFFFFFFF1332925E50B6F3004072C7BC0A0000044000000000000000001400000000000000800000000000000000000000000000F03F14000000000000F03F00
310
0000000000000000000000000000000B0B0B0B0B110D04666163650CFFFFFFFF04FFFFFFFF0CFFFFFFFF0CFFFFFFFF0C060000000C090000000CFFFFFFFF0C070000000B0A0B110D057368656C6C0CFFFFFFFF04FFFFFFFF0CFFFFFFFF0CFFFFFFFF0CFFFFFFFF0C080000000CFFFFFFFF0C0A000000110D046C756D700CFF
310
FFFFFF04FFFFFFFF0CFFFFFFFF0CFFFFFFFF0C090000000C00000000110E03456E640E026F660E0341534D0D0464617461
  0
ACDSRECORD
 90
        1
  2
AcDbDs::ID
280
    10
320
3B6
  2
ASM_Data
280
    15
 94
      811
310
414349532042696E61727946696C652855000000000000010000000C00000007214F70656E2044657369676E20416C6C69616E63652041434953204275696C646572070E41434953203231382E3030204E540718467269204175672030322030333A31313A3430203230323406000000000000F03F0648AFBC9AF2D77A3E06
310
BBBDD7D9DF7CDB3D0D04626F64790CFFFFFFFF04FFFFFFFF0CFFFFFFFF0C0A0000000CFFFFFFFF0CFFFFFFFF110D05706F696E740CFFFFFFFF04FFFFFFFF0CFFFFFFFF136B0A8584FFFF074071C7BC0A000004400000000000000000110D067665727465780CFFFFFFFF04FFFFFFFF0CFFFFFFFF0C0400000004020000000C
310
01000000110E07656C6C697073650D0563757276650CFFFFFFFF04FFFFFFFF0CFFFFFFFF1371C7BC0A0000044071C7BC0A0000044000000000000000001400000000000000000000000000000000000000000000F03F14D31742CEFBFFDF3F0000000000000000000000000000008006000000000000F03F0B0B110D046564
310
67650CFFFFFFFF04FFFFFFFF0CFFFFFFFF0C020000000600000000000000000C0200000006182D4454FB2119400C050000000C030000000B0707756E6B6E6F776E110D06636F656467650CFFFFFFFF04FFFFFFFF0CFFFFFFFF0C050000000C050000000CFFFFFFFF0C040000000B0C0600000004000000000CFFFFFFFF110D
310
046C6F6F700CFFFFFFFF04FFFFFFFF0CFFFFFFFF0CFFFFFFFF0C050000000C08000000110E05706C616E650D07737572666163650CFFFFFFFF04FFFFFFFF0CFFFFFFFF13F4A5D84D0000024072C7BC0A0000044000000000000000001400000000000000800000000000000000000000000000F03F14000000000000F03F00
310
0000000000000000000000000000000B0B0B0B0B110D04666163650CFFFFFFFF04FFFFFFFF0CFFFFFFFF0CFFFFFFFF0C060000000C090000000CFFFFFFFF0C070000000B0A0B110D057368656C6C0CFFFFFFFF04FFFFFFFF0CFFFFFFFF0CFFFFFFFF0CFFFFFFFF0C080000000CFFFFFFFF0C0A000000110D046C756D700CFF
310
FFFFFF04FFFFFFFF0CFFFFFFFF0CFFFFFFFF0C090000000C00000000110E03456E640E026F660E0341534D0D0464617461
  0
ACDSRECORD
 90
        1
  2
AcDbDs::ID
280
    10
320
3BC
  2
ASM_Data
280
    15
 94
     1750
310
414349532042696E61727946696C652855000000000000010000000C00000007214F70656E2044657369676E20416C6C69616E63652041434953204275696C646572070E41434953203231382E3030204E540718467269204175672030322030333A31313A3430203230323406000000000000F03F0648AFBC9AF2D77A3E06
310
BBBDD7D9DF7CDB3D0D04626F64790CFFFFFFFF04FFFFFFFF0CFFFFFFFF0C190000000CFFFFFFFF0CFFFFFFFF110D05706F696E740CFFFFFFFF04FFFFFFFF0CFFFFFFFF13D1D7875000001740F5C520A80100FC3F0000000000000000110D067665727465780CFFFFFFFF04FFFFFFFF0CFFFFFFFF0C1300000004020000000C
310
01000000110D05706F696E740CFFFFFFFF04FFFFFFFF0CFFFFFFFF13C51DF32A00802040F4C520A80100FC3F0000000000000000110D067665727465780CFFFFFFFF04FFFFFFFF0CFFFFFFFF0C0D00000004020000000C03000000110D05706F696E740CFFFFFFFF04FFFFFFFF0CFFFFFFFF13C51DF32A00802040F4A5D84D
310
000002400000000000000000110D067665727465780CFFFFFFFF04FFFFFFFF0CFFFFFFFF0C1000000004020000000C05000000110D05706F696E740CFFFFFFFF04FFFFFFFF0CFFFFFFFF13D1D7875000001740F4A5D84D000002400000000000000000110D067665727465780CFFFFFFFF04FFFFFFFF0CFFFFFFFF0C130000
310
0004020000000C07000000110E07656C6C697073650D0563757276650CFFFFFFFF04FFFFFFFF0CFFFFFFFF13AD09375300001C40F4C520A80100FC3F00000000000000001400000000000000000000000000000000000000000000F03F1471C7BC0A0000F4BF010000000000B03C000000000000000006000000000000F03F
310
0B0B110D04656467650CFFFFFFFF04FFFFFFFF0CFFFFFFFF0C020000000600000000000000000C0400000006182D4454FB2109400C0B0000000C090000000B0707756E6B6E6F776E110D06636F656467650CFFFFFFFF04FFFFFFFF0CFFFFFFFF0C0E0000000C140000000CFFFFFFFF0C0A0000000B0C150000000400000000
310
0CFFFFFFFF110E0873747261696768740D0563757276650CFFFFFFFF04FFFFFFFF0CFFFFFFFF13C51DF32A00802040F4C520A80100FC3F0000000000000000140000000000000000000000000000F03F00000000000000000B0B110D04656467650CFFFFFFFF04FFFFFFFF0CFFFFFFFF0C040000000600000000000000000C
310
0600000006D01742CEFBFFDF3F0C0E0000000C0C0000000B0707756E6B6E6F776E110D06636F656467650CFFFFFFFF04FFFFFFFF0CFFFFFFFF0C110000000C0B0000000CFFFFFFFF0C0D0000000B0C1500000004000000000CFFFFFFFF110E07656C6C697073650D0563757276650CFFFFFFFF04FFFFFFFF0CFFFFFFFF13AD
310
09375300001C40F4A5D84D0000024000000000000000001400000000000000000000000000000000000000000000F03F1471C7BC0A0000F43F0000000000000000000000000000000006000000000000F03F0B0B110D04656467650CFFFFFFFF04FFFFFFFF0CFFFFFFFF0C060000000600000000000000000C080000000618
310
2D4454FB2109400C110000000C0F0000000B0707756E6B6E6F776E110D06636F656467650CFFFFFFFF04FFFFFFFF0CFFFFFFFF0C140000000C0E0000000CFFFFFFFF0C100000000B0C1500000004000000000CFFFFFFFF110E0873747261696768740D0563757276650CFFFFFFFF04FFFFFFFF0CFFFFFFFF13D1D787500000
310
1740F4A5D84D000002400000000000000000140000000000000000000000000000F0BF00000000000000000B0B110D04656467650CFFFFFFFF04FFFFFFFF0CFFFFFFFF0C080000000600000000000000000C0200000006CC1742CEFBFFDF3F0C140000000C120000000B0707756E6B6E6F776E110D06636F656467650CFFFF
310
FFFF04FFFFFFFF0CFFFFFFFF0C0B0000000C110000000CFFFFFFFF0C130000000B0C1500000004000000000CFFFFFFFF110D046C6F6F700CFFFFFFFF04FFFFFFFF0CFFFFFFFF0CFFFFFFFF0C0B0000000C17000000110E05706C616E650D07737572666163650CFFFFFFFF04FFFFFFFF0CFFFFFFFF139BA28E5400801E4077
310
84F4900000004000000000000000001400000000000000000000000000000080000000000000F03F14000000000000F03F000000000000000000000000000000800B0B0B0B0B110D04666163650CFFFFFFFF04FFFFFFFF0CFFFFFFFF0CFFFFFFFF0C150000000C180000000CFFFFFFFF0C160000000B0A0B110D057368656C
310
6C0CFFFFFFFF04FFFFFFFF0CFFFFFFFF0CFFFFFFFF0CFFFFFFFF0C170000000CFFFFFFFF0C19000000110D046C756D700CFFFFFFFF04FFFFFFFF0CFFFFFFFF0CFFFFFFFF0C180000000C00000000110E03456E640E026F660E0341534D0D0464617461
  0
ACDSRECORD
 90
        1
  2
AcDbDs::ID
280
    10
320
3C2
  2
ASM_Data
280
    15
 94
     1750
310
414349532042696E61727946696C652855000000000000010000000C00000007214F70656E2044657369676E20416C6C69616E63652041434953204275696C646572070E41434953203231382E3030204E540718467269204175672030322030333A31313A3430203230323406000000000000F03F0648AFBC9AF2D77A3E06
310
BBBDD7D9DF7CDB3D0D04626F64790CFFFFFFFF04FFFFFFFF0CFFFFFFFF0C190000000CFFFFFFFF0CFFFFFFFF110D05706F696E740CFFFFFFFF04FFFFFFFF0CFFFFFFFF13CC33693267661840664D4DFEFEFFFB3F0000000000000000110D067665727465780CFFFFFFFF04FFFFFFFF0CFFFFFFFF0C1300000004020000000C
310
01000000110D05706F696E740CFFFFFFFF04FFFFFFFF0CFFFFFFFF138EDF047499991F40664D4DFEFEFFFB3F0000000000000000110D067665727465780CFFFFFFFF04FFFFFFFF0CFFFFFFFF0C0D00000004020000000C03000000110D05706F696E740CFFFFFFFF04FFFFFFFF0CFFFFFFFF138EDF047499991F403B62C2A2
310
010002400000000000000000110D067665727465780CFFFFFFFF04FFFFFFFF0CFFFFFFFF0C1000000004020000000C05000000110D05706F696E740CFFFFFFFF04FFFFFFFF0CFFFFFFFF13CC336932676618403B62C2A2010002400000000000000000110D067665727465780CFFFFFFFF04FFFFFFFF0CFFFFFFFF0C130000
310
0004020000000C07000000110E07656C6C697073650D0563757276650CFFFFFFFF04FFFFFFFF0CFFFFFFFF13AD09375300001C40664D4DFEFEFFFB3F00000000000000001400000000000000000000000000000000000000000000F03F140AAF6E06C9CCECBF0000000000000000000000000000000006000000000000F03F
310
0B0B110D04656467650CFFFFFFFF04FFFFFFFF0CFFFFFFFF0C020000000600000000000000000C0400000006182D4454FB2109400C0B0000000C090000000B0707756E6B6E6F776E110D06636F656467650CFFFFFFFF04FFFFFFFF0CFFFFFFFF0C0E0000000C140000000CFFFFFFFF0C0A0000000B0C150000000400000000
310
0CFFFFFFFF110E0873747261696768740D0563757276650CFFFFFFFF04FFFFFFFF0CFFFFFFFF138EDF047499991F40664D4DFEFEFFFB3F0000000000000000140000000000000000000000000000F03F00000000000000000B0B110D04656467650CFFFFFFFF04FFFFFFFF0CFFFFFFFF0C040000000600000000000000000C
310
060000000620EE6E8E0800E03F0C0E0000000C0C0000000B0707756E6B6E6F776E110D06636F656467650CFFFFFFFF04FFFFFFFF0CFFFFFFFF0C110000000C0B0000000CFFFFFFFF0C0D0000000B0C1500000004000000000CFFFFFFFF110E07656C6C697073650D0563757276650CFFFFFFFF04FFFFFFFF0CFFFFFFFF13AD
310
09375300001C403B62C2A20100024000000000000000001400000000000000000000000000000000000000000000F03F140AAF6E06C9CCEC3F0000000000000000000000000000000006000000000000F03F0B0B110D04656467650CFFFFFFFF04FFFFFFFF0CFFFFFFFF0C060000000600000000000000000C080000000618
310
2D4454FB2109400C110000000C0F0000000B0707756E6B6E6F776E110D06636F656467650CFFFFFFFF04FFFFFFFF0CFFFFFFFF0C140000000C0E0000000CFFFFFFFF0C100000000B0C1500000004000000000CFFFFFFFF110E0873747261696768740D0563757276650CFFFFFFFF04FFFFFFFF0CFFFFFFFF13CC3369326766
310
18403B62C2A2010002400000000000000000140000000000000000000000000000F0BF00000000000000000B0B110D04656467650CFFFFFFFF04FFFFFFFF0CFFFFFFFF0C080000000600000000000000000C020000000620EE6E8E0800E03F0C140000000C120000000B0707756E6B6E6F776E110D06636F656467650CFFFF
310
FFFF04FFFFFFFF0CFFFFFFFF0C0B0000000C110000000CFFFFFFFF0C130000000B0C1500000004000000000CFFFFFFFF110D046C6F6F700CFFFFFFFF04FFFFFFFF0CFFFFFFFF0CFFFFFFFF0C0B0000000C17000000110E05706C616E650D07737572666163650CFFFFFFFF04FFFFFFFF0CFFFFFFFF13AD09375300001C4078
310
84F4900000004000000000000000001400000000000000000000000000000000000000000000F03F14000000000000F03F000000000000000000000000000000800B0B0B0B0B110D04666163650CFFFFFFFF04FFFFFFFF0CFFFFFFFF0CFFFFFFFF0C150000000C180000000CFFFFFFFF0C160000000B0A0B110D057368656C
310
6C0CFFFFFFFF04FFFFFFFF0CFFFFFFFF0CFFFFFFFF0CFFFFFFFF0C170000000CFFFFFFFF0C19000000110D046C756D700CFFFFFFFF04FFFFFFFF0CFFFFFFFF0CFFFFFFFF0C180000000C00000000110E03456E640E026F660E0341534D0D0464617461
  0
ACDSRECORD
 90
        1
  2
AcDbDs::ID
280
    10
320
3C8
  2
ASM_Data
280
    15
 94
     1750
310
414349532042696E61727946696C652855000000000000010000000C00000007214F70656E2044657369676E20416C6C69616E63652041434953204275696C646572070E41434953203231382E3030204E540718467269204175672030322030333A31313A3430203230323406000000000000F03F0648AFBC9AF2D77A3E06
310
BBBDD7D9DF7CDB3D0D04626F64790CFFFFFFFF04FFFFFFFF0CFFFFFFFF0C190000000CFFFFFFFF0CFFFFFFFF110D05706F696E740CFFFFFFFF04FFFFFFFF0CFFFFFFFF132EE8529600000AC0F5C520A80100FC3F0000000000000000110D067665727465780CFFFFFFFF04FFFFFFFF0CFFFFFFFF0C1300000004020000000C
310
01000000110D05706F696E740CFFFFFFFF04FFFFFFFF0CFFFFFFFF13F682582E0200E8BFF4C520A80100FC3F0000000000000000110D067665727465780CFFFFFFFF04FFFFFFFF0CFFFFFFFF0C0D00000004020000000C03000000110D05706F696E740CFFFFFFFF04FFFFFFFF0CFFFFFFFF13F682582E0200E8BFF4A5D84D
310
000002400000000000000000110D067665727465780CFFFFFFFF04FFFFFFFF0CFFFFFFFF0C1000000004020000000C05000000110D05706F696E740CFFFFFFFF04FFFFFFFF0CFFFFFFFF132EE8529600000AC0F4A5D84D000002400000000000000000110D067665727465780CFFFFFFFF04FFFFFFFF0CFFFFFFFF0C130000
310
0004020000000C07000000110E07656C6C697073650D0563757276650CFFFFFFFF04FFFFFFFF0CFFFFFFFF137684F490000000C0F4C520A80100FC3F00000000000000001400000000000000000000000000000000000000000000F03F1471C7BC0A0000F4BF010000000000B03C000000000000000006000000000000F03F
310
0B0B110D04656467650CFFFFFFFF04FFFFFFFF0CFFFFFFFF0C020000000600000000000000000C0400000006182D4454FB2109400C0B0000000C090000000B0707756E6B6E6F776E110D06636F656467650CFFFFFFFF04FFFFFFFF0CFFFFFFFF0C0E0000000C140000000CFFFFFFFF0C0A0000000B0C150000000400000000
310
0CFFFFFFFF110E0873747261696768740D0563757276650CFFFFFFFF04FFFFFFFF0CFFFFFFFF13F682582E0200E8BFF4C520A80100FC3F0000000000000000140000000000000000000000000000F03F00000000000000000B0B110D04656467650CFFFFFFFF04FFFFFFFF0CFFFFFFFF0C040000000600000000000000000C
310
0600000006D01742CEFBFFDF3F0C0E0000000C0C0000000B0707756E6B6E6F776E110D06636F656467650CFFFFFFFF04FFFFFFFF0CFFFFFFFF0C110000000C0B0000000CFFFFFFFF0C0D0000000B0C1500000004000000000CFFFFFFFF110E07656C6C697073650D0563757276650CFFFFFFFF04FFFFFFFF0CFFFFFFFF1376
310
84F490000000C0F4A5D84D0000024000000000000000001400000000000000000000000000000000000000000000F03F1471C7BC0A0000F43F0000000000000000000000000000000006000000000000F03F0B0B110D04656467650CFFFFFFFF04FFFFFFFF0CFFFFFFFF0C060000000600000000000000000C080000000618
310
2D4454FB2109400C110000000C0F0000000B0707756E6B6E6F776E110D06636F656467650CFFFFFFFF04FFFFFFFF0CFFFFFFFF0C140000000C0E0000000CFFFFFFFF0C100000000B0C1500000004000000000CFFFFFFFF110E0873747261696768740D0563757276650CFFFFFFFF04FFFFFFFF0CFFFFFFFF132EE852960000
310
0AC0F4A5D84D000002400000000000000000140000000000000000000000000000F0BF00000000000000000B0B110D04656467650CFFFFFFFF04FFFFFFFF0CFFFFFFFF0C080000000600000000000000000C0200000006CC1742CEFBFFDF3F0C140000000C120000000B0707756E6B6E6F776E110D06636F656467650CFFFF
310
FFFF04FFFFFFFF0CFFFFFFFF0C0B0000000C110000000CFFFFFFFF0C130000000B0C1500000004000000000CFFFFFFFF110D046C6F6F700CFFFFFFFF04FFFFFFFF0CFFFFFFFF0CFFFFFFFF0C0B0000000C17000000110E05706C616E650D07737572666163650CFFFFFFFF04FFFFFFFF0CFFFFFFFF1334A58A1C0100F6BF77
310
84F4900000004000000000000000001400000000000000000000000000000080000000000000F03F14000000000000F03F000000000000000000000000000000800B0B0B0B0B110D04666163650CFFFFFFFF04FFFFFFFF0CFFFFFFFF0CFFFFFFFF0C150000000C180000000CFFFFFFFF0C160000000B0A0B110D057368656C
310
6C0CFFFFFFFF04FFFFFFFF0CFFFFFFFF0CFFFFFFFF0CFFFFFFFF0C170000000CFFFFFFFF0C19000000110D046C756D700CFFFFFFFF04FFFFFFFF0CFFFFFFFF0CFFFFFFFF0C180000000C00000000110E03456E640E026F660E0341534D0D0464617461
  0
ACDSRECORD
 90
        1
  2
AcDbDs::ID
280
    10
320
3CE
  2
ASM_Data
280
    15
 94
     1750
310
414349532042696E61727946696C652855000000000000010000000C00000007214F70656E2044657369676E20416C6C69616E63652041434953204275696C646572070E41434953203231382E3030204E540718467269204175672030322030333A31313A3430203230323406000000000000F03F0648AFBC9AF2D77A3E06
310
BBBDD7D9DF7CDB3D0D04626F64790CFFFFFFFF04FFFFFFFF0CFFFFFFFF0C190000000CFFFFFFFF0CFFFFFFFF110D05706F696E740CFFFFFFFF04FFFFFFFF0CFFFFFFFF13383090D2323307C0664D4DFEFEFFFB3F0000000000000000110D067665727465780CFFFFFFFF04FFFFFFFF0CFFFFFFFF0C1300000004020000000C
310
01000000110D05706F696E740CFFFFFFFF04FFFFFFFF0CFFFFFFFF1367B1B19E9C99F1BF664D4DFEFEFFFB3F0000000000000000110D067665727465780CFFFFFFFF04FFFFFFFF0CFFFFFFFF0C0D00000004020000000C03000000110D05706F696E740CFFFFFFFF04FFFFFFFF0CFFFFFFFF1367B1B19E9C99F1BF3B62C2A2
310
010002400000000000000000110D067665727465780CFFFFFFFF04FFFFFFFF0CFFFFFFFF0C1000000004020000000C05000000110D05706F696E740CFFFFFFFF04FFFFFFFF0CFFFFFFFF13383090D2323307C03B62C2A2010002400000000000000000110D067665727465780CFFFFFFFF04FFFFFFFF0CFFFFFFFF0C130000
310
0004020000000C07000000110E07656C6C697073650D0563757276650CFFFFFFFF04FFFFFFFF0CFFFFFFFF137684F490000000C0664D4DFEFEFFFB3F00000000000000001400000000000000000000000000000000000000000000F03F140AAF6E06C9CCECBF0000000000000000000000000000000006000000000000F03F
310
0B0B110D04656467650CFFFFFFFF04FFFFFFFF0CFFFFFFFF0C020000000600000000000000000C0400000006182D4454FB2109400C0B0000000C090000000B0707756E6B6E6F776E110D06636F656467650CFFFFFFFF04FFFFFFFF0CFFFFFFFF0C0E0000000C140000000CFFFFFFFF0C0A0000000B0C150000000400000000
310
0CFFFFFFFF110E0873747261696768740D0563757276650CFFFFFFFF04FFFFFFFF0CFFFFFFFF1367B1B19E9C99F1BF664D4DFEFEFFFB3F0000000000000000140000000000000000000000000000F03F00000000000000000B0B110D04656467650CFFFFFFFF04FFFFFFFF0CFFFFFFFF0C040000000600000000000000000C
310
060000000620EE6E8E0800E03F0C0E0000000C0C0000000B0707756E6B6E6F776E110D06636F656467650CFFFFFFFF04FFFFFFFF0CFFFFFFFF0C110000000C0B0000000CFFFFFFFF0C0D0000000B0C1500000004000000000CFFFFFFFF110E07656C6C697073650D0563757276650CFFFFFFFF04FFFFFFFF0CFFFFFFFF1376
310
84F490000000C03B62C2A20100024000000000000000001400000000000000000000000000000000000000000000F03F140AAF6E06C9CCEC3F0000000000000000000000000000000006000000000000F03F0B0B110D04656467650CFFFFFFFF04FFFFFFFF0CFFFFFFFF0C060000000600000000000000000C080000000618
310
2D4454FB2109400C110000000C0F0000000B0707756E6B6E6F776E110D06636F656467650CFFFFFFFF04FFFFFFFF0CFFFFFFFF0C140000000C0E0000000CFFFFFFFF0C100000000B0C1500000004000000000CFFFFFFFF110E0873747261696768740D0563757276650CFFFFFFFF04FFFFFFFF0CFFFFFFFF13383090D23233
310
07C03B62C2A2010002400000000000000000140000000000000000000000000000F0BF00000000000000000B0B110D04656467650CFFFFFFFF04FFFFFFFF0CFFFFFFFF0C080000000600000000000000000C020000000620EE6E8E0800E03F0C140000000C120000000B0707756E6B6E6F776E110D06636F656467650CFFFF
310
FFFF04FFFFFFFF0CFFFFFFFF0C0B0000000C110000000CFFFFFFFF0C130000000B0C1500000004000000000CFFFFFFFF110D046C6F6F700CFFFFFFFF04FFFFFFFF0CFFFFFFFF0CFFFFFFFF0C0B0000000C17000000110E05706C616E650D07737572666163650CFFFFFFFF04FFFFFFFF0CFFFFFFFF137684F490000000C078
310
84F4900000004000000000000000001400000000000000000000000000000000000000000000F03F14000000000000F03F000000000000000000000000000000800B0B0B0B0B110D04666163650CFFFFFFFF04FFFFFFFF0CFFFFFFFF0CFFFFFFFF0C150000000C180000000CFFFFFFFF0C160000000B0A0B110D057368656C
310
6C0CFFFFFFFF04FFFFFFFF0CFFFFFFFF0CFFFFFFFF0CFFFFFFFF0C170000000CFFFFFFFF0C19000000110D046C756D700CFFFFFFFF04FFFFFFFF0CFFFFFFFF0CFFFFFFFF0C180000000C00000000110E03456E640E026F660E0341534D0D0464617461
  0
ACDSRECORD
 90
        1
  2
AcDbDs::ID
280
    10
320
3D1
  2
ASM_Data
280
    15
 94
      811
310
414349532042696E61727946696C652855000000000000010000000C00000007214F70656E2044657369676E20416C6C69616E63652041434953204275696C646572070E41434953203231382E3030204E540718467269204175672030322030333A31313A3430203230323406000000000000F03F0648AFBC9AF2D77A3E06
310
BBBDD7D9DF7CDB3D0D04626F64790CFFFFFFFF04FFFFFFFF0CFFFFFFFF0C0A0000000CFFFFFFFF0CFFFFFFFF110D05706F696E740CFFFFFFFF04FFFFFFFF0CFFFFFFFF13B0FC1AC5490C174000000000000000000000000000000000110D067665727465780CFFFFFFFF04FFFFFFFF0CFFFFFFFF0C0400000004020000000C
310
01000000110E07656C6C697073650D0563757276650CFFFFFFFF04FFFFFFFF0CFFFFFFFF1371C7BC0A00001440000000000000000000000000000000001400000000000000000000000000000000000000000000F03F14FBA9F1D24D62E83F0000000000000000000000000000008006000000000000F03F0B0B110D046564
310
67650CFFFFFFFF04FFFFFFFF0CFFFFFFFF0C020000000600000000000000000C0200000006182D4454FB2119400C050000000C030000000B0707756E6B6E6F776E110D06636F656467650CFFFFFFFF04FFFFFFFF0CFFFFFFFF0C050000000C050000000CFFFFFFFF0C040000000B0C0600000004000000000CFFFFFFFF110D
310
046C6F6F700CFFFFFFFF04FFFFFFFF0CFFFFFFFF0CFFFFFFFF0C050000000C08000000110E05706C616E650D07737572666163650CFFFFFFFF04FFFFFFFF0CFFFFFFFF13D2AC8D2DDB791240000000000000A03C00000000000000001400000000000000800000000000000000000000000000F03F14000000000000F03F00
310
0000000000000000000000000000000B0B0B0B0B110D04666163650CFFFFFFFF04FFFFFFFF0CFFFFFFFF0CFFFFFFFF0C060000000C090000000CFFFFFFFF0C070000000B0A0B110D057368656C6C0CFFFFFFFF04FFFFFFFF0CFFFFFFFF0CFFFFFFFF0CFFFFFFFF0C080000000CFFFFFFFF0C0A000000110D046C756D700CFF
310
FFFFFF04FFFFFFFF0CFFFFFFFF0CFFFFFFFF0C090000000C00000000110E03456E640E026F660E0341534D0D0464617461
  0
ACDSRECORD
 90
        1
  2
AcDbDs::ID
280
    10
320
3D4
  2
ASM_Data
280
    15
 94
      811
310
414349532042696E61727946696C652855000000000000010000000C00000007214F70656E2044657369676E20416C6C69616E63652041434953204275696C646572070E41434953203231382E3030204E540718467269204175672030322030333A31313A3430203230323406000000000000F03F0648AFBC9AF2D77A3E06
310
BBBDD7D9DF7CDB3D0D04626F64790CFFFFFFFF04FFFFFFFF0CFFFFFFFF0C0A0000000CFFFFFFFF0CFFFFFFFF110D05706F696E740CFFFFFFFF04FFFFFFFF0CFFFFFFFF13EEE8A0C7FFFF154000000000000000000000000000000000110D067665727465780CFFFFFFFF04FFFFFFFF0CFFFFFFFF0C0400000004020000000C
310
01000000110E07656C6C697073650D0563757276650CFFFFFFFF04FFFFFFFF0CFFFFFFFF1371C7BC0A00001440000000000000000000000000000000001400000000000000000000000000000000000000000000F03F14D31742CEFBFFDF3F0000000000000000000000000000008006000000000000F03F0B0B110D046564
310
67650CFFFFFFFF04FFFFFFFF0CFFFFFFFF0C020000000600000000000000000C0200000006182D4454FB2119400C050000000C030000000B0707756E6B6E6F776E110D06636F656467650CFFFFFFFF04FFFFFFFF0CFFFFFFFF0C050000000C050000000CFFFFFFFF0C040000000B0C0600000004000000000CFFFFFFFF110D
310
046C6F6F700CFFFFFFFF04FFFFFFFF0CFFFFFFFF0CFFFFFFFF0C050000000C08000000110E05706C616E650D07737572666163650CFFFFFFFF04FFFFFFFF0CFFFFFFFF13B2B64A2C00001340000000000000903C00000000000000001400000000000000800000000000000000000000000000F03F14000000000000F03F00
310
0000000000000000000000000000000B0B0B0B0B110D04666163650CFFFFFFFF04FFFFFFFF0CFFFFFFFF0CFFFFFFFF0C060000000C090000000CFFFFFFFF0C070000000B0A0B110D057368656C6C0CFFFFFFFF04FFFFFFFF0CFFFFFFFF0CFFFFFFFF0CFFFFFFFF0C080000000CFFFFFFFF0C0A000000110D046C756D700CFF
310
FFFFFF04FFFFFFFF0CFFFFFFFF0CFFFFFFFF0C090000000C00000000110E03456E640E026F660E0341534D0D0464617461
  0
ACDSRECORD
 90
        1
  2
AcDbDs::ID
280
    10
320
3D7
  2
ASM_Data
280
    15
 94
      811
310
414349532042696E61727946696C652855000000000000010000000C00000007214F70656E2044657369676E20416C6C69616E63652041434953204275696C646572070E41434953203231382E3030204E540718467269204175672030322030333A31313A3430203230323406000000000000F03F0648AFBC9AF2D77A3E06
310
BBBDD7D9DF7CDB3D0D04626F64790CFFFFFFFF04FFFFFFFF0CFFFFFFFF0C0A0000000CFFFFFFFF0CFFFFFFFF110D05706F696E740CFFFFFFFF04FFFFFFFF0CFFFFFFFF13F031797F93180A4000000000000000000000000000000000110D067665727465780CFFFFFFFF04FFFFFFFF0CFFFFFFFF0C0400000004020000000C
310
01000000110E07656C6C697073650D0563757276650CFFFFFFFF04FFFFFFFF0CFFFFFFFF1371C7BC0A00000440000000000000000000000000000000001400000000000000000000000000000000000000000000F03F14FBA9F1D24D62E83F0000000000000000000000000000008006000000000000F03F0B0B110D046564
310
67650CFFFFFFFF04FFFFFFFF0CFFFFFFFF0C020000000600000000000000000C0200000006182D4454FB2119400C050000000C030000000B0707756E6B6E6F776E110D06636F656467650CFFFFFFFF04FFFFFFFF0CFFFFFFFF0C050000000C050000000CFFFFFFFF0C040000000B0C0600000004000000000CFFFFFFFF110D
310
046C6F6F700CFFFFFFFF04FFFFFFFF0CFFFFFFFF0CFFFFFFFF0C050000000C08000000110E05706C616E650D07737572666163650CFFFFFFFF04FFFFFFFF0CFFFFFFFF1332925E50B6F30040000000000000A03C00000000000000001400000000000000800000000000000000000000000000F03F14000000000000F03F00
310
0000000000000000000000000000000B0B0B0B0B110D04666163650CFFFFFFFF04FFFFFFFF0CFFFFFFFF0CFFFFFFFF0C060000000C090000000CFFFFFFFF0C070000000B0A0B110D057368656C6C0CFFFFFFFF04FFFFFFFF0CFFFFFFFF0CFFFFFFFF0CFFFFFFFF0C080000000CFFFFFFFF0C0A000000110D046C756D700CFF
310
FFFFFF04FFFFFFFF0CFFFFFFFF0CFFFFFFFF0C090000000C00000000110E03456E640E026F660E0341534D0D0464617461
  0
ACDSRECORD
 90
        1
  2
AcDbDs::ID
280
    10
320
3DA
  2
ASM_Data
280
    15
 94
      811
310
414349532042696E61727946696C652855000000000000010000000C00000007214F70656E2044657369676E20416C6C69616E63652041434953204275696C646572070E41434953203231382E3030204E540718467269204175672030322030333A31313A3430203230323406000000000000F03F0648AFBC9AF2D77A3E06
310
BBBDD7D9DF7CDB3D0D04626F64790CFFFFFFFF04FFFFFFFF0CFFFFFFFF0C0A0000000CFFFFFFFF0CFFFFFFFF110D05706F696E740CFFFFFFFF04FFFFFFFF0CFFFFFFFF136B0A8584FFFF074000000000000000000000000000000000110D067665727465780CFFFFFFFF04FFFFFFFF0CFFFFFFFF0C0400000004020000000C
310
01000000110E07656C6C697073650D0563757276650CFFFFFFFF04FFFFFFFF0CFFFFFFFF1371C7BC0A00000440000000000000000000000000000000001400000000000000000000000000000000000000000000F03F14D31742CEFBFFDF3F0000000000000000000000000000008006000000000000F03F0B0B110D046564
310
67650CFFFFFFFF04FFFFFFFF0CFFFFFFFF0C020000000600000000000000000C0200000006182D4454FB2119400C050000000C030000000B0707756E6B6E6F776E110D06636F656467650CFFFFFFFF04FFFFFFFF0CFFFFFFFF0C050000000C050000000CFFFFFFFF0C040000000B0C0600000004000000000CFFFFFFFF110D
310
046C6F6F700CFFFFFFFF04FFFFFFFF0CFFFFFFFF0CFFFFFFFF0C050000000C08000000110E05706C616E650D07737572666163650CFFFFFFFF04FFFFFFFF0CFFFFFFFF13F4A5D84D00000240000000000000903C00000000000000001400000000000000800000000000000000000000000000F03F14000000000000F03F00
310
0000000000000000000000000000000B0B0B0B0B110D04666163650CFFFFFFFF04FFFFFFFF0CFFFFFFFF0CFFFFFFFF0C060000000C090000000CFFFFFFFF0C070000000B0A0B110D057368656C6C0CFFFFFFFF04FFFFFFFF0CFFFFFFFF0CFFFFFFFF0CFFFFFFFF0C080000000CFFFFFFFF0C0A000000110D046C756D700CFF
310
FFFFFF04FFFFFFFF0CFFFFFFFF0CFFFFFFFF0C090000000C00000000110E03456E640E026F660E0341534D0D0464617461
  0
ACDSRECORD
 90
        1
  2
AcDbDs::ID
280
    10
320
3DD
  2
ASM_Data
280
    15
 94
      811
310
414349532042696E61727946696C652855000000000000010000000C00000007214F70656E2044657369676E20416C6C69616E63652041434953204275696C646572070E41434953203231382E3030204E540718467269204175672030322030333A31313A3430203230323406000000000000F03F0648AFBC9AF2D77A3E06
310
BBBDD7D9DF7CDB3D0D04626F64790CFFFFFFFF04FFFFFFFF0CFFFFFFFF0C0A0000000CFFFFFFFF0CFFFFFFFF110D05706F696E740CFFFFFFFF04FFFFFFFF0CFFFFFFFF13FBA9F1D24D62E83F00000000000000000000000000000000110D067665727465780CFFFFFFFF04FFFFFFFF0CFFFFFFFF0C0400000004020000000C
310
01000000110E07656C6C697073650D0563757276650CFFFFFFFF04FFFFFFFF0CFFFFFFFF130000000000000000000000000000000000000000000000001400000000000000000000000000000000000000000000F03F14FBA9F1D24D62E83F0000000000000000000000000000008006000000000000F03F0B0B110D046564
310
67650CFFFFFFFF04FFFFFFFF0CFFFFFFFF0C020000000600000000000000000C0200000006182D4454FB2119400C050000000C030000000B0707756E6B6E6F776E110D06636F656467650CFFFFFFFF04FFFFFFFF0CFFFFFFFF0C050000000C050000000CFFFFFFFF0C040000000B0C0600000004000000000CFFFFFFFF110D
310
046C6F6F700CFFFFFFFF04FFFFFFFF0CFFFFFFFF0CFFFFFFFF0C050000000C08000000110E05706C616E650D07737572666163650CFFFFFFFF04FFFFFFFF0CFFFFFFFF13FCA9F1D24D62D8BF000000000000A03C00000000000000001400000000000000800000000000000000000000000000F03F14000000000000F03F00
310
0000000000000000000000000000000B0B0B0B0B110D04666163650CFFFFFFFF04FFFFFFFF0CFFFFFFFF0CFFFFFFFF0C060000000C090000000CFFFFFFFF0C070000000B0A0B110D057368656C6C0CFFFFFFFF04FFFFFFFF0CFFFFFFFF0CFFFFFFFF0CFFFFFFFF0C080000000CFFFFFFFF0C0A000000110D046C756D700CFF
310
FFFFFF04FFFFFFFF0CFFFFFFFF0CFFFFFFFF0C090000000C00000000110E03456E640E026F660E0341534D0D0464617461
  0
ACDSRECORD
 90
        1
  2
AcDbDs::ID
280
    10
320
3E0
  2
ASM_Data
280
    15
 94
      811
310
414349532042696E61727946696C652855000000000000010000000C00000007214F70656E2044657369676E20416C6C69616E63652041434953204275696C646572070E41434953203231382E3030204E540718467269204175672030322030333A31313A3430203230323406000000000000F03F0648AFBC9AF2D77A3E06
310
BBBDD7D9DF7CDB3D0D04626F64790CFFFFFFFF04FFFFFFFF0CFFFFFFFF0C0A0000000CFFFFFFFF0CFFFFFFFF110D05706F696E740CFFFFFFFF04FFFFFFFF0CFFFFFFFF13D31742CEFBFFDF3F00000000000000000000000000000000110D067665727465780CFFFFFFFF04FFFFFFFF0CFFFFFFFF0C0400000004020000000C
310
01000000110E07656C6C697073650D0563757276650CFFFFFFFF04FFFFFFFF0CFFFFFFFF130000000000000000000000000000000000000000000000001400000000000000000000000000000000000000000000F03F14D31742CEFBFFDF3F0000000000000000000000000000008006000000000000F03F0B0B110D046564
310
67650CFFFFFFFF04FFFFFFFF0CFFFFFFFF0C020000000600000000000000000C0200000006182D4454FB2119400C050000000C030000000B0707756E6B6E6F776E110D06636F656467650CFFFFFFFF04FFFFFFFF0CFFFFFFFF0C050000000C050000000CFFFFFFFF0C040000000B0C0600000004000000000CFFFFFFFF110D
310
046C6F6F700CFFFFFFFF04FFFFFFFF0CFFFFFFFF0CFFFFFFFF0C050000000C08000000110E05706C616E650D07737572666163650CFFFFFFFF04FFFFFFFF0CFFFFFFFF13D51742CEFBFFCFBF000000000000903C00000000000000001400000000000000800000000000000000000000000000F03F14000000000000F03F00
310
0000000000000000000000000000000B0B0B0B0B110D04666163650CFFFFFFFF04FFFFFFFF0CFFFFFFFF0CFFFFFFFF0C060000000C090000000CFFFFFFFF0C070000000B0A0B110D057368656C6C0CFFFFFFFF04FFFFFFFF0CFFFFFFFF0CFFFFFFFF0CFFFFFFFF0C080000000CFFFFFFFF0C0A000000110D046C756D700CFF
310
FFFFFF04FFFFFFFF0CFFFFFFFF0CFFFFFFFF0C090000000C00000000110E03456E640E026F660E0341534D0D0464617461
  0
ENDSEC
  0
EOF
